logical_day,product_group,item_id,item_name,item_type,port_id,port_name,listed_unit_price_before_tax,port_tax_rate,npc_pays_player,ordinary_quantity,is_infinite
2026-09-25,craft,28,Hemp,Resource,133,Gustavia,99,0.1,26,2.0,False
2026-09-25,craft,28,Hemp,Resource,174,Willemstad,99,0.1,26,44.0,False
2026-09-25,craft,29,Iron Ore,Resource,63,Batabanó,105,0.1,28,100.0,False
2026-09-25,craft,29,Iron Ore,Resource,269,Campeche,105,0.1,28,37.0,False
2026-09-25,craft,29,Iron Ore,Resource,333,Charleston,105,0.1,28,35.0,False
2026-09-25,craft,29,Iron Ore,Resource,48,Guibara,105,0.1,28,508.0,False
2026-09-25,craft,29,Iron Ore,Resource,88,Jérémie,105,0.1,28,101.0,False
2026-09-25,craft,29,Iron Ore,Resource,100,La Isabela,105,0.1,28,3.0,False
2026-09-25,craft,29,Iron Ore,Resource,169,Puerto de España,105,0.1,28,1.0,False
2026-09-25,craft,29,Iron Ore,Resource,328,Sunbury,105,0.1,28,445.0,False
2026-09-25,craft,39,Oak Log,Resource,95,Port-de-Paix,17,0.1,5,5.0,False
2026-09-25,craft,887,Provisions,Material,103,Bahía Escocesa,26,0.1,7,20.0,False
2026-09-25,craft,887,Provisions,Material,50,Baracoa,26,0.1,7,112.0,False
2026-09-25,craft,887,Provisions,Material,237,Brangman's Bluff,26,0.1,7,281.0,False
2026-09-25,craft,887,Provisions,Material,242,Brewers,26,0.1,7,125.0,False
2026-09-25,craft,887,Provisions,Material,269,Campeche,26,0.1,7,61.0,False
2026-09-25,craft,887,Provisions,Material,193,Caracas,26,0.1,7,5.0,False
2026-09-25,craft,887,Provisions,Material,44,Cayo Romano,26,0.1,7,29.0,False
2026-09-25,craft,887,Provisions,Material,135,Fort Baai,26,0.1,7,22.0,False
2026-09-25,craft,887,Provisions,Material,359,Frozen Cay,26,0.1,7,6.0,False
2026-09-25,craft,887,Provisions,Material,153,Grand Anse,26,0.1,7,2.0,False
2026-09-25,craft,887,Provisions,Material,367,Green Cay,26,0.1,7,5.0,False
2026-09-25,craft,887,Provisions,Material,83,Jacmel,26,0.1,7,31.0,False
2026-09-25,craft,887,Provisions,Material,357,Kidd's Harbour,26,0.1,7,117.0,False
2026-09-25,craft,887,Provisions,Material,307,Las Sabinas,26,0.1,7,377.0,False
2026-09-25,craft,887,Provisions,Material,314,Las Tortugas,26,0.1,7,10.0,False
2026-09-25,craft,887,Provisions,Material,235,Old Providence,26,0.1,7,27.0,False
2026-09-25,craft,887,Provisions,Material,352,Pedro Cay,26,0.1,7,115.0,False
2026-09-25,craft,887,Provisions,Material,65,Pinar del Río,26,0.1,7,6.0,False
2026-09-25,craft,887,Provisions,Material,91,Port-au-Prince,26,0.1,7,60.0,False
2026-09-25,craft,887,Provisions,Material,95,Port-de-Paix,26,0.1,7,128.0,False
2026-09-25,craft,887,Provisions,Material,169,Puerto de España,26,0.1,7,1.0,False
2026-09-25,craft,887,Provisions,Material,51,Puerto Escondido,26,0.1,7,77.0,False
2026-09-25,craft,887,Provisions,Material,288,San Luis,26,0.1,7,13.0,False
2026-09-25,craft,887,Provisions,Material,200,San Timoteo,26,0.1,7,9.0,False
2026-09-25,craft,887,Provisions,Material,57,Santa María,26,0.1,7,99.0,False
2026-09-25,craft,887,Provisions,Material,81,Savanna la Mar,26,0.1,7,81.0,False
2026-09-25,craft,887,Provisions,Material,148,Terre-de-Bas,26,0.1,7,143.0,False
2026-09-25,craft,887,Provisions,Material,22,Watlings,26,0.1,7,39.0,False
2026-09-25,craft,365,Rum,Resource,333,Charleston,9,0.1,3,1838.0,False
2026-09-25,craft,365,Rum,Resource,129,Christiansted,9,0.1,3,888.0,False
2026-09-25,craft,365,Rum,Resource,156,Fort-Royal,9,0.1,3,2173.0,False
2026-09-25,craft,365,Rum,Resource,133,Gustavia,9,0.1,3,1752.0,False
2026-09-25,craft,365,Rum,Resource,79,Kingston / Port Royal,9,0.1,3,839.0,False
2026-09-25,craft,365,Rum,Resource,38,La Habana,9,0.1,3,2244.0,False
2026-09-25,craft,365,Rum,Resource,27,Mortimer Town,9,0.1,3,338.0,False
2026-09-25,craft,365,Rum,Resource,366,Shroud Cay,9,0.1,3,724.0,False
2026-09-25,craft,365,Rum,Resource,174,Willemstad,9,0.1,3,2144.0,False
2026-09-25,other,65,12pd Medium Gun,Cannon,113,Aguadilla,300,0.1,1,10000.0,False
2026-09-25,other,65,12pd Medium Gun,Cannon,289,Ahumada,300,0.1,1,10000.0,False
2026-09-25,other,65,12pd Medium Gun,Cannon,365,Alabaster Rocks,300,0.1,1,10000.0,False
2026-09-25,other,65,12pd Medium Gun,Cannon,342,Alacranes,300,0.1,1,10000.0,False
2026-09-25,other,65,12pd Medium Gun,Cannon,375,All Saints,300,0.1,1,10000.0,False
2026-09-25,other,65,12pd Medium Gun,Cannon,278,Almeria,300,0.1,1,10000.0,False
2026-09-25,other,65,12pd Medium Gun,Cannon,225,Almirante,300,0.1,1,10000.0,False
2026-09-25,other,65,12pd Medium Gun,Cannon,275,Alvarado,300,0.1,1,10000.0,False
2026-09-25,other,65,12pd Medium Gun,Cannon,123,Amalienborg,300,0.1,1,10000.0,False
2026-09-25,other,65,12pd Medium Gun,Cannon,255,Ambergrease Cay,300,0.1,1,10000.0,False
2026-09-25,other,65,12pd Medium Gun,Cannon,304,Apalachicola,300,0.1,1,10000.0,False
2026-09-25,other,65,12pd Medium Gun,Cannon,285,Aransas,300,0.1,1,10000.0,False
2026-09-25,other,65,12pd Medium Gun,Cannon,337,Arcas,300,0.1,1,10000.0,False
2026-09-25,other,65,12pd Medium Gun,Cannon,114,Arecibo,300,0.1,1,10000.0,False
2026-09-25,other,65,12pd Medium Gun,Cannon,340,Arenas,300,0.1,1,10000.0,False
2026-09-25,other,65,12pd Medium Gun,Cannon,17,Arthur's Town,300,0.1,1,10000.0,False
2026-09-25,other,65,12pd Medium Gun,Cannon,260,Asunción,300,0.1,1,10000.0,False
2026-09-25,other,65,12pd Medium Gun,Cannon,294,Atchafalaya,300,0.1,1,10000.0,False
2026-09-25,other,65,12pd Medium Gun,Cannon,24,Atwoods,300,0.1,1,10000.0,False
2026-09-25,other,65,12pd Medium Gun,Cannon,150,Aves,300,0.1,1,10000.0,False
2026-09-25,other,65,12pd Medium Gun,Cannon,325,Ayamonte,300,0.1,1,10000.0,False
2026-09-25,other,65,12pd Medium Gun,Cannon,321,Ays,300,0.1,1,10000.0,False
2026-09-25,other,65,12pd Medium Gun,Cannon,110,Azua,300,0.1,1,10000.0,False
2026-09-25,other,65,12pd Medium Gun,Cannon,103,Bahía Escocesa,300,0.1,1,10000.0,False
2026-09-25,other,65,12pd Medium Gun,Cannon,36,Bahía Honda,300,0.1,1,10000.0,False
2026-09-25,other,65,12pd Medium Gun,Cannon,35,Baja,300,0.1,1,10000.0,False
2026-09-25,other,65,12pd Medium Gun,Cannon,109,Baní,300,0.1,1,10000.0,False
2026-09-25,other,65,12pd Medium Gun,Cannon,50,Baracoa,300,0.1,1,10000.0,False
2026-09-25,other,65,12pd Medium Gun,Cannon,111,Barahona,300,0.1,1,10000.0,False
2026-09-25,other,65,12pd Medium Gun,Cannon,298,Barataria,300,0.1,1,10000.0,False
2026-09-25,other,65,12pd Medium Gun,Cannon,67,Barcos,300,0.1,1,10000.0,False
2026-09-25,other,65,12pd Medium Gun,Cannon,211,Barranquilla,300,0.1,1,10000.0,False
2026-09-25,other,65,12pd Medium Gun,Cannon,146,Basse-Terre,300,0.1,1,10000.0,False
2026-09-25,other,65,12pd Medium Gun,Cannon,137,Basseterre Town,300,0.1,1,10000.0,False
2026-09-25,other,65,12pd Medium Gun,Cannon,63,Batabanó,300,0.1,1,10000.0,False
2026-09-25,other,65,12pd Medium Gun,Cannon,339,Baxo Nuevo,300,0.1,1,10000.0,False
2026-09-25,other,65,12pd Medium Gun,Cannon,332,Beaufort,300,0.1,1,10000.0,False
2026-09-25,other,65,12pd Medium Gun,Cannon,253,Belize,300,0.1,1,9906.0,False
2026-09-25,other,65,12pd Medium Gun,Cannon,257,Bensalem,300,0.1,1,10000.0,False
2026-09-25,other,65,12pd Medium Gun,Cannon,277,Bernal,300,0.1,1,10000.0,False
2026-09-25,other,65,12pd Medium Gun,Cannon,299,Biloxi,300,0.1,1,10000.0,False
2026-09-25,other,65,12pd Medium Gun,Cannon,10,Bimini,300,0.1,1,10000.0,False
2026-09-25,other,65,12pd Medium Gun,Cannon,243,Black River,300,0.1,1,10000.0,False
2026-09-25,other,65,12pd Medium Gun,Cannon,32,Blondel Cay,300,0.1,1,10000.0,False
2026-09-25,other,65,12pd Medium Gun,Cannon,230,Bluefields,300,0.1,1,10000.0,False
2026-09-25,other,65,12pd Medium Gun,Cannon,245,Bonacca,300,0.1,1,10000.0,False
2026-09-25,other,65,12pd Medium Gun,Cannon,350,Bone Cay,300,0.1,1,10000.0,False
2026-09-25,other,65,12pd Medium Gun,Cannon,237,Brangman's Bluff,300,0.1,1,10000.0,False
2026-09-25,other,65,12pd Medium Gun,Cannon,242,Brewers,300,0.1,1,10000.0,False
2026-09-25,other,65,12pd Medium Gun,Cannon,161,Bridgetown,300,0.1,1,10000.0,False
2026-09-25,other,65,12pd Medium Gun,Cannon,329,Brunswick,300,0.1,1,10000.0,False
2026-09-25,other,65,12pd Medium Gun,Cannon,215,Buena Vista,300,0.1,1,10000.0,False
2026-09-25,other,65,12pd Medium Gun,Cannon,351,Bugle Cay,300,0.1,1,10000.0,False
2026-09-25,other,65,12pd Medium Gun,Cannon,318,Cabo Cañaveral,300,0.1,1,10000.0,False
2026-09-25,other,65,12pd Medium Gun,Cannon,208,Cabo de la Vela,300,0.1,1,10000.0,False
2026-09-25,other,65,12pd Medium Gun,Cannon,120,Cabo Rojo,300,0.1,1,10000.0,False
2026-09-25,other,65,12pd Medium Gun,Cannon,291,Calcasieu,300,0.1,1,10000.0,False
2026-09-25,other,65,12pd Medium Gun,Cannon,222,Calobelo,300,0.1,1,10000.0,False
2026-09-25,other,65,12pd Medium Gun,Cannon,149,Camp du Roy,300,0.1,1,10000.0,False
2026-09-25,other,65,12pd Medium Gun,Cannon,269,Campeche,300,0.1,1,10000.0,False
2026-09-25,other,65,12pd Medium Gun,Cannon,216,Canalete,300,0.1,1,10000.0,False
2026-09-25,other,65,12pd Medium Gun,Cannon,97,Cap-Français,300,0.1,1,10000.0,False
2026-09-25,other,65,12pd Medium Gun,Cannon,193,Caracas,300,0.1,1,10000.0,False
2026-09-25,other,65,12pd Medium Gun,Cannon,40,Carahatas,300,0.1,1,10000.0,False
2026-09-25,other,65,12pd Medium Gun,Cannon,188,Cariaco,300,0.1,1,10000.0,False
2026-09-25,other,65,12pd Medium Gun,Cannon,80,Carlisle,300,0.1,1,10000.0,False
2026-09-25,other,65,12pd Medium Gun,Cannon,163,Carriacou,300,0.1,1,10000.0,False
2026-09-25,other,65,12pd Medium Gun,Cannon,212,Cartagena de Indias,300,0.1,1,10000.0,False
2026-09-25,other,65,12pd Medium Gun,Cannon,184,Carúpano,300,0.1,1,10000.0,False
2026-09-25,other,65,12pd Medium Gun,Cannon,198,Casigua,300,0.1,1,10000.0,False
2026-09-25,other,65,12pd Medium Gun,Cannon,158,Castries,300,0.1,1,10000.0,False
2026-09-25,other,65,12pd Medium Gun,Cannon,74,Cayman Brac,300,0.1,1,10000.0,False
2026-09-25,other,65,12pd Medium Gun,Cannon,323,Cayo Biscayno,300,0.1,1,10000.0,False
2026-09-25,other,65,12pd Medium Gun,Cannon,41,Cayo de Sal,300,0.1,1,10000.0,False
2026-09-25,other,65,12pd Medium Gun,Cannon,308,Cayo del Anclote,300,0.1,1,10000.0,False
2026-09-25,other,65,12pd Medium Gun,Cannon,317,Cayo Largo,300,0.1,1,10000.0,False
2026-09-25,other,65,12pd Medium Gun,Cannon,44,Cayo Romano,300,0.1,1,10000.0,False
2026-09-25,other,65,12pd Medium Gun,Cannon,315,Cayo Vacas,300,0.1,1,10000.0,False
2026-09-25,other,65,12pd Medium Gun,Cannon,178,Caño Araguabisi,300,0.1,1,10000.0,False
2026-09-25,other,65,12pd Medium Gun,Cannon,177,Caño Araguao,300,0.1,1,10000.0,False
2026-09-25,other,65,12pd Medium Gun,Cannon,167,Caño Macareo,300,0.1,1,10000.0,False
2026-09-25,other,65,12pd Medium Gun,Cannon,221,Chagres,300,0.1,1,10000.0,False
2026-09-25,other,65,12pd Medium Gun,Cannon,270,Champotón,300,0.1,1,10000.0,False
2026-09-25,other,65,12pd Medium Gun,Cannon,138,Charles Town,300,0.1,1,10000.0,False
2026-09-25,other,65,12pd Medium Gun,Cannon,333,Charleston,300,0.1,1,9690.0,False
2026-09-25,other,65,12pd Medium Gun,Cannon,258,Chinchorro,300,0.1,1,10000.0,False
2026-09-25,other,65,12pd Medium Gun,Cannon,224,Chiriquí,300,0.1,1,10000.0,False
2026-09-25,other,65,12pd Medium Gun,Cannon,129,Christiansted,300,0.1,1,9982.0,False
2026-09-25,other,65,12pd Medium Gun,Cannon,61,Cochinos,300,0.1,1,10000.0,False
2026-09-25,other,65,12pd Medium Gun,Cannon,70,Cocodrilo,300,0.1,1,10000.0,False
2026-09-25,other,65,12pd Medium Gun,Cannon,134,Codrington,300,0.1,1,10000.0,False
2026-09-25,other,65,12pd Medium Gun,Cannon,206,Cojoro,300,0.1,1,10000.0,False
2026-09-25,other,65,12pd Medium Gun,Cannon,223,Concepción,300,0.1,1,10000.0,False
2026-09-25,other,65,12pd Medium Gun,Cannon,259,Congrios,300,0.1,1,10000.0,False
2026-09-25,other,65,12pd Medium Gun,Cannon,264,Conil,300,0.1,1,10000.0,False
2026-09-25,other,65,12pd Medium Gun,Cannon,292,Constance,300,0.1,1,10000.0,False
2026-09-25,other,65,12pd Medium Gun,Cannon,344,Conttoy,300,0.1,1,10000.0,False
2026-09-25,other,65,12pd Medium Gun,Cannon,207,Coquibacoa,300,0.1,1,10000.0,False
2026-09-25,other,65,12pd Medium Gun,Cannon,124,Coral Bay,300,0.1,1,10000.0,False
2026-09-25,other,65,12pd Medium Gun,Cannon,196,Coro,300,0.1,1,10000.0,False
2026-09-25,other,65,12pd Medium Gun,Cannon,66,Corrientes,300,0.1,1,10000.0,False
2026-09-25,other,65,12pd Medium Gun,Cannon,241,Croata,300,0.1,1,10000.0,False
2026-09-25,other,65,12pd Medium Gun,Cannon,361,Crown Haven,300,0.1,1,10000.0,False
2026-09-25,other,65,12pd Medium Gun,Cannon,372,Cul-de-Sac,300,0.1,1,10008.0,False
2026-09-25,other,65,12pd Medium Gun,Cannon,189,Cumaná,300,0.1,1,10000.0,False
2026-09-25,other,65,12pd Medium Gun,Cannon,69,Daguilla,300,0.1,1,10000.0,False
2026-09-25,other,65,12pd Medium Gun,Cannon,214,Dariena,300,0.1,1,10000.0,False
2026-09-25,other,65,12pd Medium Gun,Cannon,20,Deadman's Cay,300,0.1,1,10000.0,False
2026-09-25,other,65,12pd Medium Gun,Cannon,147,Deshaies,300,0.1,1,10000.0,False
2026-09-25,other,65,12pd Medium Gun,Cannon,265,El Cuyo,300,0.1,1,10000.0,False
2026-09-25,other,65,12pd Medium Gun,Cannon,286,El Rancho,300,0.1,1,10000.0,False
2026-09-25,other,65,12pd Medium Gun,Cannon,107,El Soco,300,0.1,1,10000.0,False
2026-09-25,other,65,12pd Medium Gun,Cannon,166,El Toco,300,0.1,1,10000.0,False
2026-09-25,other,65,12pd Medium Gun,Cannon,202,Encontrados,300,0.1,1,10000.0,False
2026-09-25,other,65,12pd Medium Gun,Cannon,141,English Harbour,300,0.1,1,10000.0,False
2026-09-25,other,65,12pd Medium Gun,Cannon,274,Espíritu Santo,300,0.1,1,10000.0,False
2026-09-25,other,65,12pd Medium Gun,Cannon,284,Esteros,300,0.1,1,10000.0,False
2026-09-25,other,65,12pd Medium Gun,Cannon,116,Fajardo,300,0.1,1,10000.0,False
2026-09-25,other,65,12pd Medium Gun,Cannon,354,Flatts,300,0.1,1,10000.0,False
2026-09-25,other,65,12pd Medium Gun,Cannon,135,Fort Baai,300,0.1,1,10000.0,False
2026-09-25,other,65,12pd Medium Gun,Cannon,173,Fort Oranje,300,0.1,1,10000.0,False
2026-09-25,other,65,12pd Medium Gun,Cannon,175,Fort Zoutman,300,0.1,1,10000.0,False
2026-09-25,other,65,12pd Medium Gun,Cannon,98,Fort-Dauphin,300,0.1,1,10000.0,False
2026-09-25,other,65,12pd Medium Gun,Cannon,156,Fort-Royal,300,0.1,1,9896.0,False
2026-09-25,other,65,12pd Medium Gun,Cannon,128,Frederiksted,300,0.1,1,10000.0,False
2026-09-25,other,65,12pd Medium Gun,Cannon,359,Frozen Cay,300,0.1,1,10000.0,False
2026-09-25,other,65,12pd Medium Gun,Cannon,183,Galdonas,300,0.1,1,10000.0,False
2026-09-25,other,65,12pd Medium Gun,Cannon,311,Gasparilla,300,0.1,1,10000.0,False
2026-09-25,other,65,12pd Medium Gun,Cannon,72,George Town,300,0.1,1,10000.0,False
2026-09-25,other,65,12pd Medium Gun,Cannon,18,George's Town,300,0.1,1,10000.0,False
2026-09-25,other,65,12pd Medium Gun,Cannon,334,Georgetown,300,0.1,1,10000.0,False
2026-09-25,other,65,12pd Medium Gun,Cannon,201,Gibraltar,300,0.1,1,10000.0,False
2026-09-25,other,65,12pd Medium Gun,Cannon,16,Governor's Harbour,300,0.1,1,10000.0,False
2026-09-25,other,65,12pd Medium Gun,Cannon,240,Gracias a Dios,300,0.1,1,10000.0,False
2026-09-25,other,65,12pd Medium Gun,Cannon,153,Grand Anse,300,0.1,1,10000.0,False
2026-09-25,other,65,12pd Medium Gun,Cannon,33,Grand Turk,300,0.1,1,10000.0,False
2026-09-25,other,65,12pd Medium Gun,Cannon,231,Great Corn,300,0.1,1,10000.0,False
2026-09-25,other,65,12pd Medium Gun,Cannon,233,Great River,300,0.1,1,10000.0,False
2026-09-25,other,65,12pd Medium Gun,Cannon,367,Green Cay,300,0.1,1,10000.0,False
2026-09-25,other,65,12pd Medium Gun,Cannon,229,Grindstone,300,0.1,1,10000.0,False
2026-09-25,other,65,12pd Medium Gun,Cannon,374,Guacata,300,0.1,1,10000.0,False
2026-09-25,other,65,12pd Medium Gun,Cannon,53,Guamá Sevilla,300,0.1,1,10000.0,False
2026-09-25,other,65,12pd Medium Gun,Cannon,179,Guayaguayare,300,0.1,1,10000.0,False
2026-09-25,other,65,12pd Medium Gun,Cannon,117,Guayama,300,0.1,1,10000.0,False
2026-09-25,other,65,12pd Medium Gun,Cannon,48,Guibara,300,0.1,1,10000.0,False
2026-09-25,other,65,12pd Medium Gun,Cannon,133,Gustavia,300,0.1,1,9780.0,False
2026-09-25,other,65,12pd Medium Gun,Cannon,119,Guánica,300,0.1,1,10000.0,False
2026-09-25,other,65,12pd Medium Gun,Cannon,182,Güiria,300,0.1,1,10000.0,False
2026-09-25,other,65,12pd Medium Gun,Cannon,15,Harbour Island,300,0.1,1,10000.0,False
2026-09-25,other,65,12pd Medium Gun,Cannon,130,Hat Island,300,0.1,1,10000.0,False
2026-09-25,other,65,12pd Medium Gun,Cannon,232,Haulover,300,0.1,1,10000.0,False
2026-09-25,other,65,12pd Medium Gun,Cannon,106,Higüey,300,0.1,1,10000.0,False
2026-09-25,other,65,12pd Medium Gun,Cannon,306,Hitten Hatcha,300,0.1,1,10000.0,False
2026-09-25,other,65,12pd Medium Gun,Cannon,316,Islamorada,300,0.1,1,9928.0,False
2026-09-25,other,65,12pd Medium Gun,Cannon,370,Island Harbour,300,0.1,1,10000.0,False
2026-09-25,other,65,12pd Medium Gun,Cannon,28,Islet,300,0.1,1,10000.0,False
2026-09-25,other,65,12pd Medium Gun,Cannon,83,Jacmel,300,0.1,1,10000.0,False
2026-09-25,other,65,12pd Medium Gun,Cannon,60,Jagua,300,0.1,1,10000.0,False
2026-09-25,other,65,12pd Medium Gun,Cannon,320,Jobe,300,0.1,1,10000.0,False
2026-09-25,other,65,12pd Medium Gun,Cannon,88,Jérémie,300,0.1,1,10000.0,False
2026-09-25,other,65,12pd Medium Gun,Cannon,13,Kemp's Bay,300,0.1,1,10000.0,False
2026-09-25,other,65,12pd Medium Gun,Cannon,313,Key West,300,0.1,1,10000.0,False
2026-09-25,other,65,12pd Medium Gun,Cannon,357,Kidd's Harbour,300,0.1,1,10000.0,False
2026-09-25,other,65,12pd Medium Gun,Cannon,79,Kingston / Port Royal,300,0.1,1,9712.0,False
2026-09-25,other,65,12pd Medium Gun,Cannon,162,Kingstown,300,0.1,1,10000.0,False
2026-09-25,other,65,12pd Medium Gun,Cannon,42,La Anguila,300,0.1,1,10000.0,False
2026-09-25,other,65,12pd Medium Gun,Cannon,287,La Bahía,300,0.1,1,10000.0,False
2026-09-25,other,65,12pd Medium Gun,Cannon,341,La Bermeja,300,0.1,1,10000.0,False
2026-09-25,other,65,12pd Medium Gun,Cannon,170,La Blanquilla,300,0.1,1,10000.0,False
2026-09-25,other,65,12pd Medium Gun,Cannon,363,La Desconocida,300,0.1,1,10000.0,False
2026-09-25,other,65,12pd Medium Gun,Cannon,139,La Désirade,300,0.1,1,10000.0,False
2026-09-25,other,65,12pd Medium Gun,Cannon,45,La Guanaja,300,0.1,1,10000.0,False
2026-09-25,other,65,12pd Medium Gun,Cannon,38,La Habana,300,0.1,1,9870.0,False
2026-09-25,other,65,12pd Medium Gun,Cannon,100,La Isabela,300,0.1,1,9950.0,False
2026-09-25,other,65,12pd Medium Gun,Cannon,112,La Mona,300,0.1,1,10000.0,False
2026-09-25,other,65,12pd Medium Gun,Cannon,373,La Moussette,300,0.1,1,10000.0,False
2026-09-25,other,65,12pd Medium Gun,Cannon,85,La Navasse,300,0.1,1,10000.0,False
2026-09-25,other,65,12pd Medium Gun,Cannon,171,La Orchilla,300,0.1,1,10000.0,False
2026-09-25,other,65,12pd Medium Gun,Cannon,96,La Tortue,300,0.1,1,9948.0,False
2026-09-25,other,65,12pd Medium Gun,Cannon,187,La Tortuga,300,0.1,1,10000.0,False
2026-09-25,other,65,12pd Medium Gun,Cannon,154,La Trinité,300,0.1,1,10000.0,False
2026-09-25,other,65,12pd Medium Gun,Cannon,199,Lagunillas,300,0.1,1,10000.0,False
2026-09-25,other,65,12pd Medium Gun,Cannon,172,Las Aves,300,0.1,1,10000.0,False
2026-09-25,other,65,12pd Medium Gun,Cannon,307,Las Sabinas,300,0.1,1,10000.0,False
2026-09-25,other,65,12pd Medium Gun,Cannon,314,Las Tortugas,300,0.1,1,10000.0,False
2026-09-25,other,65,12pd Medium Gun,Cannon,143,Le Moule,300,0.1,1,10000.0,False
2026-09-25,other,65,12pd Medium Gun,Cannon,86,Les Cayes,300,0.1,1,10000.0,False
2026-09-25,other,65,12pd Medium Gun,Cannon,93,Les Gonaïves,300,0.1,1,10000.0,False
2026-09-25,other,65,12pd Medium Gun,Cannon,73,Little Cayman,300,0.1,1,10000.0,False
2026-09-25,other,65,12pd Medium Gun,Cannon,8,Little Harbour,300,0.1,1,10000.0,False
2026-09-25,other,65,12pd Medium Gun,Cannon,29,Little Inagua,300,0.1,1,10000.0,False
2026-09-25,other,65,12pd Medium Gun,Cannon,362,Little Isaac Rocks,300,0.1,1,10000.0,False
2026-09-25,other,65,12pd Medium Gun,Cannon,381,Little River,300,0.1,1,10000.0,False
2026-09-25,other,65,12pd Medium Gun,Cannon,31,Lorimers,300,0.1,1,10000.0,False
2026-09-25,other,65,12pd Medium Gun,Cannon,90,Léogane,300,0.1,1,10000.0,False
2026-09-25,other,65,12pd Medium Gun,Cannon,186,Macanao,300,0.1,1,10000.0,False
2026-09-25,other,65,12pd Medium Gun,Cannon,105,Macao,300,0.1,1,9810.0,False
2026-09-25,other,65,12pd Medium Gun,Cannon,312,Manataca,300,0.1,1,10000.0,False
2026-09-25,other,65,12pd Medium Gun,Cannon,219,Mandinga,300,0.1,1,10000.0,False
2026-09-25,other,65,12pd Medium Gun,Cannon,358,Mangrove Cay,300,0.1,1,10000.0,False
2026-09-25,other,65,12pd Medium Gun,Cannon,34,Mantua,300,0.1,1,10000.0,False
2026-09-25,other,65,12pd Medium Gun,Cannon,55,Manzanillo,300,0.1,1,10000.0,False
2026-09-25,other,65,12pd Medium Gun,Cannon,204,Maracaibo,300,0.1,1,10000.0,False
2026-09-25,other,65,12pd Medium Gun,Cannon,37,Mariel,300,0.1,1,9974.0,False
2026-09-25,other,65,12pd Medium Gun,Cannon,131,Marigot,300,0.1,1,10000.0,False
2026-09-25,other,65,12pd Medium Gun,Cannon,155,Marin,300,0.1,1,10000.0,False
2026-09-25,other,65,12pd Medium Gun,Cannon,9,Marsh Harbour,300,0.1,1,10000.0,False
2026-09-25,other,65,12pd Medium Gun,Cannon,39,Matanzas,300,0.1,1,10000.0,False
2026-09-25,other,65,12pd Medium Gun,Cannon,227,Matina,300,0.1,1,10000.0,False
2026-09-25,other,65,12pd Medium Gun,Cannon,26,Mayaguana,300,0.1,1,10000.0,False
2026-09-25,other,65,12pd Medium Gun,Cannon,11,Mimbres,300,0.1,1,10000.0,False
2026-09-25,other,65,12pd Medium Gun,Cannon,347,Misteriosa,300,0.1,1,10000.0,False
2026-09-25,other,65,12pd Medium Gun,Cannon,197,Mitara,300,0.1,1,10000.0,False
2026-09-25,other,65,12pd Medium Gun,Cannon,300,Mobile,300,0.1,1,10000.0,False
2026-09-25,other,65,12pd Medium Gun,Cannon,99,Montecristi,300,0.1,1,10000.0,False
2026-09-25,other,65,12pd Medium Gun,Cannon,75,Montego Bay,300,0.1,1,10000.0,False
2026-09-25,other,65,12pd Medium Gun,Cannon,12,Morgan's Bluff,300,0.1,1,10000.0,False
2026-09-25,other,65,12pd Medium Gun,Cannon,248,Morro Chico,300,0.1,1,10000.0,False
2026-09-25,other,65,12pd Medium Gun,Cannon,27,Mortimer Town,300,0.1,1,9870.0,False
2026-09-25,other,65,12pd Medium Gun,Cannon,238,Mosquito Cay,300,0.1,1,10000.0,False
2026-09-25,other,65,12pd Medium Gun,Cannon,345,Mugeres,300,0.1,1,10000.0,False
2026-09-25,other,65,12pd Medium Gun,Cannon,168,Naparima,300,0.1,1,10000.0,False
2026-09-25,other,65,12pd Medium Gun,Cannon,14,Nassau,300,0.1,1,10000.0,False
2026-09-25,other,65,12pd Medium Gun,Cannon,217,New Edinburgh,300,0.1,1,10000.0,False
2026-09-25,other,65,12pd Medium Gun,Cannon,324,New Smyrna,300,0.1,1,10000.0,False
2026-09-25,other,65,12pd Medium Gun,Cannon,89,Nippes,300,0.1,1,10000.0,False
2026-09-25,other,65,12pd Medium Gun,Cannon,356,North Inlet,300,0.1,1,9974.0,False
2026-09-25,other,65,12pd Medium Gun,Cannon,297,Nouvelle-Orléans,300,0.1,1,10000.0,False
2026-09-25,other,65,12pd Medium Gun,Cannon,190,Nueva Barcelona,300,0.1,1,10000.0,False
2026-09-25,other,65,12pd Medium Gun,Cannon,46,Nuevitas,300,0.1,1,10000.0,False
2026-09-25,other,65,12pd Medium Gun,Cannon,368,Ocean Bight,300,0.1,1,10000.0,False
2026-09-25,other,65,12pd Medium Gun,Cannon,235,Old Providence,300,0.1,1,10000.0,False
2026-09-25,other,65,12pd Medium Gun,Cannon,250,Omoa,300,0.1,1,10000.0,False
2026-09-25,other,65,12pd Medium Gun,Cannon,136,Oranjestad,300,0.1,1,9974.0,False
2026-09-25,other,65,12pd Medium Gun,Cannon,185,Pampatar,300,0.1,1,10000.0,False
2026-09-25,other,65,12pd Medium Gun,Cannon,30,Parrot Cay,300,0.1,1,10000.0,False
2026-09-25,other,65,12pd Medium Gun,Cannon,122,Pasaje,300,0.1,1,10000.0,False
2026-09-25,other,65,12pd Medium Gun,Cannon,180,Pedernales,300,0.1,1,10000.0,False
2026-09-25,other,65,12pd Medium Gun,Cannon,352,Pedro Cay,300,0.1,1,10000.0,False
2026-09-25,other,65,12pd Medium Gun,Cannon,301,Penzacola,300,0.1,1,10000.0,False
2026-09-25,other,65,12pd Medium Gun,Cannon,203,Perijá,300,0.1,1,10000.0,False
2026-09-25,other,65,12pd Medium Gun,Cannon,132,Philipsburg,300,0.1,1,10000.0,False
2026-09-25,other,65,12pd Medium Gun,Cannon,65,Pinar del Río,300,0.1,1,10000.0,False
2026-09-25,other,65,12pd Medium Gun,Cannon,23,Pitt's Town,300,0.1,1,10000.0,False
2026-09-25,other,65,12pd Medium Gun,Cannon,252,Placentia,300,0.1,1,10000.0,False
2026-09-25,other,65,12pd Medium Gun,Cannon,346,Placer,300,0.1,1,10000.0,False
2026-09-25,other,65,12pd Medium Gun,Cannon,218,Playón,300,0.1,1,10000.0,False
2026-09-25,other,65,12pd Medium Gun,Cannon,369,Plymouth,300,0.1,1,10000.0,False
2026-09-25,other,65,12pd Medium Gun,Cannon,145,Pointe-à-Pitre,300,0.1,1,10000.0,False
2026-09-25,other,65,12pd Medium Gun,Cannon,118,Ponce,300,0.1,1,10000.0,False
2026-09-25,other,65,12pd Medium Gun,Cannon,77,Port Antonio,300,0.1,1,10000.0,False
2026-09-25,other,65,12pd Medium Gun,Cannon,19,Port Howe,300,0.1,1,10000.0,False
2026-09-25,other,65,12pd Medium Gun,Cannon,78,Port Morant,300,0.1,1,10000.0,False
2026-09-25,other,65,12pd Medium Gun,Cannon,91,Port-au-Prince,300,0.1,1,10000.0,False
2026-09-25,other,65,12pd Medium Gun,Cannon,95,Port-de-Paix,300,0.1,1,10000.0,False
2026-09-25,other,65,12pd Medium Gun,Cannon,142,Port-Louis,300,0.1,1,10000.0,False
2026-09-25,other,65,12pd Medium Gun,Cannon,54,Portillo,300,0.1,1,10000.0,False
2026-09-25,other,65,12pd Medium Gun,Cannon,220,Portobelo,300,0.1,1,9920.0,False
2026-09-25,other,65,12pd Medium Gun,Cannon,234,Prinzapolka,300,0.1,1,10000.0,False
2026-09-25,other,65,12pd Medium Gun,Cannon,194,Puerto Cabello,300,0.1,1,10000.0,False
2026-09-25,other,65,12pd Medium Gun,Cannon,169,Puerto de España,300,0.1,1,10000.0,False
2026-09-25,other,65,12pd Medium Gun,Cannon,49,Puerto de Nipe,300,0.1,1,10000.0,False
2026-09-25,other,65,12pd Medium Gun,Cannon,47,Puerto del Padre,300,0.1,1,10026.0,False
2026-09-25,other,65,12pd Medium Gun,Cannon,51,Puerto Escondido,300,0.1,1,9996.0,False
2026-09-25,other,65,12pd Medium Gun,Cannon,101,Puerto Plata,300,0.1,1,10000.0,False
2026-09-25,other,65,12pd Medium Gun,Cannon,271,Puerto Real,300,0.1,1,10000.0,False
2026-09-25,other,65,12pd Medium Gun,Cannon,191,Píritu,300,0.1,1,10000.0,False
2026-09-25,other,65,12pd Medium Gun,Cannon,21,Ragged Cay,300,0.1,1,10000.0,False
2026-09-25,other,65,12pd Medium Gun,Cannon,43,Remedios,300,0.1,1,10000.0,False
2026-09-25,other,65,12pd Medium Gun,Cannon,102,Rincón,300,0.1,1,10000.0,False
2026-09-25,other,65,12pd Medium Gun,Cannon,5,Road Rocks,300,0.1,1,10000.0,False
2026-09-25,other,65,12pd Medium Gun,Cannon,125,Road Town,300,0.1,1,10000.0,False
2026-09-25,other,65,12pd Medium Gun,Cannon,64,Robras,300,0.1,1,10000.0,False
2026-09-25,other,65,12pd Medium Gun,Cannon,151,Rosaly,300,0.1,1,10024.0,False
2026-09-25,other,65,12pd Medium Gun,Cannon,152,Roseau,300,0.1,1,9974.0,False
2026-09-25,other,65,12pd Medium Gun,Cannon,246,Ruatan,300,0.1,1,10000.0,False
2026-09-25,other,65,12pd Medium Gun,Cannon,377,Rum Cove,300,0.1,1,10000.0,False
2026-09-25,other,65,12pd Medium Gun,Cannon,192,Río Chico,300,0.1,1,10000.0,False
2026-09-25,other,65,12pd Medium Gun,Cannon,209,Río de la Hacha,300,0.1,1,10000.0,False
2026-09-25,other,65,12pd Medium Gun,Cannon,319,Río Seco,300,0.1,1,10000.0,False
2026-09-25,other,65,12pd Medium Gun,Cannon,195,Río Tocuyo,300,0.1,1,10000.0,False
2026-09-25,other,65,12pd Medium Gun,Cannon,290,Sabina,300,0.1,1,10000.0,False
2026-09-25,other,65,12pd Medium Gun,Cannon,76,Saint Ann,300,0.1,1,10000.0,False
2026-09-25,other,65,12pd Medium Gun,Cannon,164,Saint George,300,0.1,1,9946.0,False
2026-09-25,other,65,12pd Medium Gun,Cannon,355,Saint George's Town,300,0.1,1,10000.0,False
2026-09-25,other,65,12pd Medium Gun,Cannon,140,Saint John's,300,0.1,1,10000.0,False
2026-09-25,other,65,12pd Medium Gun,Cannon,160,Saint Joseph,300,0.1,1,10000.0,False
2026-09-25,other,65,12pd Medium Gun,Cannon,330,Saint Marys,300,0.1,1,10000.0,False
2026-09-25,other,65,12pd Medium Gun,Cannon,144,Saint-François,300,0.1,1,10000.0,False
2026-09-25,other,65,12pd Medium Gun,Cannon,84,Saint-Louis,300,0.1,1,10000.0,False
2026-09-25,other,65,12pd Medium Gun,Cannon,296,Saint-Malo,300,0.1,1,10000.0,False
2026-09-25,other,65,12pd Medium Gun,Cannon,92,Saint-Marc,300,0.1,1,10000.0,False
2026-09-25,other,65,12pd Medium Gun,Cannon,94,Saint-Nicolas,300,0.1,1,10000.0,False
2026-09-25,other,65,12pd Medium Gun,Cannon,157,Saint-Pierre,300,0.1,1,10000.0,False
2026-09-25,other,65,12pd Medium Gun,Cannon,256,Salamanca,300,0.1,1,10000.0,False
2026-09-25,other,65,12pd Medium Gun,Cannon,82,Sale-Trou,300,0.1,1,10000.0,False
2026-09-25,other,65,12pd Medium Gun,Cannon,25,Salina Point,300,0.1,1,10000.0,False
2026-09-25,other,65,12pd Medium Gun,Cannon,379,Salinas,300,0.1,1,10000.0,False
2026-09-25,other,65,12pd Medium Gun,Cannon,104,Samaná,300,0.1,1,10000.0,False
2026-09-25,other,65,12pd Medium Gun,Cannon,326,San Agustín,300,0.1,1,10000.0,False
2026-09-25,other,65,12pd Medium Gun,Cannon,236,San Andrés,300,0.1,1,10000.0,False
2026-09-25,other,65,12pd Medium Gun,Cannon,283,San Fernando,300,0.1,1,10000.0,False
2026-09-25,other,65,12pd Medium Gun,Cannon,303,San José,300,0.1,1,10000.0,False
2026-09-25,other,65,12pd Medium Gun,Cannon,115,San Juan,300,0.1,1,10000.0,False
2026-09-25,other,65,12pd Medium Gun,Cannon,228,San Juan del Norte,300,0.1,1,10000.0,False
2026-09-25,other,65,12pd Medium Gun,Cannon,62,San Lazaro,300,0.1,1,10000.0,False
2026-09-25,other,65,12pd Medium Gun,Cannon,288,San Luis,300,0.1,1,10000.0,False
2026-09-25,other,65,12pd Medium Gun,Cannon,305,San Marcos,300,0.1,1,10000.0,False
2026-09-25,other,65,12pd Medium Gun,Cannon,327,San Mateo,300,0.1,1,10000.0,False
2026-09-25,other,65,12pd Medium Gun,Cannon,322,San Sebastian,300,0.1,1,10000.0,False
2026-09-25,other,65,12pd Medium Gun,Cannon,200,San Timoteo,300,0.1,1,10000.0,False
2026-09-25,other,65,12pd Medium Gun,Cannon,58,Sancti Spíritus,300,0.1,1,10000.0,False
2026-09-25,other,65,12pd Medium Gun,Cannon,239,Sandy Bay,300,0.1,1,10000.0,False
2026-09-25,other,65,12pd Medium Gun,Cannon,371,Sandy Hill,300,0.1,1,10000.0,False
2026-09-25,other,65,12pd Medium Gun,Cannon,7,Sandy Point,300,0.1,1,10000.0,False
2026-09-25,other,65,12pd Medium Gun,Cannon,272,Santa Ana,300,0.1,1,10000.0,False
2026-09-25,other,65,12pd Medium Gun,Cannon,56,Santa Cruz,300,0.1,1,10000.0,False
2026-09-25,other,65,12pd Medium Gun,Cannon,68,Santa Fe,300,0.1,1,10000.0,False
2026-09-25,other,65,12pd Medium Gun,Cannon,210,Santa Marta,300,0.1,1,10000.0,False
2026-09-25,other,65,12pd Medium Gun,Cannon,57,Santa María,300,0.1,1,10000.0,False
2026-09-25,other,65,12pd Medium Gun,Cannon,302,Santa Rosa,300,0.1,1,10000.0,False
2026-09-25,other,65,12pd Medium Gun,Cannon,348,Santanillas,300,0.1,1,10000.0,False
2026-09-25,other,65,12pd Medium Gun,Cannon,52,Santiago de Cuba,300,0.1,1,10000.0,False
2026-09-25,other,65,12pd Medium Gun,Cannon,108,Santo Domingo,300,0.1,1,10000.0,False
2026-09-25,other,65,12pd Medium Gun,Cannon,251,Santo Tomás,300,0.1,1,10000.0,False
2026-09-25,other,65,12pd Medium Gun,Cannon,176,Santo Tomé de Guayana,300,0.1,1,10000.0,False
2026-09-25,other,65,12pd Medium Gun,Cannon,310,Sarazota,300,0.1,1,10000.0,False
2026-09-25,other,65,12pd Medium Gun,Cannon,81,Savanna la Mar,300,0.1,1,10000.0,False
2026-09-25,other,65,12pd Medium Gun,Cannon,331,Savannah,300,0.1,1,9974.0,False
2026-09-25,other,65,12pd Medium Gun,Cannon,165,Scarborough,300,0.1,1,10000.0,False
2026-09-25,other,65,12pd Medium Gun,Cannon,266,Selam,300,0.1,1,10000.0,False
2026-09-25,other,65,12pd Medium Gun,Cannon,349,Serrana,300,0.1,1,10000.0,False
2026-09-25,other,65,12pd Medium Gun,Cannon,366,Shroud Cay,300,0.1,1,9988.0,False
2026-09-25,other,65,12pd Medium Gun,Cannon,71,Siguanea,300,0.1,1,10000.0,False
2026-09-25,other,65,12pd Medium Gun,Cannon,205,Sinamaica,300,0.1,1,10000.0,False
2026-09-25,other,65,12pd Medium Gun,Cannon,268,Sisal,300,0.1,1,10000.0,False
2026-09-25,other,65,12pd Medium Gun,Cannon,353,Somerset,300,0.1,1,10000.0,False
2026-09-25,other,65,12pd Medium Gun,Cannon,282,Soto La Marina,300,0.1,1,10000.0,False
2026-09-25,other,65,12pd Medium Gun,Cannon,127,Spanish Town,300,0.1,1,10000.0,False
2026-09-25,other,65,12pd Medium Gun,Cannon,328,Sunbury,300,0.1,1,10000.0,False
2026-09-25,other,65,12pd Medium Gun,Cannon,336,Swannsborough,300,0.1,1,10000.0,False
2026-09-25,other,65,12pd Medium Gun,Cannon,226,Talamanca,300,0.1,1,10000.0,False
2026-09-25,other,65,12pd Medium Gun,Cannon,281,Tamiagua,300,0.1,1,10000.0,False
2026-09-25,other,65,12pd Medium Gun,Cannon,309,Tampa,300,0.1,1,10000.0,False
2026-09-25,other,65,12pd Medium Gun,Cannon,280,Tampico,300,0.1,1,10000.0,False
2026-09-25,other,65,12pd Medium Gun,Cannon,263,Tantun Cuzamil,300,0.1,1,10000.0,False
2026-09-25,other,65,12pd Medium Gun,Cannon,148,Terre-de-Bas,300,0.1,1,10000.0,False
2026-09-25,other,65,12pd Medium Gun,Cannon,295,Terrebonne,300,0.1,1,10000.0,False
2026-09-25,other,65,12pd Medium Gun,Cannon,126,The Settlement,300,0.1,1,10000.0,False
2026-09-25,other,65,12pd Medium Gun,Cannon,87,Tiburon,300,0.1,1,10000.0,False
2026-09-25,other,65,12pd Medium Gun,Cannon,213,Tolú,300,0.1,1,10000.0,False
2026-09-25,other,65,12pd Medium Gun,Cannon,380,Tordo,300,0.1,1,10000.0,False
2026-09-25,other,65,12pd Medium Gun,Cannon,338,Triangulo,300,0.1,1,10000.0,False
2026-09-25,other,65,12pd Medium Gun,Cannon,59,Trinidad,300,0.1,1,10000.0,False
2026-09-25,other,65,12pd Medium Gun,Cannon,249,Triunfo de la Cruz,300,0.1,1,10000.0,False
2026-09-25,other,65,12pd Medium Gun,Cannon,244,Truxillo,300,0.1,1,10000.0,False
2026-09-25,other,65,12pd Medium Gun,Cannon,261,Tulum,300,0.1,1,10000.0,False
2026-09-25,other,65,12pd Medium Gun,Cannon,343,Tumbado,300,0.1,1,9956.0,False
2026-09-25,other,65,12pd Medium Gun,Cannon,254,Turneffe,300,0.1,1,10000.0,False
2026-09-25,other,65,12pd Medium Gun,Cannon,6,Turtle Cay,300,0.1,1,10000.0,False
2026-09-25,other,65,12pd Medium Gun,Cannon,279,Tuspan,300,0.1,1,10000.0,False
2026-09-25,other,65,12pd Medium Gun,Cannon,276,Vera Cruz,300,0.1,1,10000.0,False
2026-09-25,other,65,12pd Medium Gun,Cannon,293,Vermiou,300,0.1,1,10000.0,False
2026-09-25,other,65,12pd Medium Gun,Cannon,273,Victoria,300,0.1,1,10000.0,False
2026-09-25,other,65,12pd Medium Gun,Cannon,121,Vieques,300,0.1,1,10000.0,False
2026-09-25,other,65,12pd Medium Gun,Cannon,159,Vieux-Fort,300,0.1,1,10000.0,False
2026-09-25,other,65,12pd Medium Gun,Cannon,3,Walker's Cay,300,0.1,1,10000.0,False
2026-09-25,other,65,12pd Medium Gun,Cannon,376,Wantlands Ferry,300,0.1,1,10000.0,False
2026-09-25,other,65,12pd Medium Gun,Cannon,360,Water Bay,300,0.1,1,10000.0,False
2026-09-25,other,65,12pd Medium Gun,Cannon,22,Watlings,300,0.1,1,10000.0,False
2026-09-25,other,65,12pd Medium Gun,Cannon,4,West End,300,0.1,1,10000.0,False
2026-09-25,other,65,12pd Medium Gun,Cannon,174,Willemstad,300,0.1,1,9818.0,False
2026-09-25,other,65,12pd Medium Gun,Cannon,364,William's Bay,300,0.1,1,10000.0,False
2026-09-25,other,65,12pd Medium Gun,Cannon,335,Wilmington,300,0.1,1,10000.0,False
2026-09-25,other,65,12pd Medium Gun,Cannon,262,Xpu Ha,300,0.1,1,10000.0,False
2026-09-25,other,65,12pd Medium Gun,Cannon,181,Yaguaraparo,300,0.1,1,10000.0,False
2026-09-25,other,65,12pd Medium Gun,Cannon,267,Ysil,300,0.1,1,10000.0,False
2026-09-25,other,65,12pd Medium Gun,Cannon,247,Útila,300,0.1,1,10000.0,False
2026-09-25,other,2060,12pd Obusier,Cannon,368,Ocean Bight,450,0.1,123,4.0,False
2026-09-25,other,66,18pd Medium Gun,Cannon,113,Aguadilla,450,0.1,1,10000.0,False
2026-09-25,other,66,18pd Medium Gun,Cannon,289,Ahumada,450,0.1,1,10000.0,False
2026-09-25,other,66,18pd Medium Gun,Cannon,365,Alabaster Rocks,450,0.1,1,10000.0,False
2026-09-25,other,66,18pd Medium Gun,Cannon,342,Alacranes,450,0.1,1,10000.0,False
2026-09-25,other,66,18pd Medium Gun,Cannon,375,All Saints,450,0.1,1,10000.0,False
2026-09-25,other,66,18pd Medium Gun,Cannon,278,Almeria,450,0.1,1,10000.0,False
2026-09-25,other,66,18pd Medium Gun,Cannon,225,Almirante,450,0.1,1,10000.0,False
2026-09-25,other,66,18pd Medium Gun,Cannon,275,Alvarado,450,0.1,1,10000.0,False
2026-09-25,other,66,18pd Medium Gun,Cannon,123,Amalienborg,450,0.1,1,10000.0,False
2026-09-25,other,66,18pd Medium Gun,Cannon,255,Ambergrease Cay,450,0.1,1,10000.0,False
2026-09-25,other,66,18pd Medium Gun,Cannon,304,Apalachicola,450,0.1,1,10000.0,False
2026-09-25,other,66,18pd Medium Gun,Cannon,285,Aransas,450,0.1,1,10000.0,False
2026-09-25,other,66,18pd Medium Gun,Cannon,337,Arcas,450,0.1,1,10000.0,False
2026-09-25,other,66,18pd Medium Gun,Cannon,114,Arecibo,450,0.1,1,10000.0,False
2026-09-25,other,66,18pd Medium Gun,Cannon,340,Arenas,450,0.1,1,10000.0,False
2026-09-25,other,66,18pd Medium Gun,Cannon,17,Arthur's Town,450,0.1,1,10000.0,False
2026-09-25,other,66,18pd Medium Gun,Cannon,260,Asunción,450,0.1,1,10000.0,False
2026-09-25,other,66,18pd Medium Gun,Cannon,294,Atchafalaya,450,0.1,1,10000.0,False
2026-09-25,other,66,18pd Medium Gun,Cannon,24,Atwoods,450,0.1,1,10000.0,False
2026-09-25,other,66,18pd Medium Gun,Cannon,150,Aves,450,0.1,1,9952.0,False
2026-09-25,other,66,18pd Medium Gun,Cannon,325,Ayamonte,450,0.1,1,10000.0,False
2026-09-25,other,66,18pd Medium Gun,Cannon,321,Ays,450,0.1,1,9990.0,False
2026-09-25,other,66,18pd Medium Gun,Cannon,110,Azua,450,0.1,1,10000.0,False
2026-09-25,other,66,18pd Medium Gun,Cannon,103,Bahía Escocesa,450,0.1,1,10000.0,False
2026-09-25,other,66,18pd Medium Gun,Cannon,36,Bahía Honda,450,0.1,1,10000.0,False
2026-09-25,other,66,18pd Medium Gun,Cannon,35,Baja,450,0.1,1,9972.0,False
2026-09-25,other,66,18pd Medium Gun,Cannon,109,Baní,450,0.1,1,10000.0,False
2026-09-25,other,66,18pd Medium Gun,Cannon,50,Baracoa,450,0.1,1,10000.0,False
2026-09-25,other,66,18pd Medium Gun,Cannon,111,Barahona,450,0.1,1,10000.0,False
2026-09-25,other,66,18pd Medium Gun,Cannon,298,Barataria,450,0.1,1,10000.0,False
2026-09-25,other,66,18pd Medium Gun,Cannon,67,Barcos,450,0.1,1,10000.0,False
2026-09-25,other,66,18pd Medium Gun,Cannon,211,Barranquilla,450,0.1,1,10000.0,False
2026-09-25,other,66,18pd Medium Gun,Cannon,146,Basse-Terre,450,0.1,1,9974.0,False
2026-09-25,other,66,18pd Medium Gun,Cannon,137,Basseterre Town,450,0.1,1,10000.0,False
2026-09-25,other,66,18pd Medium Gun,Cannon,63,Batabanó,450,0.1,1,10000.0,False
2026-09-25,other,66,18pd Medium Gun,Cannon,339,Baxo Nuevo,450,0.1,1,10000.0,False
2026-09-25,other,66,18pd Medium Gun,Cannon,332,Beaufort,450,0.1,1,10000.0,False
2026-09-25,other,66,18pd Medium Gun,Cannon,253,Belize,450,0.1,1,9866.0,False
2026-09-25,other,66,18pd Medium Gun,Cannon,257,Bensalem,450,0.1,1,10000.0,False
2026-09-25,other,66,18pd Medium Gun,Cannon,277,Bernal,450,0.1,1,10000.0,False
2026-09-25,other,66,18pd Medium Gun,Cannon,299,Biloxi,450,0.1,1,10000.0,False
2026-09-25,other,66,18pd Medium Gun,Cannon,10,Bimini,450,0.1,1,10000.0,False
2026-09-25,other,66,18pd Medium Gun,Cannon,243,Black River,450,0.1,1,10000.0,False
2026-09-25,other,66,18pd Medium Gun,Cannon,32,Blondel Cay,450,0.1,1,10000.0,False
2026-09-25,other,66,18pd Medium Gun,Cannon,230,Bluefields,450,0.1,1,10000.0,False
2026-09-25,other,66,18pd Medium Gun,Cannon,245,Bonacca,450,0.1,1,10000.0,False
2026-09-25,other,66,18pd Medium Gun,Cannon,350,Bone Cay,450,0.1,1,9990.0,False
2026-09-25,other,66,18pd Medium Gun,Cannon,237,Brangman's Bluff,450,0.1,1,10000.0,False
2026-09-25,other,66,18pd Medium Gun,Cannon,242,Brewers,450,0.1,1,10000.0,False
2026-09-25,other,66,18pd Medium Gun,Cannon,161,Bridgetown,450,0.1,1,10000.0,False
2026-09-25,other,66,18pd Medium Gun,Cannon,329,Brunswick,450,0.1,1,10000.0,False
2026-09-25,other,66,18pd Medium Gun,Cannon,215,Buena Vista,450,0.1,1,10000.0,False
2026-09-25,other,66,18pd Medium Gun,Cannon,351,Bugle Cay,450,0.1,1,10000.0,False
2026-09-25,other,66,18pd Medium Gun,Cannon,318,Cabo Cañaveral,450,0.1,1,10000.0,False
2026-09-25,other,66,18pd Medium Gun,Cannon,208,Cabo de la Vela,450,0.1,1,10000.0,False
2026-09-25,other,66,18pd Medium Gun,Cannon,120,Cabo Rojo,450,0.1,1,10000.0,False
2026-09-25,other,66,18pd Medium Gun,Cannon,291,Calcasieu,450,0.1,1,10000.0,False
2026-09-25,other,66,18pd Medium Gun,Cannon,222,Calobelo,450,0.1,1,10000.0,False
2026-09-25,other,66,18pd Medium Gun,Cannon,149,Camp du Roy,450,0.1,1,10000.0,False
2026-09-25,other,66,18pd Medium Gun,Cannon,269,Campeche,450,0.1,1,9944.0,False
2026-09-25,other,66,18pd Medium Gun,Cannon,216,Canalete,450,0.1,1,10000.0,False
2026-09-25,other,66,18pd Medium Gun,Cannon,97,Cap-Français,450,0.1,1,10000.0,False
2026-09-25,other,66,18pd Medium Gun,Cannon,193,Caracas,450,0.1,1,9946.0,False
2026-09-25,other,66,18pd Medium Gun,Cannon,40,Carahatas,450,0.1,1,10000.0,False
2026-09-25,other,66,18pd Medium Gun,Cannon,188,Cariaco,450,0.1,1,10000.0,False
2026-09-25,other,66,18pd Medium Gun,Cannon,80,Carlisle,450,0.1,1,10000.0,False
2026-09-25,other,66,18pd Medium Gun,Cannon,163,Carriacou,450,0.1,1,9946.0,False
2026-09-25,other,66,18pd Medium Gun,Cannon,212,Cartagena de Indias,450,0.1,1,10000.0,False
2026-09-25,other,66,18pd Medium Gun,Cannon,184,Carúpano,450,0.1,1,10000.0,False
2026-09-25,other,66,18pd Medium Gun,Cannon,198,Casigua,450,0.1,1,10000.0,False
2026-09-25,other,66,18pd Medium Gun,Cannon,158,Castries,450,0.1,1,10000.0,False
2026-09-25,other,66,18pd Medium Gun,Cannon,74,Cayman Brac,450,0.1,1,10000.0,False
2026-09-25,other,66,18pd Medium Gun,Cannon,323,Cayo Biscayno,450,0.1,1,10000.0,False
2026-09-25,other,66,18pd Medium Gun,Cannon,41,Cayo de Sal,450,0.1,1,10000.0,False
2026-09-25,other,66,18pd Medium Gun,Cannon,308,Cayo del Anclote,450,0.1,1,9990.0,False
2026-09-25,other,66,18pd Medium Gun,Cannon,317,Cayo Largo,450,0.1,1,10000.0,False
2026-09-25,other,66,18pd Medium Gun,Cannon,44,Cayo Romano,450,0.1,1,9972.0,False
2026-09-25,other,66,18pd Medium Gun,Cannon,315,Cayo Vacas,450,0.1,1,10000.0,False
2026-09-25,other,66,18pd Medium Gun,Cannon,178,Caño Araguabisi,450,0.1,1,10000.0,False
2026-09-25,other,66,18pd Medium Gun,Cannon,177,Caño Araguao,450,0.1,1,10000.0,False
2026-09-25,other,66,18pd Medium Gun,Cannon,167,Caño Macareo,450,0.1,1,10000.0,False
2026-09-25,other,66,18pd Medium Gun,Cannon,221,Chagres,450,0.1,1,10000.0,False
2026-09-25,other,66,18pd Medium Gun,Cannon,270,Champotón,450,0.1,1,10000.0,False
2026-09-25,other,66,18pd Medium Gun,Cannon,138,Charles Town,450,0.1,1,10000.0,False
2026-09-25,other,66,18pd Medium Gun,Cannon,333,Charleston,450,0.1,1,9147.0,False
2026-09-25,other,66,18pd Medium Gun,Cannon,258,Chinchorro,450,0.1,1,10000.0,False
2026-09-25,other,66,18pd Medium Gun,Cannon,224,Chiriquí,450,0.1,1,10000.0,False
2026-09-25,other,66,18pd Medium Gun,Cannon,129,Christiansted,450,0.1,1,9738.0,False
2026-09-25,other,66,18pd Medium Gun,Cannon,61,Cochinos,450,0.1,1,10000.0,False
2026-09-25,other,66,18pd Medium Gun,Cannon,70,Cocodrilo,450,0.1,1,10000.0,False
2026-09-25,other,66,18pd Medium Gun,Cannon,134,Codrington,450,0.1,1,9972.0,False
2026-09-25,other,66,18pd Medium Gun,Cannon,206,Cojoro,450,0.1,1,10000.0,False
2026-09-25,other,66,18pd Medium Gun,Cannon,223,Concepción,450,0.1,1,10000.0,False
2026-09-25,other,66,18pd Medium Gun,Cannon,259,Congrios,450,0.1,1,9968.0,False
2026-09-25,other,66,18pd Medium Gun,Cannon,264,Conil,450,0.1,1,10000.0,False
2026-09-25,other,66,18pd Medium Gun,Cannon,292,Constance,450,0.1,1,10000.0,False
2026-09-25,other,66,18pd Medium Gun,Cannon,344,Conttoy,450,0.1,1,10000.0,False
2026-09-25,other,66,18pd Medium Gun,Cannon,207,Coquibacoa,450,0.1,1,10000.0,False
2026-09-25,other,66,18pd Medium Gun,Cannon,124,Coral Bay,450,0.1,1,10000.0,False
2026-09-25,other,66,18pd Medium Gun,Cannon,196,Coro,450,0.1,1,10000.0,False
2026-09-25,other,66,18pd Medium Gun,Cannon,66,Corrientes,450,0.1,1,10000.0,False
2026-09-25,other,66,18pd Medium Gun,Cannon,241,Croata,450,0.1,1,10000.0,False
2026-09-25,other,66,18pd Medium Gun,Cannon,361,Crown Haven,450,0.1,1,10000.0,False
2026-09-25,other,66,18pd Medium Gun,Cannon,372,Cul-de-Sac,450,0.1,1,9972.0,False
2026-09-25,other,66,18pd Medium Gun,Cannon,189,Cumaná,450,0.1,1,10000.0,False
2026-09-25,other,66,18pd Medium Gun,Cannon,69,Daguilla,450,0.1,1,10000.0,False
2026-09-25,other,66,18pd Medium Gun,Cannon,214,Dariena,450,0.1,1,10000.0,False
2026-09-25,other,66,18pd Medium Gun,Cannon,20,Deadman's Cay,450,0.1,1,10000.0,False
2026-09-25,other,66,18pd Medium Gun,Cannon,147,Deshaies,450,0.1,1,10000.0,False
2026-09-25,other,66,18pd Medium Gun,Cannon,265,El Cuyo,450,0.1,1,10000.0,False
2026-09-25,other,66,18pd Medium Gun,Cannon,286,El Rancho,450,0.1,1,10000.0,False
2026-09-25,other,66,18pd Medium Gun,Cannon,107,El Soco,450,0.1,1,10000.0,False
2026-09-25,other,66,18pd Medium Gun,Cannon,166,El Toco,450,0.1,1,9974.0,False
2026-09-25,other,66,18pd Medium Gun,Cannon,202,Encontrados,450,0.1,1,10000.0,False
2026-09-25,other,66,18pd Medium Gun,Cannon,141,English Harbour,450,0.1,1,10000.0,False
2026-09-25,other,66,18pd Medium Gun,Cannon,274,Espíritu Santo,450,0.1,1,10000.0,False
2026-09-25,other,66,18pd Medium Gun,Cannon,284,Esteros,450,0.1,1,10000.0,False
2026-09-25,other,66,18pd Medium Gun,Cannon,116,Fajardo,450,0.1,1,9972.0,False
2026-09-25,other,66,18pd Medium Gun,Cannon,354,Flatts,450,0.1,1,10000.0,False
2026-09-25,other,66,18pd Medium Gun,Cannon,135,Fort Baai,450,0.1,1,10028.0,False
2026-09-25,other,66,18pd Medium Gun,Cannon,173,Fort Oranje,450,0.1,1,10000.0,False
2026-09-25,other,66,18pd Medium Gun,Cannon,175,Fort Zoutman,450,0.1,1,10000.0,False
2026-09-25,other,66,18pd Medium Gun,Cannon,98,Fort-Dauphin,450,0.1,1,10000.0,False
2026-09-25,other,66,18pd Medium Gun,Cannon,156,Fort-Royal,450,0.1,1,9253.0,False
2026-09-25,other,66,18pd Medium Gun,Cannon,128,Frederiksted,450,0.1,1,10000.0,False
2026-09-25,other,66,18pd Medium Gun,Cannon,359,Frozen Cay,450,0.1,1,10000.0,False
2026-09-25,other,66,18pd Medium Gun,Cannon,183,Galdonas,450,0.1,1,10000.0,False
2026-09-25,other,66,18pd Medium Gun,Cannon,311,Gasparilla,450,0.1,1,10000.0,False
2026-09-25,other,66,18pd Medium Gun,Cannon,72,George Town,450,0.1,1,10000.0,False
2026-09-25,other,66,18pd Medium Gun,Cannon,18,George's Town,450,0.1,1,10000.0,False
2026-09-25,other,66,18pd Medium Gun,Cannon,334,Georgetown,450,0.1,1,10000.0,False
2026-09-25,other,66,18pd Medium Gun,Cannon,201,Gibraltar,450,0.1,1,10000.0,False
2026-09-25,other,66,18pd Medium Gun,Cannon,16,Governor's Harbour,450,0.1,1,10000.0,False
2026-09-25,other,66,18pd Medium Gun,Cannon,240,Gracias a Dios,450,0.1,1,10000.0,False
2026-09-25,other,66,18pd Medium Gun,Cannon,153,Grand Anse,450,0.1,1,10000.0,False
2026-09-25,other,66,18pd Medium Gun,Cannon,33,Grand Turk,450,0.1,1,10000.0,False
2026-09-25,other,66,18pd Medium Gun,Cannon,231,Great Corn,450,0.1,1,10000.0,False
2026-09-25,other,66,18pd Medium Gun,Cannon,233,Great River,450,0.1,1,10000.0,False
2026-09-25,other,66,18pd Medium Gun,Cannon,367,Green Cay,450,0.1,1,10000.0,False
2026-09-25,other,66,18pd Medium Gun,Cannon,229,Grindstone,450,0.1,1,10000.0,False
2026-09-25,other,66,18pd Medium Gun,Cannon,374,Guacata,450,0.1,1,10000.0,False
2026-09-25,other,66,18pd Medium Gun,Cannon,53,Guamá Sevilla,450,0.1,1,10000.0,False
2026-09-25,other,66,18pd Medium Gun,Cannon,179,Guayaguayare,450,0.1,1,9972.0,False
2026-09-25,other,66,18pd Medium Gun,Cannon,117,Guayama,450,0.1,1,9976.0,False
2026-09-25,other,66,18pd Medium Gun,Cannon,48,Guibara,450,0.1,1,10000.0,False
2026-09-25,other,66,18pd Medium Gun,Cannon,133,Gustavia,450,0.1,1,8108.0,False
2026-09-25,other,66,18pd Medium Gun,Cannon,119,Guánica,450,0.1,1,10000.0,False
2026-09-25,other,66,18pd Medium Gun,Cannon,182,Güiria,450,0.1,1,10000.0,False
2026-09-25,other,66,18pd Medium Gun,Cannon,15,Harbour Island,450,0.1,1,10000.0,False
2026-09-25,other,66,18pd Medium Gun,Cannon,130,Hat Island,450,0.1,1,10000.0,False
2026-09-25,other,66,18pd Medium Gun,Cannon,232,Haulover,450,0.1,1,10000.0,False
2026-09-25,other,66,18pd Medium Gun,Cannon,106,Higüey,450,0.1,1,10000.0,False
2026-09-25,other,66,18pd Medium Gun,Cannon,306,Hitten Hatcha,450,0.1,1,10000.0,False
2026-09-25,other,66,18pd Medium Gun,Cannon,316,Islamorada,450,0.1,1,9528.0,False
2026-09-25,other,66,18pd Medium Gun,Cannon,370,Island Harbour,450,0.1,1,10000.0,False
2026-09-25,other,66,18pd Medium Gun,Cannon,28,Islet,450,0.1,1,10000.0,False
2026-09-25,other,66,18pd Medium Gun,Cannon,83,Jacmel,450,0.1,1,10000.0,False
2026-09-25,other,66,18pd Medium Gun,Cannon,60,Jagua,450,0.1,1,10000.0,False
2026-09-25,other,66,18pd Medium Gun,Cannon,320,Jobe,450,0.1,1,10000.0,False
2026-09-25,other,66,18pd Medium Gun,Cannon,88,Jérémie,450,0.1,1,9946.0,False
2026-09-25,other,66,18pd Medium Gun,Cannon,13,Kemp's Bay,450,0.1,1,10000.0,False
2026-09-25,other,66,18pd Medium Gun,Cannon,313,Key West,450,0.1,1,9972.0,False
2026-09-25,other,66,18pd Medium Gun,Cannon,357,Kidd's Harbour,450,0.1,1,10000.0,False
2026-09-25,other,66,18pd Medium Gun,Cannon,79,Kingston / Port Royal,450,0.1,1,8309.0,False
2026-09-25,other,66,18pd Medium Gun,Cannon,162,Kingstown,450,0.1,1,10000.0,False
2026-09-25,other,66,18pd Medium Gun,Cannon,42,La Anguila,450,0.1,1,10000.0,False
2026-09-25,other,66,18pd Medium Gun,Cannon,287,La Bahía,450,0.1,1,10000.0,False
2026-09-25,other,66,18pd Medium Gun,Cannon,341,La Bermeja,450,0.1,1,10000.0,False
2026-09-25,other,66,18pd Medium Gun,Cannon,170,La Blanquilla,450,0.1,1,10000.0,False
2026-09-25,other,66,18pd Medium Gun,Cannon,363,La Desconocida,450,0.1,1,10000.0,False
2026-09-25,other,66,18pd Medium Gun,Cannon,139,La Désirade,450,0.1,1,9998.0,False
2026-09-25,other,66,18pd Medium Gun,Cannon,45,La Guanaja,450,0.1,1,10000.0,False
2026-09-25,other,66,18pd Medium Gun,Cannon,38,La Habana,450,0.1,1,9428.0,False
2026-09-25,other,66,18pd Medium Gun,Cannon,100,La Isabela,450,0.1,1,9824.0,False
2026-09-25,other,66,18pd Medium Gun,Cannon,112,La Mona,450,0.1,1,9868.0,False
2026-09-25,other,66,18pd Medium Gun,Cannon,373,La Moussette,450,0.1,1,10000.0,False
2026-09-25,other,66,18pd Medium Gun,Cannon,85,La Navasse,450,0.1,1,9916.0,False
2026-09-25,other,66,18pd Medium Gun,Cannon,171,La Orchilla,450,0.1,1,10000.0,False
2026-09-25,other,66,18pd Medium Gun,Cannon,96,La Tortue,450,0.1,1,9092.0,False
2026-09-25,other,66,18pd Medium Gun,Cannon,187,La Tortuga,450,0.1,1,10000.0,False
2026-09-25,other,66,18pd Medium Gun,Cannon,154,La Trinité,450,0.1,1,10000.0,False
2026-09-25,other,66,18pd Medium Gun,Cannon,199,Lagunillas,450,0.1,1,10000.0,False
2026-09-25,other,66,18pd Medium Gun,Cannon,172,Las Aves,450,0.1,1,10000.0,False
2026-09-25,other,66,18pd Medium Gun,Cannon,307,Las Sabinas,450,0.1,1,10000.0,False
2026-09-25,other,66,18pd Medium Gun,Cannon,314,Las Tortugas,450,0.1,1,9972.0,False
2026-09-25,other,66,18pd Medium Gun,Cannon,143,Le Moule,450,0.1,1,10000.0,False
2026-09-25,other,66,18pd Medium Gun,Cannon,86,Les Cayes,450,0.1,1,10000.0,False
2026-09-25,other,66,18pd Medium Gun,Cannon,93,Les Gonaïves,450,0.1,1,9920.0,False
2026-09-25,other,66,18pd Medium Gun,Cannon,73,Little Cayman,450,0.1,1,10000.0,False
2026-09-25,other,66,18pd Medium Gun,Cannon,8,Little Harbour,450,0.1,1,10000.0,False
2026-09-25,other,66,18pd Medium Gun,Cannon,29,Little Inagua,450,0.1,1,10000.0,False
2026-09-25,other,66,18pd Medium Gun,Cannon,362,Little Isaac Rocks,450,0.1,1,10000.0,False
2026-09-25,other,66,18pd Medium Gun,Cannon,381,Little River,450,0.1,1,10000.0,False
2026-09-25,other,66,18pd Medium Gun,Cannon,31,Lorimers,450,0.1,1,10000.0,False
2026-09-25,other,66,18pd Medium Gun,Cannon,90,Léogane,450,0.1,1,10000.0,False
2026-09-25,other,66,18pd Medium Gun,Cannon,186,Macanao,450,0.1,1,10000.0,False
2026-09-25,other,66,18pd Medium Gun,Cannon,105,Macao,450,0.1,1,10000.0,False
2026-09-25,other,66,18pd Medium Gun,Cannon,312,Manataca,450,0.1,1,10000.0,False
2026-09-25,other,66,18pd Medium Gun,Cannon,219,Mandinga,450,0.1,1,10000.0,False
2026-09-25,other,66,18pd Medium Gun,Cannon,358,Mangrove Cay,450,0.1,1,10000.0,False
2026-09-25,other,66,18pd Medium Gun,Cannon,34,Mantua,450,0.1,1,10000.0,False
2026-09-25,other,66,18pd Medium Gun,Cannon,55,Manzanillo,450,0.1,1,10000.0,False
2026-09-25,other,66,18pd Medium Gun,Cannon,204,Maracaibo,450,0.1,1,10000.0,False
2026-09-25,other,66,18pd Medium Gun,Cannon,37,Mariel,450,0.1,1,9972.0,False
2026-09-25,other,66,18pd Medium Gun,Cannon,131,Marigot,450,0.1,1,10000.0,False
2026-09-25,other,66,18pd Medium Gun,Cannon,155,Marin,450,0.1,1,10000.0,False
2026-09-25,other,66,18pd Medium Gun,Cannon,9,Marsh Harbour,450,0.1,1,10000.0,False
2026-09-25,other,66,18pd Medium Gun,Cannon,39,Matanzas,450,0.1,1,10000.0,False
2026-09-25,other,66,18pd Medium Gun,Cannon,227,Matina,450,0.1,1,10000.0,False
2026-09-25,other,66,18pd Medium Gun,Cannon,26,Mayaguana,450,0.1,1,10000.0,False
2026-09-25,other,66,18pd Medium Gun,Cannon,11,Mimbres,450,0.1,1,10000.0,False
2026-09-25,other,66,18pd Medium Gun,Cannon,347,Misteriosa,450,0.1,1,10000.0,False
2026-09-25,other,66,18pd Medium Gun,Cannon,197,Mitara,450,0.1,1,10000.0,False
2026-09-25,other,66,18pd Medium Gun,Cannon,300,Mobile,450,0.1,1,10000.0,False
2026-09-25,other,66,18pd Medium Gun,Cannon,99,Montecristi,450,0.1,1,10000.0,False
2026-09-25,other,66,18pd Medium Gun,Cannon,75,Montego Bay,450,0.1,1,10000.0,False
2026-09-25,other,66,18pd Medium Gun,Cannon,12,Morgan's Bluff,450,0.1,1,10000.0,False
2026-09-25,other,66,18pd Medium Gun,Cannon,248,Morro Chico,450,0.1,1,10000.0,False
2026-09-25,other,66,18pd Medium Gun,Cannon,27,Mortimer Town,450,0.1,1,9253.0,False
2026-09-25,other,66,18pd Medium Gun,Cannon,238,Mosquito Cay,450,0.1,1,10000.0,False
2026-09-25,other,66,18pd Medium Gun,Cannon,345,Mugeres,450,0.1,1,10000.0,False
2026-09-25,other,66,18pd Medium Gun,Cannon,168,Naparima,450,0.1,1,10000.0,False
2026-09-25,other,66,18pd Medium Gun,Cannon,14,Nassau,450,0.1,1,9980.0,False
2026-09-25,other,66,18pd Medium Gun,Cannon,217,New Edinburgh,450,0.1,1,10000.0,False
2026-09-25,other,66,18pd Medium Gun,Cannon,324,New Smyrna,450,0.1,1,10000.0,False
2026-09-25,other,66,18pd Medium Gun,Cannon,89,Nippes,450,0.1,1,10024.0,False
2026-09-25,other,66,18pd Medium Gun,Cannon,356,North Inlet,450,0.1,1,10000.0,False
2026-09-25,other,66,18pd Medium Gun,Cannon,297,Nouvelle-Orléans,450,0.1,1,10000.0,False
2026-09-25,other,66,18pd Medium Gun,Cannon,190,Nueva Barcelona,450,0.1,1,10000.0,False
2026-09-25,other,66,18pd Medium Gun,Cannon,46,Nuevitas,450,0.1,1,10000.0,False
2026-09-25,other,66,18pd Medium Gun,Cannon,368,Ocean Bight,450,0.1,1,10000.0,False
2026-09-25,other,66,18pd Medium Gun,Cannon,235,Old Providence,450,0.1,1,10000.0,False
2026-09-25,other,66,18pd Medium Gun,Cannon,250,Omoa,450,0.1,1,10000.0,False
2026-09-25,other,66,18pd Medium Gun,Cannon,136,Oranjestad,450,0.1,1,10000.0,False
2026-09-25,other,66,18pd Medium Gun,Cannon,185,Pampatar,450,0.1,1,10000.0,False
2026-09-25,other,66,18pd Medium Gun,Cannon,30,Parrot Cay,450,0.1,1,10000.0,False
2026-09-25,other,66,18pd Medium Gun,Cannon,122,Pasaje,450,0.1,1,10000.0,False
2026-09-25,other,66,18pd Medium Gun,Cannon,180,Pedernales,450,0.1,1,10000.0,False
2026-09-25,other,66,18pd Medium Gun,Cannon,352,Pedro Cay,450,0.1,1,10000.0,False
2026-09-25,other,66,18pd Medium Gun,Cannon,301,Penzacola,450,0.1,1,10000.0,False
2026-09-25,other,66,18pd Medium Gun,Cannon,203,Perijá,450,0.1,1,10000.0,False
2026-09-25,other,66,18pd Medium Gun,Cannon,132,Philipsburg,450,0.1,1,9974.0,False
2026-09-25,other,66,18pd Medium Gun,Cannon,65,Pinar del Río,450,0.1,1,10000.0,False
2026-09-25,other,66,18pd Medium Gun,Cannon,23,Pitt's Town,450,0.1,1,9990.0,False
2026-09-25,other,66,18pd Medium Gun,Cannon,252,Placentia,450,0.1,1,9990.0,False
2026-09-25,other,66,18pd Medium Gun,Cannon,346,Placer,450,0.1,1,10000.0,False
2026-09-25,other,66,18pd Medium Gun,Cannon,218,Playón,450,0.1,1,10000.0,False
2026-09-25,other,66,18pd Medium Gun,Cannon,369,Plymouth,450,0.1,1,10000.0,False
2026-09-25,other,66,18pd Medium Gun,Cannon,145,Pointe-à-Pitre,450,0.1,1,10000.0,False
2026-09-25,other,66,18pd Medium Gun,Cannon,118,Ponce,450,0.1,1,10000.0,False
2026-09-25,other,66,18pd Medium Gun,Cannon,77,Port Antonio,450,0.1,1,10000.0,False
2026-09-25,other,66,18pd Medium Gun,Cannon,19,Port Howe,450,0.1,1,10000.0,False
2026-09-25,other,66,18pd Medium Gun,Cannon,78,Port Morant,450,0.1,1,10000.0,False
2026-09-25,other,66,18pd Medium Gun,Cannon,91,Port-au-Prince,450,0.1,1,10000.0,False
2026-09-25,other,66,18pd Medium Gun,Cannon,95,Port-de-Paix,450,0.1,1,10000.0,False
2026-09-25,other,66,18pd Medium Gun,Cannon,142,Port-Louis,450,0.1,1,10000.0,False
2026-09-25,other,66,18pd Medium Gun,Cannon,54,Portillo,450,0.1,1,10000.0,False
2026-09-25,other,66,18pd Medium Gun,Cannon,220,Portobelo,450,0.1,1,10000.0,False
2026-09-25,other,66,18pd Medium Gun,Cannon,234,Prinzapolka,450,0.1,1,10000.0,False
2026-09-25,other,66,18pd Medium Gun,Cannon,194,Puerto Cabello,450,0.1,1,10000.0,False
2026-09-25,other,66,18pd Medium Gun,Cannon,169,Puerto de España,450,0.1,1,9946.0,False
2026-09-25,other,66,18pd Medium Gun,Cannon,49,Puerto de Nipe,450,0.1,1,10000.0,False
2026-09-25,other,66,18pd Medium Gun,Cannon,47,Puerto del Padre,450,0.1,1,10000.0,False
2026-09-25,other,66,18pd Medium Gun,Cannon,51,Puerto Escondido,450,0.1,1,10000.0,False
2026-09-25,other,66,18pd Medium Gun,Cannon,101,Puerto Plata,450,0.1,1,10000.0,False
2026-09-25,other,66,18pd Medium Gun,Cannon,271,Puerto Real,450,0.1,1,10000.0,False
2026-09-25,other,66,18pd Medium Gun,Cannon,191,Píritu,450,0.1,1,10000.0,False
2026-09-25,other,66,18pd Medium Gun,Cannon,21,Ragged Cay,450,0.1,1,10000.0,False
2026-09-25,other,66,18pd Medium Gun,Cannon,43,Remedios,450,0.1,1,10000.0,False
2026-09-25,other,66,18pd Medium Gun,Cannon,102,Rincón,450,0.1,1,10000.0,False
2026-09-25,other,66,18pd Medium Gun,Cannon,5,Road Rocks,450,0.1,1,10000.0,False
2026-09-25,other,66,18pd Medium Gun,Cannon,125,Road Town,450,0.1,1,10000.0,False
2026-09-25,other,66,18pd Medium Gun,Cannon,64,Robras,450,0.1,1,10000.0,False
2026-09-25,other,66,18pd Medium Gun,Cannon,151,Rosaly,450,0.1,1,10386.0,False
2026-09-25,other,66,18pd Medium Gun,Cannon,152,Roseau,450,0.1,1,9886.0,False
2026-09-25,other,66,18pd Medium Gun,Cannon,246,Ruatan,450,0.1,1,10000.0,False
2026-09-25,other,66,18pd Medium Gun,Cannon,377,Rum Cove,450,0.1,1,10000.0,False
2026-09-25,other,66,18pd Medium Gun,Cannon,192,Río Chico,450,0.1,1,10000.0,False
2026-09-25,other,66,18pd Medium Gun,Cannon,209,Río de la Hacha,450,0.1,1,10000.0,False
2026-09-25,other,66,18pd Medium Gun,Cannon,319,Río Seco,450,0.1,1,10000.0,False
2026-09-25,other,66,18pd Medium Gun,Cannon,195,Río Tocuyo,450,0.1,1,9990.0,False
2026-09-25,other,66,18pd Medium Gun,Cannon,290,Sabina,450,0.1,1,10000.0,False
2026-09-25,other,66,18pd Medium Gun,Cannon,76,Saint Ann,450,0.1,1,10000.0,False
2026-09-25,other,66,18pd Medium Gun,Cannon,164,Saint George,450,0.1,1,10000.0,False
2026-09-25,other,66,18pd Medium Gun,Cannon,355,Saint George's Town,450,0.1,1,10000.0,False
2026-09-25,other,66,18pd Medium Gun,Cannon,140,Saint John's,450,0.1,1,10000.0,False
2026-09-25,other,66,18pd Medium Gun,Cannon,160,Saint Joseph,450,0.1,1,10000.0,False
2026-09-25,other,66,18pd Medium Gun,Cannon,330,Saint Marys,450,0.1,1,10000.0,False
2026-09-25,other,66,18pd Medium Gun,Cannon,144,Saint-François,450,0.1,1,10000.0,False
2026-09-25,other,66,18pd Medium Gun,Cannon,84,Saint-Louis,450,0.1,1,10000.0,False
2026-09-25,other,66,18pd Medium Gun,Cannon,296,Saint-Malo,450,0.1,1,10000.0,False
2026-09-25,other,66,18pd Medium Gun,Cannon,92,Saint-Marc,450,0.1,1,10000.0,False
2026-09-25,other,66,18pd Medium Gun,Cannon,94,Saint-Nicolas,450,0.1,1,10000.0,False
2026-09-25,other,66,18pd Medium Gun,Cannon,157,Saint-Pierre,450,0.1,1,10000.0,False
2026-09-25,other,66,18pd Medium Gun,Cannon,256,Salamanca,450,0.1,1,10000.0,False
2026-09-25,other,66,18pd Medium Gun,Cannon,82,Sale-Trou,450,0.1,1,10000.0,False
2026-09-25,other,66,18pd Medium Gun,Cannon,25,Salina Point,450,0.1,1,10000.0,False
2026-09-25,other,66,18pd Medium Gun,Cannon,379,Salinas,450,0.1,1,10000.0,False
2026-09-25,other,66,18pd Medium Gun,Cannon,104,Samaná,450,0.1,1,10000.0,False
2026-09-25,other,66,18pd Medium Gun,Cannon,326,San Agustín,450,0.1,1,10000.0,False
2026-09-25,other,66,18pd Medium Gun,Cannon,236,San Andrés,450,0.1,1,10000.0,False
2026-09-25,other,66,18pd Medium Gun,Cannon,283,San Fernando,450,0.1,1,10000.0,False
2026-09-25,other,66,18pd Medium Gun,Cannon,303,San José,450,0.1,1,10000.0,False
2026-09-25,other,66,18pd Medium Gun,Cannon,115,San Juan,450,0.1,1,10000.0,False
2026-09-25,other,66,18pd Medium Gun,Cannon,228,San Juan del Norte,450,0.1,1,10000.0,False
2026-09-25,other,66,18pd Medium Gun,Cannon,62,San Lazaro,450,0.1,1,10000.0,False
2026-09-25,other,66,18pd Medium Gun,Cannon,288,San Luis,450,0.1,1,10000.0,False
2026-09-25,other,66,18pd Medium Gun,Cannon,305,San Marcos,450,0.1,1,10000.0,False
2026-09-25,other,66,18pd Medium Gun,Cannon,327,San Mateo,450,0.1,1,10000.0,False
2026-09-25,other,66,18pd Medium Gun,Cannon,322,San Sebastian,450,0.1,1,10000.0,False
2026-09-25,other,66,18pd Medium Gun,Cannon,200,San Timoteo,450,0.1,1,10000.0,False
2026-09-25,other,66,18pd Medium Gun,Cannon,58,Sancti Spíritus,450,0.1,1,10000.0,False
2026-09-25,other,66,18pd Medium Gun,Cannon,239,Sandy Bay,450,0.1,1,10000.0,False
2026-09-25,other,66,18pd Medium Gun,Cannon,371,Sandy Hill,450,0.1,1,10000.0,False
2026-09-25,other,66,18pd Medium Gun,Cannon,7,Sandy Point,450,0.1,1,10000.0,False
2026-09-25,other,66,18pd Medium Gun,Cannon,272,Santa Ana,450,0.1,1,10000.0,False
2026-09-25,other,66,18pd Medium Gun,Cannon,56,Santa Cruz,450,0.1,1,10000.0,False
2026-09-25,other,66,18pd Medium Gun,Cannon,68,Santa Fe,450,0.1,1,10000.0,False
2026-09-25,other,66,18pd Medium Gun,Cannon,210,Santa Marta,450,0.1,1,10000.0,False
2026-09-25,other,66,18pd Medium Gun,Cannon,57,Santa María,450,0.1,1,10000.0,False
2026-09-25,other,66,18pd Medium Gun,Cannon,302,Santa Rosa,450,0.1,1,10000.0,False
2026-09-25,other,66,18pd Medium Gun,Cannon,348,Santanillas,450,0.1,1,10000.0,False
2026-09-25,other,66,18pd Medium Gun,Cannon,52,Santiago de Cuba,450,0.1,1,9972.0,False
2026-09-25,other,66,18pd Medium Gun,Cannon,108,Santo Domingo,450,0.1,1,10000.0,False
2026-09-25,other,66,18pd Medium Gun,Cannon,251,Santo Tomás,450,0.1,1,10000.0,False
2026-09-25,other,66,18pd Medium Gun,Cannon,176,Santo Tomé de Guayana,450,0.1,1,10000.0,False
2026-09-25,other,66,18pd Medium Gun,Cannon,310,Sarazota,450,0.1,1,10000.0,False
2026-09-25,other,66,18pd Medium Gun,Cannon,81,Savanna la Mar,450,0.1,1,10000.0,False
2026-09-25,other,66,18pd Medium Gun,Cannon,331,Savannah,450,0.1,1,9972.0,False
2026-09-25,other,66,18pd Medium Gun,Cannon,165,Scarborough,450,0.1,1,10000.0,False
2026-09-25,other,66,18pd Medium Gun,Cannon,266,Selam,450,0.1,1,10000.0,False
2026-09-25,other,66,18pd Medium Gun,Cannon,349,Serrana,450,0.1,1,10000.0,False
2026-09-25,other,66,18pd Medium Gun,Cannon,366,Shroud Cay,450,0.1,1,9776.0,False
2026-09-25,other,66,18pd Medium Gun,Cannon,71,Siguanea,450,0.1,1,10000.0,False
2026-09-25,other,66,18pd Medium Gun,Cannon,205,Sinamaica,450,0.1,1,10000.0,False
2026-09-25,other,66,18pd Medium Gun,Cannon,268,Sisal,450,0.1,1,10000.0,False
2026-09-25,other,66,18pd Medium Gun,Cannon,353,Somerset,450,0.1,1,10000.0,False
2026-09-25,other,66,18pd Medium Gun,Cannon,282,Soto La Marina,450,0.1,1,10000.0,False
2026-09-25,other,66,18pd Medium Gun,Cannon,127,Spanish Town,450,0.1,1,10000.0,False
2026-09-25,other,66,18pd Medium Gun,Cannon,328,Sunbury,450,0.1,1,10000.0,False
2026-09-25,other,66,18pd Medium Gun,Cannon,336,Swannsborough,450,0.1,1,10000.0,False
2026-09-25,other,66,18pd Medium Gun,Cannon,226,Talamanca,450,0.1,1,10000.0,False
2026-09-25,other,66,18pd Medium Gun,Cannon,281,Tamiagua,450,0.1,1,10000.0,False
2026-09-25,other,66,18pd Medium Gun,Cannon,309,Tampa,450,0.1,1,10000.0,False
2026-09-25,other,66,18pd Medium Gun,Cannon,280,Tampico,450,0.1,1,10000.0,False
2026-09-25,other,66,18pd Medium Gun,Cannon,263,Tantun Cuzamil,450,0.1,1,10000.0,False
2026-09-25,other,66,18pd Medium Gun,Cannon,148,Terre-de-Bas,450,0.1,1,10000.0,False
2026-09-25,other,66,18pd Medium Gun,Cannon,295,Terrebonne,450,0.1,1,10000.0,False
2026-09-25,other,66,18pd Medium Gun,Cannon,126,The Settlement,450,0.1,1,10000.0,False
2026-09-25,other,66,18pd Medium Gun,Cannon,87,Tiburon,450,0.1,1,10000.0,False
2026-09-25,other,66,18pd Medium Gun,Cannon,213,Tolú,450,0.1,1,10000.0,False
2026-09-25,other,66,18pd Medium Gun,Cannon,380,Tordo,450,0.1,1,10000.0,False
2026-09-25,other,66,18pd Medium Gun,Cannon,338,Triangulo,450,0.1,1,10000.0,False
2026-09-25,other,66,18pd Medium Gun,Cannon,59,Trinidad,450,0.1,1,10000.0,False
2026-09-25,other,66,18pd Medium Gun,Cannon,249,Triunfo de la Cruz,450,0.1,1,10000.0,False
2026-09-25,other,66,18pd Medium Gun,Cannon,244,Truxillo,450,0.1,1,10000.0,False
2026-09-25,other,66,18pd Medium Gun,Cannon,261,Tulum,450,0.1,1,10000.0,False
2026-09-25,other,66,18pd Medium Gun,Cannon,343,Tumbado,450,0.1,1,9990.0,False
2026-09-25,other,66,18pd Medium Gun,Cannon,254,Turneffe,450,0.1,1,10000.0,False
2026-09-25,other,66,18pd Medium Gun,Cannon,6,Turtle Cay,450,0.1,1,10000.0,False
2026-09-25,other,66,18pd Medium Gun,Cannon,279,Tuspan,450,0.1,1,10000.0,False
2026-09-25,other,66,18pd Medium Gun,Cannon,276,Vera Cruz,450,0.1,1,10000.0,False
2026-09-25,other,66,18pd Medium Gun,Cannon,293,Vermiou,450,0.1,1,9944.0,False
2026-09-25,other,66,18pd Medium Gun,Cannon,273,Victoria,450,0.1,1,10000.0,False
2026-09-25,other,66,18pd Medium Gun,Cannon,121,Vieques,450,0.1,1,9838.0,False
2026-09-25,other,66,18pd Medium Gun,Cannon,159,Vieux-Fort,450,0.1,1,10000.0,False
2026-09-25,other,66,18pd Medium Gun,Cannon,3,Walker's Cay,450,0.1,1,10000.0,False
2026-09-25,other,66,18pd Medium Gun,Cannon,376,Wantlands Ferry,450,0.1,1,10000.0,False
2026-09-25,other,66,18pd Medium Gun,Cannon,360,Water Bay,450,0.1,1,10000.0,False
2026-09-25,other,66,18pd Medium Gun,Cannon,22,Watlings,450,0.1,1,10000.0,False
2026-09-25,other,66,18pd Medium Gun,Cannon,4,West End,450,0.1,1,10000.0,False
2026-09-25,other,66,18pd Medium Gun,Cannon,174,Willemstad,450,0.1,1,9306.0,False
2026-09-25,other,66,18pd Medium Gun,Cannon,364,William's Bay,450,0.1,1,10000.0,False
2026-09-25,other,66,18pd Medium Gun,Cannon,335,Wilmington,450,0.1,1,10000.0,False
2026-09-25,other,66,18pd Medium Gun,Cannon,262,Xpu Ha,450,0.1,1,10000.0,False
2026-09-25,other,66,18pd Medium Gun,Cannon,181,Yaguaraparo,450,0.1,1,10000.0,False
2026-09-25,other,66,18pd Medium Gun,Cannon,267,Ysil,450,0.1,1,10000.0,False
2026-09-25,other,66,18pd Medium Gun,Cannon,247,Útila,450,0.1,1,10000.0,False
2026-09-25,other,67,24pd Medium Gun,Cannon,113,Aguadilla,600,0.1,1,10000.0,False
2026-09-25,other,67,24pd Medium Gun,Cannon,289,Ahumada,600,0.1,1,10000.0,False
2026-09-25,other,67,24pd Medium Gun,Cannon,365,Alabaster Rocks,600,0.1,1,10000.0,False
2026-09-25,other,67,24pd Medium Gun,Cannon,342,Alacranes,600,0.1,1,10000.0,False
2026-09-25,other,67,24pd Medium Gun,Cannon,375,All Saints,600,0.1,1,10000.0,False
2026-09-25,other,67,24pd Medium Gun,Cannon,278,Almeria,600,0.1,1,10000.0,False
2026-09-25,other,67,24pd Medium Gun,Cannon,225,Almirante,600,0.1,1,10000.0,False
2026-09-25,other,67,24pd Medium Gun,Cannon,275,Alvarado,600,0.1,1,10000.0,False
2026-09-25,other,67,24pd Medium Gun,Cannon,123,Amalienborg,600,0.1,1,10000.0,False
2026-09-25,other,67,24pd Medium Gun,Cannon,255,Ambergrease Cay,600,0.1,1,10000.0,False
2026-09-25,other,67,24pd Medium Gun,Cannon,304,Apalachicola,600,0.1,1,10000.0,False
2026-09-25,other,67,24pd Medium Gun,Cannon,285,Aransas,600,0.1,1,10000.0,False
2026-09-25,other,67,24pd Medium Gun,Cannon,337,Arcas,600,0.1,1,10000.0,False
2026-09-25,other,67,24pd Medium Gun,Cannon,114,Arecibo,600,0.1,1,10000.0,False
2026-09-25,other,67,24pd Medium Gun,Cannon,340,Arenas,600,0.1,1,10000.0,False
2026-09-25,other,67,24pd Medium Gun,Cannon,17,Arthur's Town,600,0.1,1,10000.0,False
2026-09-25,other,67,24pd Medium Gun,Cannon,260,Asunción,600,0.1,1,10000.0,False
2026-09-25,other,67,24pd Medium Gun,Cannon,294,Atchafalaya,600,0.1,1,10000.0,False
2026-09-25,other,67,24pd Medium Gun,Cannon,24,Atwoods,600,0.1,1,10000.0,False
2026-09-25,other,67,24pd Medium Gun,Cannon,150,Aves,600,0.1,1,9956.0,False
2026-09-25,other,67,24pd Medium Gun,Cannon,325,Ayamonte,600,0.1,1,10000.0,False
2026-09-25,other,67,24pd Medium Gun,Cannon,321,Ays,600,0.1,1,10000.0,False
2026-09-25,other,67,24pd Medium Gun,Cannon,110,Azua,600,0.1,1,10000.0,False
2026-09-25,other,67,24pd Medium Gun,Cannon,103,Bahía Escocesa,600,0.1,1,10000.0,False
2026-09-25,other,67,24pd Medium Gun,Cannon,36,Bahía Honda,600,0.1,1,10000.0,False
2026-09-25,other,67,24pd Medium Gun,Cannon,35,Baja,600,0.1,1,10000.0,False
2026-09-25,other,67,24pd Medium Gun,Cannon,109,Baní,600,0.1,1,10000.0,False
2026-09-25,other,67,24pd Medium Gun,Cannon,50,Baracoa,600,0.1,1,10000.0,False
2026-09-25,other,67,24pd Medium Gun,Cannon,111,Barahona,600,0.1,1,10000.0,False
2026-09-25,other,67,24pd Medium Gun,Cannon,298,Barataria,600,0.1,1,10000.0,False
2026-09-25,other,67,24pd Medium Gun,Cannon,67,Barcos,600,0.1,1,10000.0,False
2026-09-25,other,67,24pd Medium Gun,Cannon,211,Barranquilla,600,0.1,1,10000.0,False
2026-09-25,other,67,24pd Medium Gun,Cannon,146,Basse-Terre,600,0.1,1,9974.0,False
2026-09-25,other,67,24pd Medium Gun,Cannon,137,Basseterre Town,600,0.1,1,10000.0,False
2026-09-25,other,67,24pd Medium Gun,Cannon,63,Batabanó,600,0.1,1,10000.0,False
2026-09-25,other,67,24pd Medium Gun,Cannon,339,Baxo Nuevo,600,0.1,1,10000.0,False
2026-09-25,other,67,24pd Medium Gun,Cannon,332,Beaufort,600,0.1,1,10000.0,False
2026-09-25,other,67,24pd Medium Gun,Cannon,253,Belize,600,0.1,1,9818.0,False
2026-09-25,other,67,24pd Medium Gun,Cannon,257,Bensalem,600,0.1,1,10000.0,False
2026-09-25,other,67,24pd Medium Gun,Cannon,277,Bernal,600,0.1,1,10000.0,False
2026-09-25,other,67,24pd Medium Gun,Cannon,299,Biloxi,600,0.1,1,10000.0,False
2026-09-25,other,67,24pd Medium Gun,Cannon,10,Bimini,600,0.1,1,10000.0,False
2026-09-25,other,67,24pd Medium Gun,Cannon,243,Black River,600,0.1,1,10000.0,False
2026-09-25,other,67,24pd Medium Gun,Cannon,32,Blondel Cay,600,0.1,1,10000.0,False
2026-09-25,other,67,24pd Medium Gun,Cannon,230,Bluefields,600,0.1,1,10000.0,False
2026-09-25,other,67,24pd Medium Gun,Cannon,245,Bonacca,600,0.1,1,10000.0,False
2026-09-25,other,67,24pd Medium Gun,Cannon,350,Bone Cay,600,0.1,1,10000.0,False
2026-09-25,other,67,24pd Medium Gun,Cannon,237,Brangman's Bluff,600,0.1,1,10000.0,False
2026-09-25,other,67,24pd Medium Gun,Cannon,242,Brewers,600,0.1,1,10000.0,False
2026-09-25,other,67,24pd Medium Gun,Cannon,161,Bridgetown,600,0.1,1,10000.0,False
2026-09-25,other,67,24pd Medium Gun,Cannon,329,Brunswick,600,0.1,1,10000.0,False
2026-09-25,other,67,24pd Medium Gun,Cannon,215,Buena Vista,600,0.1,1,10000.0,False
2026-09-25,other,67,24pd Medium Gun,Cannon,351,Bugle Cay,600,0.1,1,10000.0,False
2026-09-25,other,67,24pd Medium Gun,Cannon,318,Cabo Cañaveral,600,0.1,1,10000.0,False
2026-09-25,other,67,24pd Medium Gun,Cannon,208,Cabo de la Vela,600,0.1,1,10000.0,False
2026-09-25,other,67,24pd Medium Gun,Cannon,120,Cabo Rojo,600,0.1,1,10000.0,False
2026-09-25,other,67,24pd Medium Gun,Cannon,291,Calcasieu,600,0.1,1,10000.0,False
2026-09-25,other,67,24pd Medium Gun,Cannon,222,Calobelo,600,0.1,1,10000.0,False
2026-09-25,other,67,24pd Medium Gun,Cannon,149,Camp du Roy,600,0.1,1,10000.0,False
2026-09-25,other,67,24pd Medium Gun,Cannon,269,Campeche,600,0.1,1,10000.0,False
2026-09-25,other,67,24pd Medium Gun,Cannon,216,Canalete,600,0.1,1,10000.0,False
2026-09-25,other,67,24pd Medium Gun,Cannon,97,Cap-Français,600,0.1,1,9970.0,False
2026-09-25,other,67,24pd Medium Gun,Cannon,193,Caracas,600,0.1,1,9974.0,False
2026-09-25,other,67,24pd Medium Gun,Cannon,40,Carahatas,600,0.1,1,10000.0,False
2026-09-25,other,67,24pd Medium Gun,Cannon,188,Cariaco,600,0.1,1,10000.0,False
2026-09-25,other,67,24pd Medium Gun,Cannon,80,Carlisle,600,0.1,1,10000.0,False
2026-09-25,other,67,24pd Medium Gun,Cannon,163,Carriacou,600,0.1,1,9914.0,False
2026-09-25,other,67,24pd Medium Gun,Cannon,212,Cartagena de Indias,600,0.1,1,10000.0,False
2026-09-25,other,67,24pd Medium Gun,Cannon,184,Carúpano,600,0.1,1,10000.0,False
2026-09-25,other,67,24pd Medium Gun,Cannon,198,Casigua,600,0.1,1,10000.0,False
2026-09-25,other,67,24pd Medium Gun,Cannon,158,Castries,600,0.1,1,10000.0,False
2026-09-25,other,67,24pd Medium Gun,Cannon,74,Cayman Brac,600,0.1,1,10000.0,False
2026-09-25,other,67,24pd Medium Gun,Cannon,323,Cayo Biscayno,600,0.1,1,10000.0,False
2026-09-25,other,67,24pd Medium Gun,Cannon,41,Cayo de Sal,600,0.1,1,10000.0,False
2026-09-25,other,67,24pd Medium Gun,Cannon,308,Cayo del Anclote,600,0.1,1,10000.0,False
2026-09-25,other,67,24pd Medium Gun,Cannon,317,Cayo Largo,600,0.1,1,10000.0,False
2026-09-25,other,67,24pd Medium Gun,Cannon,44,Cayo Romano,600,0.1,1,10000.0,False
2026-09-25,other,67,24pd Medium Gun,Cannon,315,Cayo Vacas,600,0.1,1,10000.0,False
2026-09-25,other,67,24pd Medium Gun,Cannon,178,Caño Araguabisi,600,0.1,1,10000.0,False
2026-09-25,other,67,24pd Medium Gun,Cannon,177,Caño Araguao,600,0.1,1,10000.0,False
2026-09-25,other,67,24pd Medium Gun,Cannon,167,Caño Macareo,600,0.1,1,10000.0,False
2026-09-25,other,67,24pd Medium Gun,Cannon,221,Chagres,600,0.1,1,10000.0,False
2026-09-25,other,67,24pd Medium Gun,Cannon,270,Champotón,600,0.1,1,10000.0,False
2026-09-25,other,67,24pd Medium Gun,Cannon,138,Charles Town,600,0.1,1,10000.0,False
2026-09-25,other,67,24pd Medium Gun,Cannon,333,Charleston,600,0.1,1,9756.0,False
2026-09-25,other,67,24pd Medium Gun,Cannon,258,Chinchorro,600,0.1,1,10000.0,False
2026-09-25,other,67,24pd Medium Gun,Cannon,224,Chiriquí,600,0.1,1,10000.0,False
2026-09-25,other,67,24pd Medium Gun,Cannon,129,Christiansted,600,0.1,1,9926.0,False
2026-09-25,other,67,24pd Medium Gun,Cannon,61,Cochinos,600,0.1,1,10000.0,False
2026-09-25,other,67,24pd Medium Gun,Cannon,70,Cocodrilo,600,0.1,1,10000.0,False
2026-09-25,other,67,24pd Medium Gun,Cannon,134,Codrington,600,0.1,1,10000.0,False
2026-09-25,other,67,24pd Medium Gun,Cannon,206,Cojoro,600,0.1,1,10000.0,False
2026-09-25,other,67,24pd Medium Gun,Cannon,223,Concepción,600,0.1,1,10000.0,False
2026-09-25,other,67,24pd Medium Gun,Cannon,259,Congrios,600,0.1,1,9998.0,False
2026-09-25,other,67,24pd Medium Gun,Cannon,264,Conil,600,0.1,1,10000.0,False
2026-09-25,other,67,24pd Medium Gun,Cannon,292,Constance,600,0.1,1,10000.0,False
2026-09-25,other,67,24pd Medium Gun,Cannon,344,Conttoy,600,0.1,1,10000.0,False
2026-09-25,other,67,24pd Medium Gun,Cannon,207,Coquibacoa,600,0.1,1,10000.0,False
2026-09-25,other,67,24pd Medium Gun,Cannon,124,Coral Bay,600,0.1,1,10000.0,False
2026-09-25,other,67,24pd Medium Gun,Cannon,196,Coro,600,0.1,1,10000.0,False
2026-09-25,other,67,24pd Medium Gun,Cannon,66,Corrientes,600,0.1,1,10000.0,False
2026-09-25,other,67,24pd Medium Gun,Cannon,241,Croata,600,0.1,1,10000.0,False
2026-09-25,other,67,24pd Medium Gun,Cannon,361,Crown Haven,600,0.1,1,10000.0,False
2026-09-25,other,67,24pd Medium Gun,Cannon,372,Cul-de-Sac,600,0.1,1,9974.0,False
2026-09-25,other,67,24pd Medium Gun,Cannon,189,Cumaná,600,0.1,1,10000.0,False
2026-09-25,other,67,24pd Medium Gun,Cannon,69,Daguilla,600,0.1,1,10000.0,False
2026-09-25,other,67,24pd Medium Gun,Cannon,214,Dariena,600,0.1,1,10000.0,False
2026-09-25,other,67,24pd Medium Gun,Cannon,20,Deadman's Cay,600,0.1,1,10000.0,False
2026-09-25,other,67,24pd Medium Gun,Cannon,147,Deshaies,600,0.1,1,10000.0,False
2026-09-25,other,67,24pd Medium Gun,Cannon,265,El Cuyo,600,0.1,1,10000.0,False
2026-09-25,other,67,24pd Medium Gun,Cannon,286,El Rancho,600,0.1,1,10000.0,False
2026-09-25,other,67,24pd Medium Gun,Cannon,107,El Soco,600,0.1,1,10000.0,False
2026-09-25,other,67,24pd Medium Gun,Cannon,166,El Toco,600,0.1,1,9974.0,False
2026-09-25,other,67,24pd Medium Gun,Cannon,202,Encontrados,600,0.1,1,10000.0,False
2026-09-25,other,67,24pd Medium Gun,Cannon,141,English Harbour,600,0.1,1,10000.0,False
2026-09-25,other,67,24pd Medium Gun,Cannon,274,Espíritu Santo,600,0.1,1,10000.0,False
2026-09-25,other,67,24pd Medium Gun,Cannon,284,Esteros,600,0.1,1,10000.0,False
2026-09-25,other,67,24pd Medium Gun,Cannon,116,Fajardo,600,0.1,1,9940.0,False
2026-09-25,other,67,24pd Medium Gun,Cannon,354,Flatts,600,0.1,1,10000.0,False
2026-09-25,other,67,24pd Medium Gun,Cannon,135,Fort Baai,600,0.1,1,10000.0,False
2026-09-25,other,67,24pd Medium Gun,Cannon,173,Fort Oranje,600,0.1,1,10000.0,False
2026-09-25,other,67,24pd Medium Gun,Cannon,175,Fort Zoutman,600,0.1,1,10000.0,False
2026-09-25,other,67,24pd Medium Gun,Cannon,98,Fort-Dauphin,600,0.1,1,10000.0,False
2026-09-25,other,67,24pd Medium Gun,Cannon,156,Fort-Royal,600,0.1,1,9744.0,False
2026-09-25,other,67,24pd Medium Gun,Cannon,128,Frederiksted,600,0.1,1,10000.0,False
2026-09-25,other,67,24pd Medium Gun,Cannon,359,Frozen Cay,600,0.1,1,10000.0,False
2026-09-25,other,67,24pd Medium Gun,Cannon,183,Galdonas,600,0.1,1,10000.0,False
2026-09-25,other,67,24pd Medium Gun,Cannon,311,Gasparilla,600,0.1,1,10000.0,False
2026-09-25,other,67,24pd Medium Gun,Cannon,72,George Town,600,0.1,1,10000.0,False
2026-09-25,other,67,24pd Medium Gun,Cannon,18,George's Town,600,0.1,1,10000.0,False
2026-09-25,other,67,24pd Medium Gun,Cannon,334,Georgetown,600,0.1,1,10000.0,False
2026-09-25,other,67,24pd Medium Gun,Cannon,201,Gibraltar,600,0.1,1,10000.0,False
2026-09-25,other,67,24pd Medium Gun,Cannon,16,Governor's Harbour,600,0.1,1,10000.0,False
2026-09-25,other,67,24pd Medium Gun,Cannon,240,Gracias a Dios,600,0.1,1,10000.0,False
2026-09-25,other,67,24pd Medium Gun,Cannon,153,Grand Anse,600,0.1,1,10000.0,False
2026-09-25,other,67,24pd Medium Gun,Cannon,33,Grand Turk,600,0.1,1,10000.0,False
2026-09-25,other,67,24pd Medium Gun,Cannon,231,Great Corn,600,0.1,1,10000.0,False
2026-09-25,other,67,24pd Medium Gun,Cannon,233,Great River,600,0.1,1,10000.0,False
2026-09-25,other,67,24pd Medium Gun,Cannon,367,Green Cay,600,0.1,1,10000.0,False
2026-09-25,other,67,24pd Medium Gun,Cannon,229,Grindstone,600,0.1,1,10000.0,False
2026-09-25,other,67,24pd Medium Gun,Cannon,374,Guacata,600,0.1,1,10000.0,False
2026-09-25,other,67,24pd Medium Gun,Cannon,53,Guamá Sevilla,600,0.1,1,10000.0,False
2026-09-25,other,67,24pd Medium Gun,Cannon,179,Guayaguayare,600,0.1,1,10000.0,False
2026-09-25,other,67,24pd Medium Gun,Cannon,117,Guayama,600,0.1,1,9918.0,False
2026-09-25,other,67,24pd Medium Gun,Cannon,48,Guibara,600,0.1,1,10000.0,False
2026-09-25,other,67,24pd Medium Gun,Cannon,133,Gustavia,600,0.1,1,9274.0,False
2026-09-25,other,67,24pd Medium Gun,Cannon,119,Guánica,600,0.1,1,10000.0,False
2026-09-25,other,67,24pd Medium Gun,Cannon,182,Güiria,600,0.1,1,10000.0,False
2026-09-25,other,67,24pd Medium Gun,Cannon,15,Harbour Island,600,0.1,1,10000.0,False
2026-09-25,other,67,24pd Medium Gun,Cannon,130,Hat Island,600,0.1,1,10000.0,False
2026-09-25,other,67,24pd Medium Gun,Cannon,232,Haulover,600,0.1,1,10000.0,False
2026-09-25,other,67,24pd Medium Gun,Cannon,106,Higüey,600,0.1,1,10000.0,False
2026-09-25,other,67,24pd Medium Gun,Cannon,306,Hitten Hatcha,600,0.1,1,10000.0,False
2026-09-25,other,67,24pd Medium Gun,Cannon,316,Islamorada,600,0.1,1,9670.0,False
2026-09-25,other,67,24pd Medium Gun,Cannon,370,Island Harbour,600,0.1,1,10000.0,False
2026-09-25,other,67,24pd Medium Gun,Cannon,28,Islet,600,0.1,1,10000.0,False
2026-09-25,other,67,24pd Medium Gun,Cannon,83,Jacmel,600,0.1,1,10000.0,False
2026-09-25,other,67,24pd Medium Gun,Cannon,60,Jagua,600,0.1,1,10000.0,False
2026-09-25,other,67,24pd Medium Gun,Cannon,320,Jobe,600,0.1,1,10000.0,False
2026-09-25,other,67,24pd Medium Gun,Cannon,88,Jérémie,600,0.1,1,9972.0,False
2026-09-25,other,67,24pd Medium Gun,Cannon,13,Kemp's Bay,600,0.1,1,10000.0,False
2026-09-25,other,67,24pd Medium Gun,Cannon,313,Key West,600,0.1,1,10000.0,False
2026-09-25,other,67,24pd Medium Gun,Cannon,357,Kidd's Harbour,600,0.1,1,10000.0,False
2026-09-25,other,67,24pd Medium Gun,Cannon,79,Kingston / Port Royal,600,0.1,1,9246.0,False
2026-09-25,other,67,24pd Medium Gun,Cannon,162,Kingstown,600,0.1,1,10000.0,False
2026-09-25,other,67,24pd Medium Gun,Cannon,42,La Anguila,600,0.1,1,10000.0,False
2026-09-25,other,67,24pd Medium Gun,Cannon,287,La Bahía,600,0.1,1,10000.0,False
2026-09-25,other,67,24pd Medium Gun,Cannon,341,La Bermeja,600,0.1,1,10000.0,False
2026-09-25,other,67,24pd Medium Gun,Cannon,170,La Blanquilla,600,0.1,1,10000.0,False
2026-09-25,other,67,24pd Medium Gun,Cannon,363,La Desconocida,600,0.1,1,10000.0,False
2026-09-25,other,67,24pd Medium Gun,Cannon,139,La Désirade,600,0.1,1,9996.0,False
2026-09-25,other,67,24pd Medium Gun,Cannon,45,La Guanaja,600,0.1,1,10000.0,False
2026-09-25,other,67,24pd Medium Gun,Cannon,38,La Habana,600,0.1,1,9918.0,False
2026-09-25,other,67,24pd Medium Gun,Cannon,100,La Isabela,600,0.1,1,9746.0,False
2026-09-25,other,67,24pd Medium Gun,Cannon,112,La Mona,600,0.1,1,9914.0,False
2026-09-25,other,67,24pd Medium Gun,Cannon,373,La Moussette,600,0.1,1,10000.0,False
2026-09-25,other,67,24pd Medium Gun,Cannon,85,La Navasse,600,0.1,1,9970.0,False
2026-09-25,other,67,24pd Medium Gun,Cannon,171,La Orchilla,600,0.1,1,10000.0,False
2026-09-25,other,67,24pd Medium Gun,Cannon,96,La Tortue,600,0.1,1,9650.0,False
2026-09-25,other,67,24pd Medium Gun,Cannon,187,La Tortuga,600,0.1,1,10000.0,False
2026-09-25,other,67,24pd Medium Gun,Cannon,154,La Trinité,600,0.1,1,10000.0,False
2026-09-25,other,67,24pd Medium Gun,Cannon,199,Lagunillas,600,0.1,1,10000.0,False
2026-09-25,other,67,24pd Medium Gun,Cannon,172,Las Aves,600,0.1,1,10000.0,False
2026-09-25,other,67,24pd Medium Gun,Cannon,307,Las Sabinas,600,0.1,1,10000.0,False
2026-09-25,other,67,24pd Medium Gun,Cannon,314,Las Tortugas,600,0.1,1,10000.0,False
2026-09-25,other,67,24pd Medium Gun,Cannon,143,Le Moule,600,0.1,1,10000.0,False
2026-09-25,other,67,24pd Medium Gun,Cannon,86,Les Cayes,600,0.1,1,10000.0,False
2026-09-25,other,67,24pd Medium Gun,Cannon,93,Les Gonaïves,600,0.1,1,9970.0,False
2026-09-25,other,67,24pd Medium Gun,Cannon,73,Little Cayman,600,0.1,1,10000.0,False
2026-09-25,other,67,24pd Medium Gun,Cannon,8,Little Harbour,600,0.1,1,10000.0,False
2026-09-25,other,67,24pd Medium Gun,Cannon,29,Little Inagua,600,0.1,1,10000.0,False
2026-09-25,other,67,24pd Medium Gun,Cannon,362,Little Isaac Rocks,600,0.1,1,10000.0,False
2026-09-25,other,67,24pd Medium Gun,Cannon,381,Little River,600,0.1,1,10000.0,False
2026-09-25,other,67,24pd Medium Gun,Cannon,31,Lorimers,600,0.1,1,10000.0,False
2026-09-25,other,67,24pd Medium Gun,Cannon,90,Léogane,600,0.1,1,10000.0,False
2026-09-25,other,67,24pd Medium Gun,Cannon,186,Macanao,600,0.1,1,10000.0,False
2026-09-25,other,67,24pd Medium Gun,Cannon,105,Macao,600,0.1,1,9850.0,False
2026-09-25,other,67,24pd Medium Gun,Cannon,312,Manataca,600,0.1,1,10000.0,False
2026-09-25,other,67,24pd Medium Gun,Cannon,219,Mandinga,600,0.1,1,10000.0,False
2026-09-25,other,67,24pd Medium Gun,Cannon,358,Mangrove Cay,600,0.1,1,10000.0,False
2026-09-25,other,67,24pd Medium Gun,Cannon,34,Mantua,600,0.1,1,10000.0,False
2026-09-25,other,67,24pd Medium Gun,Cannon,55,Manzanillo,600,0.1,1,10000.0,False
2026-09-25,other,67,24pd Medium Gun,Cannon,204,Maracaibo,600,0.1,1,10000.0,False
2026-09-25,other,67,24pd Medium Gun,Cannon,37,Mariel,600,0.1,1,10000.0,False
2026-09-25,other,67,24pd Medium Gun,Cannon,131,Marigot,600,0.1,1,10000.0,False
2026-09-25,other,67,24pd Medium Gun,Cannon,155,Marin,600,0.1,1,10000.0,False
2026-09-25,other,67,24pd Medium Gun,Cannon,9,Marsh Harbour,600,0.1,1,10000.0,False
2026-09-25,other,67,24pd Medium Gun,Cannon,39,Matanzas,600,0.1,1,10000.0,False
2026-09-25,other,67,24pd Medium Gun,Cannon,227,Matina,600,0.1,1,10000.0,False
2026-09-25,other,67,24pd Medium Gun,Cannon,26,Mayaguana,600,0.1,1,10000.0,False
2026-09-25,other,67,24pd Medium Gun,Cannon,11,Mimbres,600,0.1,1,10000.0,False
2026-09-25,other,67,24pd Medium Gun,Cannon,347,Misteriosa,600,0.1,1,10000.0,False
2026-09-25,other,67,24pd Medium Gun,Cannon,197,Mitara,600,0.1,1,10000.0,False
2026-09-25,other,67,24pd Medium Gun,Cannon,300,Mobile,600,0.1,1,10000.0,False
2026-09-25,other,67,24pd Medium Gun,Cannon,99,Montecristi,600,0.1,1,9940.0,False
2026-09-25,other,67,24pd Medium Gun,Cannon,75,Montego Bay,600,0.1,1,10000.0,False
2026-09-25,other,67,24pd Medium Gun,Cannon,12,Morgan's Bluff,600,0.1,1,10000.0,False
2026-09-25,other,67,24pd Medium Gun,Cannon,248,Morro Chico,600,0.1,1,10000.0,False
2026-09-25,other,67,24pd Medium Gun,Cannon,27,Mortimer Town,600,0.1,1,9866.0,False
2026-09-25,other,67,24pd Medium Gun,Cannon,238,Mosquito Cay,600,0.1,1,10000.0,False
2026-09-25,other,67,24pd Medium Gun,Cannon,345,Mugeres,600,0.1,1,10000.0,False
2026-09-25,other,67,24pd Medium Gun,Cannon,168,Naparima,600,0.1,1,10000.0,False
2026-09-25,other,67,24pd Medium Gun,Cannon,14,Nassau,600,0.1,1,10000.0,False
2026-09-25,other,67,24pd Medium Gun,Cannon,217,New Edinburgh,600,0.1,1,10000.0,False
2026-09-25,other,67,24pd Medium Gun,Cannon,324,New Smyrna,600,0.1,1,10000.0,False
2026-09-25,other,67,24pd Medium Gun,Cannon,89,Nippes,600,0.1,1,9998.0,False
2026-09-25,other,67,24pd Medium Gun,Cannon,356,North Inlet,600,0.1,1,10000.0,False
2026-09-25,other,67,24pd Medium Gun,Cannon,297,Nouvelle-Orléans,600,0.1,1,10000.0,False
2026-09-25,other,67,24pd Medium Gun,Cannon,190,Nueva Barcelona,600,0.1,1,10000.0,False
2026-09-25,other,67,24pd Medium Gun,Cannon,46,Nuevitas,600,0.1,1,10000.0,False
2026-09-25,other,67,24pd Medium Gun,Cannon,368,Ocean Bight,600,0.1,1,10000.0,False
2026-09-25,other,67,24pd Medium Gun,Cannon,235,Old Providence,600,0.1,1,10000.0,False
2026-09-25,other,67,24pd Medium Gun,Cannon,250,Omoa,600,0.1,1,10000.0,False
2026-09-25,other,67,24pd Medium Gun,Cannon,136,Oranjestad,600,0.1,1,10000.0,False
2026-09-25,other,67,24pd Medium Gun,Cannon,185,Pampatar,600,0.1,1,10000.0,False
2026-09-25,other,67,24pd Medium Gun,Cannon,30,Parrot Cay,600,0.1,1,10000.0,False
2026-09-25,other,67,24pd Medium Gun,Cannon,122,Pasaje,600,0.1,1,10000.0,False
2026-09-25,other,67,24pd Medium Gun,Cannon,180,Pedernales,600,0.1,1,9970.0,False
2026-09-25,other,67,24pd Medium Gun,Cannon,352,Pedro Cay,600,0.1,1,10000.0,False
2026-09-25,other,67,24pd Medium Gun,Cannon,301,Penzacola,600,0.1,1,10000.0,False
2026-09-25,other,67,24pd Medium Gun,Cannon,203,Perijá,600,0.1,1,10000.0,False
2026-09-25,other,67,24pd Medium Gun,Cannon,132,Philipsburg,600,0.1,1,9974.0,False
2026-09-25,other,67,24pd Medium Gun,Cannon,65,Pinar del Río,600,0.1,1,10000.0,False
2026-09-25,other,67,24pd Medium Gun,Cannon,23,Pitt's Town,600,0.1,1,9974.0,False
2026-09-25,other,67,24pd Medium Gun,Cannon,252,Placentia,600,0.1,1,10000.0,False
2026-09-25,other,67,24pd Medium Gun,Cannon,346,Placer,600,0.1,1,10000.0,False
2026-09-25,other,67,24pd Medium Gun,Cannon,218,Playón,600,0.1,1,10000.0,False
2026-09-25,other,67,24pd Medium Gun,Cannon,369,Plymouth,600,0.1,1,10000.0,False
2026-09-25,other,67,24pd Medium Gun,Cannon,145,Pointe-à-Pitre,600,0.1,1,10000.0,False
2026-09-25,other,67,24pd Medium Gun,Cannon,118,Ponce,600,0.1,1,10000.0,False
2026-09-25,other,67,24pd Medium Gun,Cannon,77,Port Antonio,600,0.1,1,10000.0,False
2026-09-25,other,67,24pd Medium Gun,Cannon,19,Port Howe,600,0.1,1,10000.0,False
2026-09-25,other,67,24pd Medium Gun,Cannon,78,Port Morant,600,0.1,1,10000.0,False
2026-09-25,other,67,24pd Medium Gun,Cannon,91,Port-au-Prince,600,0.1,1,10000.0,False
2026-09-25,other,67,24pd Medium Gun,Cannon,95,Port-de-Paix,600,0.1,1,10000.0,False
2026-09-25,other,67,24pd Medium Gun,Cannon,142,Port-Louis,600,0.1,1,10000.0,False
2026-09-25,other,67,24pd Medium Gun,Cannon,54,Portillo,600,0.1,1,10000.0,False
2026-09-25,other,67,24pd Medium Gun,Cannon,220,Portobelo,600,0.1,1,9940.0,False
2026-09-25,other,67,24pd Medium Gun,Cannon,234,Prinzapolka,600,0.1,1,10000.0,False
2026-09-25,other,67,24pd Medium Gun,Cannon,194,Puerto Cabello,600,0.1,1,10000.0,False
2026-09-25,other,67,24pd Medium Gun,Cannon,169,Puerto de España,600,0.1,1,9944.0,False
2026-09-25,other,67,24pd Medium Gun,Cannon,49,Puerto de Nipe,600,0.1,1,10000.0,False
2026-09-25,other,67,24pd Medium Gun,Cannon,47,Puerto del Padre,600,0.1,1,10000.0,False
2026-09-25,other,67,24pd Medium Gun,Cannon,51,Puerto Escondido,600,0.1,1,9996.0,False
2026-09-25,other,67,24pd Medium Gun,Cannon,101,Puerto Plata,600,0.1,1,10000.0,False
2026-09-25,other,67,24pd Medium Gun,Cannon,271,Puerto Real,600,0.1,1,10000.0,False
2026-09-25,other,67,24pd Medium Gun,Cannon,191,Píritu,600,0.1,1,10000.0,False
2026-09-25,other,67,24pd Medium Gun,Cannon,21,Ragged Cay,600,0.1,1,10000.0,False
2026-09-25,other,67,24pd Medium Gun,Cannon,43,Remedios,600,0.1,1,10000.0,False
2026-09-25,other,67,24pd Medium Gun,Cannon,102,Rincón,600,0.1,1,10000.0,False
2026-09-25,other,67,24pd Medium Gun,Cannon,5,Road Rocks,600,0.1,1,10000.0,False
2026-09-25,other,67,24pd Medium Gun,Cannon,125,Road Town,600,0.1,1,10000.0,False
2026-09-25,other,67,24pd Medium Gun,Cannon,64,Robras,600,0.1,1,10000.0,False
2026-09-25,other,67,24pd Medium Gun,Cannon,151,Rosaly,600,0.1,1,10104.0,False
2026-09-25,other,67,24pd Medium Gun,Cannon,152,Roseau,600,0.1,1,9952.0,False
2026-09-25,other,67,24pd Medium Gun,Cannon,246,Ruatan,600,0.1,1,10000.0,False
2026-09-25,other,67,24pd Medium Gun,Cannon,377,Rum Cove,600,0.1,1,10000.0,False
2026-09-25,other,67,24pd Medium Gun,Cannon,192,Río Chico,600,0.1,1,10000.0,False
2026-09-25,other,67,24pd Medium Gun,Cannon,209,Río de la Hacha,600,0.1,1,10000.0,False
2026-09-25,other,67,24pd Medium Gun,Cannon,319,Río Seco,600,0.1,1,10000.0,False
2026-09-25,other,67,24pd Medium Gun,Cannon,195,Río Tocuyo,600,0.1,1,10000.0,False
2026-09-25,other,67,24pd Medium Gun,Cannon,290,Sabina,600,0.1,1,10000.0,False
2026-09-25,other,67,24pd Medium Gun,Cannon,76,Saint Ann,600,0.1,1,10000.0,False
2026-09-25,other,67,24pd Medium Gun,Cannon,164,Saint George,600,0.1,1,9970.0,False
2026-09-25,other,67,24pd Medium Gun,Cannon,355,Saint George's Town,600,0.1,1,10000.0,False
2026-09-25,other,67,24pd Medium Gun,Cannon,140,Saint John's,600,0.1,1,10000.0,False
2026-09-25,other,67,24pd Medium Gun,Cannon,160,Saint Joseph,600,0.1,1,10000.0,False
2026-09-25,other,67,24pd Medium Gun,Cannon,330,Saint Marys,600,0.1,1,10000.0,False
2026-09-25,other,67,24pd Medium Gun,Cannon,144,Saint-François,600,0.1,1,10000.0,False
2026-09-25,other,67,24pd Medium Gun,Cannon,84,Saint-Louis,600,0.1,1,10000.0,False
2026-09-25,other,67,24pd Medium Gun,Cannon,296,Saint-Malo,600,0.1,1,10000.0,False
2026-09-25,other,67,24pd Medium Gun,Cannon,92,Saint-Marc,600,0.1,1,10000.0,False
2026-09-25,other,67,24pd Medium Gun,Cannon,94,Saint-Nicolas,600,0.1,1,10000.0,False
2026-09-25,other,67,24pd Medium Gun,Cannon,157,Saint-Pierre,600,0.1,1,10000.0,False
2026-09-25,other,67,24pd Medium Gun,Cannon,256,Salamanca,600,0.1,1,10000.0,False
2026-09-25,other,67,24pd Medium Gun,Cannon,82,Sale-Trou,600,0.1,1,10000.0,False
2026-09-25,other,67,24pd Medium Gun,Cannon,25,Salina Point,600,0.1,1,10000.0,False
2026-09-25,other,67,24pd Medium Gun,Cannon,379,Salinas,600,0.1,1,10000.0,False
2026-09-25,other,67,24pd Medium Gun,Cannon,104,Samaná,600,0.1,1,10000.0,False
2026-09-25,other,67,24pd Medium Gun,Cannon,326,San Agustín,600,0.1,1,10000.0,False
2026-09-25,other,67,24pd Medium Gun,Cannon,236,San Andrés,600,0.1,1,10000.0,False
2026-09-25,other,67,24pd Medium Gun,Cannon,283,San Fernando,600,0.1,1,10000.0,False
2026-09-25,other,67,24pd Medium Gun,Cannon,303,San José,600,0.1,1,10000.0,False
2026-09-25,other,67,24pd Medium Gun,Cannon,115,San Juan,600,0.1,1,10000.0,False
2026-09-25,other,67,24pd Medium Gun,Cannon,228,San Juan del Norte,600,0.1,1,10000.0,False
2026-09-25,other,67,24pd Medium Gun,Cannon,62,San Lazaro,600,0.1,1,10000.0,False
2026-09-25,other,67,24pd Medium Gun,Cannon,288,San Luis,600,0.1,1,10000.0,False
2026-09-25,other,67,24pd Medium Gun,Cannon,305,San Marcos,600,0.1,1,10000.0,False
2026-09-25,other,67,24pd Medium Gun,Cannon,327,San Mateo,600,0.1,1,10000.0,False
2026-09-25,other,67,24pd Medium Gun,Cannon,322,San Sebastian,600,0.1,1,10000.0,False
2026-09-25,other,67,24pd Medium Gun,Cannon,200,San Timoteo,600,0.1,1,10000.0,False
2026-09-25,other,67,24pd Medium Gun,Cannon,58,Sancti Spíritus,600,0.1,1,10000.0,False
2026-09-25,other,67,24pd Medium Gun,Cannon,239,Sandy Bay,600,0.1,1,10000.0,False
2026-09-25,other,67,24pd Medium Gun,Cannon,371,Sandy Hill,600,0.1,1,10000.0,False
2026-09-25,other,67,24pd Medium Gun,Cannon,7,Sandy Point,600,0.1,1,10000.0,False
2026-09-25,other,67,24pd Medium Gun,Cannon,272,Santa Ana,600,0.1,1,10000.0,False
2026-09-25,other,67,24pd Medium Gun,Cannon,56,Santa Cruz,600,0.1,1,10000.0,False
2026-09-25,other,67,24pd Medium Gun,Cannon,68,Santa Fe,600,0.1,1,10000.0,False
2026-09-25,other,67,24pd Medium Gun,Cannon,210,Santa Marta,600,0.1,1,10000.0,False
2026-09-25,other,67,24pd Medium Gun,Cannon,57,Santa María,600,0.1,1,10000.0,False
2026-09-25,other,67,24pd Medium Gun,Cannon,302,Santa Rosa,600,0.1,1,10000.0,False
2026-09-25,other,67,24pd Medium Gun,Cannon,348,Santanillas,600,0.1,1,10000.0,False
2026-09-25,other,67,24pd Medium Gun,Cannon,52,Santiago de Cuba,600,0.1,1,10000.0,False
2026-09-25,other,67,24pd Medium Gun,Cannon,108,Santo Domingo,600,0.1,1,10000.0,False
2026-09-25,other,67,24pd Medium Gun,Cannon,251,Santo Tomás,600,0.1,1,9940.0,False
2026-09-25,other,67,24pd Medium Gun,Cannon,176,Santo Tomé de Guayana,600,0.1,1,10000.0,False
2026-09-25,other,67,24pd Medium Gun,Cannon,310,Sarazota,600,0.1,1,10000.0,False
2026-09-25,other,67,24pd Medium Gun,Cannon,81,Savanna la Mar,600,0.1,1,10000.0,False
2026-09-25,other,67,24pd Medium Gun,Cannon,331,Savannah,600,0.1,1,9970.0,False
2026-09-25,other,67,24pd Medium Gun,Cannon,165,Scarborough,600,0.1,1,10000.0,False
2026-09-25,other,67,24pd Medium Gun,Cannon,266,Selam,600,0.1,1,10000.0,False
2026-09-25,other,67,24pd Medium Gun,Cannon,349,Serrana,600,0.1,1,10000.0,False
2026-09-25,other,67,24pd Medium Gun,Cannon,366,Shroud Cay,600,0.1,1,9974.0,False
2026-09-25,other,67,24pd Medium Gun,Cannon,71,Siguanea,600,0.1,1,10000.0,False
2026-09-25,other,67,24pd Medium Gun,Cannon,205,Sinamaica,600,0.1,1,10000.0,False
2026-09-25,other,67,24pd Medium Gun,Cannon,268,Sisal,600,0.1,1,10000.0,False
2026-09-25,other,67,24pd Medium Gun,Cannon,353,Somerset,600,0.1,1,10000.0,False
2026-09-25,other,67,24pd Medium Gun,Cannon,282,Soto La Marina,600,0.1,1,10000.0,False
2026-09-25,other,67,24pd Medium Gun,Cannon,127,Spanish Town,600,0.1,1,10000.0,False
2026-09-25,other,67,24pd Medium Gun,Cannon,328,Sunbury,600,0.1,1,10000.0,False
2026-09-25,other,67,24pd Medium Gun,Cannon,336,Swannsborough,600,0.1,1,10000.0,False
2026-09-25,other,67,24pd Medium Gun,Cannon,226,Talamanca,600,0.1,1,10000.0,False
2026-09-25,other,67,24pd Medium Gun,Cannon,281,Tamiagua,600,0.1,1,10000.0,False
2026-09-25,other,67,24pd Medium Gun,Cannon,309,Tampa,600,0.1,1,10000.0,False
2026-09-25,other,67,24pd Medium Gun,Cannon,280,Tampico,600,0.1,1,10000.0,False
2026-09-25,other,67,24pd Medium Gun,Cannon,263,Tantun Cuzamil,600,0.1,1,10000.0,False
2026-09-25,other,67,24pd Medium Gun,Cannon,148,Terre-de-Bas,600,0.1,1,10000.0,False
2026-09-25,other,67,24pd Medium Gun,Cannon,295,Terrebonne,600,0.1,1,10000.0,False
2026-09-25,other,67,24pd Medium Gun,Cannon,126,The Settlement,600,0.1,1,10000.0,False
2026-09-25,other,67,24pd Medium Gun,Cannon,87,Tiburon,600,0.1,1,10000.0,False
2026-09-25,other,67,24pd Medium Gun,Cannon,213,Tolú,600,0.1,1,10000.0,False
2026-09-25,other,67,24pd Medium Gun,Cannon,380,Tordo,600,0.1,1,10000.0,False
2026-09-25,other,67,24pd Medium Gun,Cannon,338,Triangulo,600,0.1,1,10000.0,False
2026-09-25,other,67,24pd Medium Gun,Cannon,59,Trinidad,600,0.1,1,10000.0,False
2026-09-25,other,67,24pd Medium Gun,Cannon,249,Triunfo de la Cruz,600,0.1,1,10000.0,False
2026-09-25,other,67,24pd Medium Gun,Cannon,244,Truxillo,600,0.1,1,10000.0,False
2026-09-25,other,67,24pd Medium Gun,Cannon,261,Tulum,600,0.1,1,10000.0,False
2026-09-25,other,67,24pd Medium Gun,Cannon,343,Tumbado,600,0.1,1,9974.0,False
2026-09-25,other,67,24pd Medium Gun,Cannon,254,Turneffe,600,0.1,1,10000.0,False
2026-09-25,other,67,24pd Medium Gun,Cannon,6,Turtle Cay,600,0.1,1,10000.0,False
2026-09-25,other,67,24pd Medium Gun,Cannon,279,Tuspan,600,0.1,1,10000.0,False
2026-09-25,other,67,24pd Medium Gun,Cannon,276,Vera Cruz,600,0.1,1,10000.0,False
2026-09-25,other,67,24pd Medium Gun,Cannon,293,Vermiou,600,0.1,1,9970.0,False
2026-09-25,other,67,24pd Medium Gun,Cannon,273,Victoria,600,0.1,1,10000.0,False
2026-09-25,other,67,24pd Medium Gun,Cannon,121,Vieques,600,0.1,1,9930.0,False
2026-09-25,other,67,24pd Medium Gun,Cannon,159,Vieux-Fort,600,0.1,1,10000.0,False
2026-09-25,other,67,24pd Medium Gun,Cannon,3,Walker's Cay,600,0.1,1,10000.0,False
2026-09-25,other,67,24pd Medium Gun,Cannon,376,Wantlands Ferry,600,0.1,1,10000.0,False
2026-09-25,other,67,24pd Medium Gun,Cannon,360,Water Bay,600,0.1,1,10000.0,False
2026-09-25,other,67,24pd Medium Gun,Cannon,22,Watlings,600,0.1,1,10000.0,False
2026-09-25,other,67,24pd Medium Gun,Cannon,4,West End,600,0.1,1,10000.0,False
2026-09-25,other,67,24pd Medium Gun,Cannon,174,Willemstad,600,0.1,1,9666.0,False
2026-09-25,other,67,24pd Medium Gun,Cannon,364,William's Bay,600,0.1,1,10000.0,False
2026-09-25,other,67,24pd Medium Gun,Cannon,335,Wilmington,600,0.1,1,10000.0,False
2026-09-25,other,67,24pd Medium Gun,Cannon,262,Xpu Ha,600,0.1,1,9970.0,False
2026-09-25,other,67,24pd Medium Gun,Cannon,181,Yaguaraparo,600,0.1,1,10000.0,False
2026-09-25,other,67,24pd Medium Gun,Cannon,267,Ysil,600,0.1,1,10000.0,False
2026-09-25,other,67,24pd Medium Gun,Cannon,247,Útila,600,0.1,1,10000.0,False
2026-09-25,other,1583,2pd Medium Gun,Cannon,113,Aguadilla,49,0.1,1,10000.0,False
2026-09-25,other,1583,2pd Medium Gun,Cannon,289,Ahumada,49,0.1,1,10000.0,False
2026-09-25,other,1583,2pd Medium Gun,Cannon,365,Alabaster Rocks,49,0.1,1,10000.0,False
2026-09-25,other,1583,2pd Medium Gun,Cannon,342,Alacranes,49,0.1,1,10000.0,False
2026-09-25,other,1583,2pd Medium Gun,Cannon,375,All Saints,49,0.1,1,10000.0,False
2026-09-25,other,1583,2pd Medium Gun,Cannon,278,Almeria,49,0.1,1,10000.0,False
2026-09-25,other,1583,2pd Medium Gun,Cannon,225,Almirante,49,0.1,1,10000.0,False
2026-09-25,other,1583,2pd Medium Gun,Cannon,275,Alvarado,49,0.1,1,10000.0,False
2026-09-25,other,1583,2pd Medium Gun,Cannon,123,Amalienborg,49,0.1,1,10000.0,False
2026-09-25,other,1583,2pd Medium Gun,Cannon,255,Ambergrease Cay,49,0.1,1,10000.0,False
2026-09-25,other,1583,2pd Medium Gun,Cannon,304,Apalachicola,49,0.1,1,10000.0,False
2026-09-25,other,1583,2pd Medium Gun,Cannon,285,Aransas,49,0.1,1,10000.0,False
2026-09-25,other,1583,2pd Medium Gun,Cannon,337,Arcas,49,0.1,1,10000.0,False
2026-09-25,other,1583,2pd Medium Gun,Cannon,114,Arecibo,49,0.1,1,10000.0,False
2026-09-25,other,1583,2pd Medium Gun,Cannon,340,Arenas,49,0.1,1,10000.0,False
2026-09-25,other,1583,2pd Medium Gun,Cannon,17,Arthur's Town,49,0.1,1,10000.0,False
2026-09-25,other,1583,2pd Medium Gun,Cannon,260,Asunción,49,0.1,1,10000.0,False
2026-09-25,other,1583,2pd Medium Gun,Cannon,294,Atchafalaya,49,0.1,1,10000.0,False
2026-09-25,other,1583,2pd Medium Gun,Cannon,24,Atwoods,49,0.1,1,10000.0,False
2026-09-25,other,1583,2pd Medium Gun,Cannon,150,Aves,49,0.1,1,10000.0,False
2026-09-25,other,1583,2pd Medium Gun,Cannon,325,Ayamonte,49,0.1,1,10000.0,False
2026-09-25,other,1583,2pd Medium Gun,Cannon,321,Ays,49,0.1,1,10000.0,False
2026-09-25,other,1583,2pd Medium Gun,Cannon,110,Azua,49,0.1,1,10000.0,False
2026-09-25,other,1583,2pd Medium Gun,Cannon,103,Bahía Escocesa,49,0.1,1,10000.0,False
2026-09-25,other,1583,2pd Medium Gun,Cannon,36,Bahía Honda,49,0.1,1,10000.0,False
2026-09-25,other,1583,2pd Medium Gun,Cannon,35,Baja,49,0.1,1,9996.0,False
2026-09-25,other,1583,2pd Medium Gun,Cannon,109,Baní,49,0.1,1,10000.0,False
2026-09-25,other,1583,2pd Medium Gun,Cannon,50,Baracoa,49,0.1,1,10000.0,False
2026-09-25,other,1583,2pd Medium Gun,Cannon,111,Barahona,49,0.1,1,10000.0,False
2026-09-25,other,1583,2pd Medium Gun,Cannon,298,Barataria,49,0.1,1,10000.0,False
2026-09-25,other,1583,2pd Medium Gun,Cannon,67,Barcos,49,0.1,1,10000.0,False
2026-09-25,other,1583,2pd Medium Gun,Cannon,211,Barranquilla,49,0.1,1,10000.0,False
2026-09-25,other,1583,2pd Medium Gun,Cannon,146,Basse-Terre,49,0.1,1,10000.0,False
2026-09-25,other,1583,2pd Medium Gun,Cannon,137,Basseterre Town,49,0.1,1,10000.0,False
2026-09-25,other,1583,2pd Medium Gun,Cannon,63,Batabanó,49,0.1,1,10000.0,False
2026-09-25,other,1583,2pd Medium Gun,Cannon,339,Baxo Nuevo,49,0.1,1,10000.0,False
2026-09-25,other,1583,2pd Medium Gun,Cannon,332,Beaufort,49,0.1,1,10000.0,False
2026-09-25,other,1583,2pd Medium Gun,Cannon,253,Belize,49,0.1,1,9992.0,False
2026-09-25,other,1583,2pd Medium Gun,Cannon,257,Bensalem,49,0.1,1,10000.0,False
2026-09-25,other,1583,2pd Medium Gun,Cannon,277,Bernal,49,0.1,1,10000.0,False
2026-09-25,other,1583,2pd Medium Gun,Cannon,299,Biloxi,49,0.1,1,10000.0,False
2026-09-25,other,1583,2pd Medium Gun,Cannon,10,Bimini,49,0.1,1,10000.0,False
2026-09-25,other,1583,2pd Medium Gun,Cannon,243,Black River,49,0.1,1,9999.0,False
2026-09-25,other,1583,2pd Medium Gun,Cannon,32,Blondel Cay,49,0.1,1,9996.0,False
2026-09-25,other,1583,2pd Medium Gun,Cannon,230,Bluefields,49,0.1,1,10000.0,False
2026-09-25,other,1583,2pd Medium Gun,Cannon,245,Bonacca,49,0.1,1,10000.0,False
2026-09-25,other,1583,2pd Medium Gun,Cannon,350,Bone Cay,49,0.1,1,10000.0,False
2026-09-25,other,1583,2pd Medium Gun,Cannon,237,Brangman's Bluff,49,0.1,1,10000.0,False
2026-09-25,other,1583,2pd Medium Gun,Cannon,242,Brewers,49,0.1,1,10000.0,False
2026-09-25,other,1583,2pd Medium Gun,Cannon,161,Bridgetown,49,0.1,1,10000.0,False
2026-09-25,other,1583,2pd Medium Gun,Cannon,329,Brunswick,49,0.1,1,10000.0,False
2026-09-25,other,1583,2pd Medium Gun,Cannon,215,Buena Vista,49,0.1,1,10000.0,False
2026-09-25,other,1583,2pd Medium Gun,Cannon,351,Bugle Cay,49,0.1,1,10000.0,False
2026-09-25,other,1583,2pd Medium Gun,Cannon,318,Cabo Cañaveral,49,0.1,1,10000.0,False
2026-09-25,other,1583,2pd Medium Gun,Cannon,208,Cabo de la Vela,49,0.1,1,10000.0,False
2026-09-25,other,1583,2pd Medium Gun,Cannon,120,Cabo Rojo,49,0.1,1,10000.0,False
2026-09-25,other,1583,2pd Medium Gun,Cannon,291,Calcasieu,49,0.1,1,10000.0,False
2026-09-25,other,1583,2pd Medium Gun,Cannon,222,Calobelo,49,0.1,1,10000.0,False
2026-09-25,other,1583,2pd Medium Gun,Cannon,149,Camp du Roy,49,0.1,1,10000.0,False
2026-09-25,other,1583,2pd Medium Gun,Cannon,269,Campeche,49,0.1,1,9988.0,False
2026-09-25,other,1583,2pd Medium Gun,Cannon,216,Canalete,49,0.1,1,10000.0,False
2026-09-25,other,1583,2pd Medium Gun,Cannon,97,Cap-Français,49,0.1,1,10000.0,False
2026-09-25,other,1583,2pd Medium Gun,Cannon,193,Caracas,49,0.1,1,9988.0,False
2026-09-25,other,1583,2pd Medium Gun,Cannon,40,Carahatas,49,0.1,1,10000.0,False
2026-09-25,other,1583,2pd Medium Gun,Cannon,188,Cariaco,49,0.1,1,10000.0,False
2026-09-25,other,1583,2pd Medium Gun,Cannon,80,Carlisle,49,0.1,1,9984.0,False
2026-09-25,other,1583,2pd Medium Gun,Cannon,163,Carriacou,49,0.1,1,10000.0,False
2026-09-25,other,1583,2pd Medium Gun,Cannon,212,Cartagena de Indias,49,0.1,1,10000.0,False
2026-09-25,other,1583,2pd Medium Gun,Cannon,184,Carúpano,49,0.1,1,10000.0,False
2026-09-25,other,1583,2pd Medium Gun,Cannon,198,Casigua,49,0.1,1,10000.0,False
2026-09-25,other,1583,2pd Medium Gun,Cannon,158,Castries,49,0.1,1,10000.0,False
2026-09-25,other,1583,2pd Medium Gun,Cannon,74,Cayman Brac,49,0.1,1,10000.0,False
2026-09-25,other,1583,2pd Medium Gun,Cannon,323,Cayo Biscayno,49,0.1,1,10000.0,False
2026-09-25,other,1583,2pd Medium Gun,Cannon,41,Cayo de Sal,49,0.1,1,10000.0,False
2026-09-25,other,1583,2pd Medium Gun,Cannon,308,Cayo del Anclote,49,0.1,1,10000.0,False
2026-09-25,other,1583,2pd Medium Gun,Cannon,317,Cayo Largo,49,0.1,1,10000.0,False
2026-09-25,other,1583,2pd Medium Gun,Cannon,44,Cayo Romano,49,0.1,1,10000.0,False
2026-09-25,other,1583,2pd Medium Gun,Cannon,315,Cayo Vacas,49,0.1,1,10000.0,False
2026-09-25,other,1583,2pd Medium Gun,Cannon,178,Caño Araguabisi,49,0.1,1,10000.0,False
2026-09-25,other,1583,2pd Medium Gun,Cannon,177,Caño Araguao,49,0.1,1,10000.0,False
2026-09-25,other,1583,2pd Medium Gun,Cannon,167,Caño Macareo,49,0.1,1,10000.0,False
2026-09-25,other,1583,2pd Medium Gun,Cannon,221,Chagres,49,0.1,1,10000.0,False
2026-09-25,other,1583,2pd Medium Gun,Cannon,270,Champotón,49,0.1,1,10000.0,False
2026-09-25,other,1583,2pd Medium Gun,Cannon,138,Charles Town,49,0.1,1,10000.0,False
2026-09-25,other,1583,2pd Medium Gun,Cannon,333,Charleston,49,0.1,1,9800.0,False
2026-09-25,other,1583,2pd Medium Gun,Cannon,258,Chinchorro,49,0.1,1,10000.0,False
2026-09-25,other,1583,2pd Medium Gun,Cannon,224,Chiriquí,49,0.1,1,10000.0,False
2026-09-25,other,1583,2pd Medium Gun,Cannon,129,Christiansted,49,0.1,1,9936.0,False
2026-09-25,other,1583,2pd Medium Gun,Cannon,61,Cochinos,49,0.1,1,10000.0,False
2026-09-25,other,1583,2pd Medium Gun,Cannon,70,Cocodrilo,49,0.1,1,10000.0,False
2026-09-25,other,1583,2pd Medium Gun,Cannon,134,Codrington,49,0.1,1,10000.0,False
2026-09-25,other,1583,2pd Medium Gun,Cannon,206,Cojoro,49,0.1,1,10000.0,False
2026-09-25,other,1583,2pd Medium Gun,Cannon,223,Concepción,49,0.1,1,10000.0,False
2026-09-25,other,1583,2pd Medium Gun,Cannon,259,Congrios,49,0.1,1,9996.0,False
2026-09-25,other,1583,2pd Medium Gun,Cannon,264,Conil,49,0.1,1,10000.0,False
2026-09-25,other,1583,2pd Medium Gun,Cannon,292,Constance,49,0.1,1,10000.0,False
2026-09-25,other,1583,2pd Medium Gun,Cannon,344,Conttoy,49,0.1,1,10000.0,False
2026-09-25,other,1583,2pd Medium Gun,Cannon,207,Coquibacoa,49,0.1,1,10000.0,False
2026-09-25,other,1583,2pd Medium Gun,Cannon,124,Coral Bay,49,0.1,1,10000.0,False
2026-09-25,other,1583,2pd Medium Gun,Cannon,196,Coro,49,0.1,1,10000.0,False
2026-09-25,other,1583,2pd Medium Gun,Cannon,66,Corrientes,49,0.1,1,10000.0,False
2026-09-25,other,1583,2pd Medium Gun,Cannon,241,Croata,49,0.1,1,10000.0,False
2026-09-25,other,1583,2pd Medium Gun,Cannon,361,Crown Haven,49,0.1,1,10000.0,False
2026-09-25,other,1583,2pd Medium Gun,Cannon,372,Cul-de-Sac,49,0.1,1,10000.0,False
2026-09-25,other,1583,2pd Medium Gun,Cannon,189,Cumaná,49,0.1,1,10000.0,False
2026-09-25,other,1583,2pd Medium Gun,Cannon,69,Daguilla,49,0.1,1,10000.0,False
2026-09-25,other,1583,2pd Medium Gun,Cannon,214,Dariena,49,0.1,1,10000.0,False
2026-09-25,other,1583,2pd Medium Gun,Cannon,20,Deadman's Cay,49,0.1,1,10000.0,False
2026-09-25,other,1583,2pd Medium Gun,Cannon,147,Deshaies,49,0.1,1,10000.0,False
2026-09-25,other,1583,2pd Medium Gun,Cannon,265,El Cuyo,49,0.1,1,10000.0,False
2026-09-25,other,1583,2pd Medium Gun,Cannon,286,El Rancho,49,0.1,1,10000.0,False
2026-09-25,other,1583,2pd Medium Gun,Cannon,107,El Soco,49,0.1,1,10000.0,False
2026-09-25,other,1583,2pd Medium Gun,Cannon,166,El Toco,49,0.1,1,10000.0,False
2026-09-25,other,1583,2pd Medium Gun,Cannon,202,Encontrados,49,0.1,1,10000.0,False
2026-09-25,other,1583,2pd Medium Gun,Cannon,141,English Harbour,49,0.1,1,10000.0,False
2026-09-25,other,1583,2pd Medium Gun,Cannon,274,Espíritu Santo,49,0.1,1,10000.0,False
2026-09-25,other,1583,2pd Medium Gun,Cannon,284,Esteros,49,0.1,1,10000.0,False
2026-09-25,other,1583,2pd Medium Gun,Cannon,116,Fajardo,49,0.1,1,10000.0,False
2026-09-25,other,1583,2pd Medium Gun,Cannon,354,Flatts,49,0.1,1,10000.0,False
2026-09-25,other,1583,2pd Medium Gun,Cannon,135,Fort Baai,49,0.1,1,10000.0,False
2026-09-25,other,1583,2pd Medium Gun,Cannon,173,Fort Oranje,49,0.1,1,10000.0,False
2026-09-25,other,1583,2pd Medium Gun,Cannon,175,Fort Zoutman,49,0.1,1,10000.0,False
2026-09-25,other,1583,2pd Medium Gun,Cannon,98,Fort-Dauphin,49,0.1,1,10000.0,False
2026-09-25,other,1583,2pd Medium Gun,Cannon,156,Fort-Royal,49,0.1,1,9853.0,False
2026-09-25,other,1583,2pd Medium Gun,Cannon,128,Frederiksted,49,0.1,1,10000.0,False
2026-09-25,other,1583,2pd Medium Gun,Cannon,359,Frozen Cay,49,0.1,1,10000.0,False
2026-09-25,other,1583,2pd Medium Gun,Cannon,183,Galdonas,49,0.1,1,10000.0,False
2026-09-25,other,1583,2pd Medium Gun,Cannon,311,Gasparilla,49,0.1,1,10000.0,False
2026-09-25,other,1583,2pd Medium Gun,Cannon,72,George Town,49,0.1,1,10000.0,False
2026-09-25,other,1583,2pd Medium Gun,Cannon,18,George's Town,49,0.1,1,10000.0,False
2026-09-25,other,1583,2pd Medium Gun,Cannon,334,Georgetown,49,0.1,1,10000.0,False
2026-09-25,other,1583,2pd Medium Gun,Cannon,201,Gibraltar,49,0.1,1,10000.0,False
2026-09-25,other,1583,2pd Medium Gun,Cannon,16,Governor's Harbour,49,0.1,1,10000.0,False
2026-09-25,other,1583,2pd Medium Gun,Cannon,240,Gracias a Dios,49,0.1,1,10000.0,False
2026-09-25,other,1583,2pd Medium Gun,Cannon,153,Grand Anse,49,0.1,1,10000.0,False
2026-09-25,other,1583,2pd Medium Gun,Cannon,33,Grand Turk,49,0.1,1,10000.0,False
2026-09-25,other,1583,2pd Medium Gun,Cannon,231,Great Corn,49,0.1,1,10000.0,False
2026-09-25,other,1583,2pd Medium Gun,Cannon,233,Great River,49,0.1,1,10000.0,False
2026-09-25,other,1583,2pd Medium Gun,Cannon,367,Green Cay,49,0.1,1,10000.0,False
2026-09-25,other,1583,2pd Medium Gun,Cannon,229,Grindstone,49,0.1,1,10000.0,False
2026-09-25,other,1583,2pd Medium Gun,Cannon,374,Guacata,49,0.1,1,10000.0,False
2026-09-25,other,1583,2pd Medium Gun,Cannon,53,Guamá Sevilla,49,0.1,1,10000.0,False
2026-09-25,other,1583,2pd Medium Gun,Cannon,179,Guayaguayare,49,0.1,1,10000.0,False
2026-09-25,other,1583,2pd Medium Gun,Cannon,117,Guayama,49,0.1,1,10000.0,False
2026-09-25,other,1583,2pd Medium Gun,Cannon,48,Guibara,49,0.1,1,10000.0,False
2026-09-25,other,1583,2pd Medium Gun,Cannon,133,Gustavia,49,0.1,1,9844.0,False
2026-09-25,other,1583,2pd Medium Gun,Cannon,119,Guánica,49,0.1,1,10000.0,False
2026-09-25,other,1583,2pd Medium Gun,Cannon,182,Güiria,49,0.1,1,10000.0,False
2026-09-25,other,1583,2pd Medium Gun,Cannon,15,Harbour Island,49,0.1,1,10000.0,False
2026-09-25,other,1583,2pd Medium Gun,Cannon,130,Hat Island,49,0.1,1,10000.0,False
2026-09-25,other,1583,2pd Medium Gun,Cannon,232,Haulover,49,0.1,1,10000.0,False
2026-09-25,other,1583,2pd Medium Gun,Cannon,106,Higüey,49,0.1,1,10000.0,False
2026-09-25,other,1583,2pd Medium Gun,Cannon,306,Hitten Hatcha,49,0.1,1,10000.0,False
2026-09-25,other,1583,2pd Medium Gun,Cannon,316,Islamorada,49,0.1,1,9972.0,False
2026-09-25,other,1583,2pd Medium Gun,Cannon,370,Island Harbour,49,0.1,1,10000.0,False
2026-09-25,other,1583,2pd Medium Gun,Cannon,28,Islet,49,0.1,1,10000.0,False
2026-09-25,other,1583,2pd Medium Gun,Cannon,83,Jacmel,49,0.1,1,10000.0,False
2026-09-25,other,1583,2pd Medium Gun,Cannon,60,Jagua,49,0.1,1,10000.0,False
2026-09-25,other,1583,2pd Medium Gun,Cannon,320,Jobe,49,0.1,1,10000.0,False
2026-09-25,other,1583,2pd Medium Gun,Cannon,88,Jérémie,49,0.1,1,10000.0,False
2026-09-25,other,1583,2pd Medium Gun,Cannon,13,Kemp's Bay,49,0.1,1,10000.0,False
2026-09-25,other,1583,2pd Medium Gun,Cannon,313,Key West,49,0.1,1,10000.0,False
2026-09-25,other,1583,2pd Medium Gun,Cannon,357,Kidd's Harbour,49,0.1,1,10000.0,False
2026-09-25,other,1583,2pd Medium Gun,Cannon,79,Kingston / Port Royal,49,0.1,1,9704.0,False
2026-09-25,other,1583,2pd Medium Gun,Cannon,162,Kingstown,49,0.1,1,10000.0,False
2026-09-25,other,1583,2pd Medium Gun,Cannon,42,La Anguila,49,0.1,1,10000.0,False
2026-09-25,other,1583,2pd Medium Gun,Cannon,287,La Bahía,49,0.1,1,10000.0,False
2026-09-25,other,1583,2pd Medium Gun,Cannon,341,La Bermeja,49,0.1,1,10000.0,False
2026-09-25,other,1583,2pd Medium Gun,Cannon,170,La Blanquilla,49,0.1,1,10000.0,False
2026-09-25,other,1583,2pd Medium Gun,Cannon,363,La Desconocida,49,0.1,1,10000.0,False
2026-09-25,other,1583,2pd Medium Gun,Cannon,139,La Désirade,49,0.1,1,10000.0,False
2026-09-25,other,1583,2pd Medium Gun,Cannon,45,La Guanaja,49,0.1,1,10000.0,False
2026-09-25,other,1583,2pd Medium Gun,Cannon,38,La Habana,49,0.1,1,9880.0,False
2026-09-25,other,1583,2pd Medium Gun,Cannon,100,La Isabela,49,0.1,1,9988.0,False
2026-09-25,other,1583,2pd Medium Gun,Cannon,112,La Mona,49,0.1,1,9988.0,False
2026-09-25,other,1583,2pd Medium Gun,Cannon,373,La Moussette,49,0.1,1,10000.0,False
2026-09-25,other,1583,2pd Medium Gun,Cannon,85,La Navasse,49,0.1,1,9980.0,False
2026-09-25,other,1583,2pd Medium Gun,Cannon,171,La Orchilla,49,0.1,1,10000.0,False
2026-09-25,other,1583,2pd Medium Gun,Cannon,96,La Tortue,49,0.1,1,9992.0,False
2026-09-25,other,1583,2pd Medium Gun,Cannon,187,La Tortuga,49,0.1,1,10000.0,False
2026-09-25,other,1583,2pd Medium Gun,Cannon,154,La Trinité,49,0.1,1,10000.0,False
2026-09-25,other,1583,2pd Medium Gun,Cannon,199,Lagunillas,49,0.1,1,10000.0,False
2026-09-25,other,1583,2pd Medium Gun,Cannon,172,Las Aves,49,0.1,1,10000.0,False
2026-09-25,other,1583,2pd Medium Gun,Cannon,307,Las Sabinas,49,0.1,1,10000.0,False
2026-09-25,other,1583,2pd Medium Gun,Cannon,314,Las Tortugas,49,0.1,1,10000.0,False
2026-09-25,other,1583,2pd Medium Gun,Cannon,143,Le Moule,49,0.1,1,10000.0,False
2026-09-25,other,1583,2pd Medium Gun,Cannon,86,Les Cayes,49,0.1,1,9988.0,False
2026-09-25,other,1583,2pd Medium Gun,Cannon,93,Les Gonaïves,49,0.1,1,10000.0,False
2026-09-25,other,1583,2pd Medium Gun,Cannon,73,Little Cayman,49,0.1,1,10000.0,False
2026-09-25,other,1583,2pd Medium Gun,Cannon,8,Little Harbour,49,0.1,1,10000.0,False
2026-09-25,other,1583,2pd Medium Gun,Cannon,29,Little Inagua,49,0.1,1,10000.0,False
2026-09-25,other,1583,2pd Medium Gun,Cannon,362,Little Isaac Rocks,49,0.1,1,10000.0,False
2026-09-25,other,1583,2pd Medium Gun,Cannon,381,Little River,49,0.1,1,10000.0,False
2026-09-25,other,1583,2pd Medium Gun,Cannon,31,Lorimers,49,0.1,1,10000.0,False
2026-09-25,other,1583,2pd Medium Gun,Cannon,90,Léogane,49,0.1,1,10000.0,False
2026-09-25,other,1583,2pd Medium Gun,Cannon,186,Macanao,49,0.1,1,10000.0,False
2026-09-25,other,1583,2pd Medium Gun,Cannon,105,Macao,49,0.1,1,10000.0,False
2026-09-25,other,1583,2pd Medium Gun,Cannon,312,Manataca,49,0.1,1,10000.0,False
2026-09-25,other,1583,2pd Medium Gun,Cannon,219,Mandinga,49,0.1,1,10000.0,False
2026-09-25,other,1583,2pd Medium Gun,Cannon,358,Mangrove Cay,49,0.1,1,10000.0,False
2026-09-25,other,1583,2pd Medium Gun,Cannon,34,Mantua,49,0.1,1,10000.0,False
2026-09-25,other,1583,2pd Medium Gun,Cannon,55,Manzanillo,49,0.1,1,10000.0,False
2026-09-25,other,1583,2pd Medium Gun,Cannon,204,Maracaibo,49,0.1,1,10000.0,False
2026-09-25,other,1583,2pd Medium Gun,Cannon,37,Mariel,49,0.1,1,9980.0,False
2026-09-25,other,1583,2pd Medium Gun,Cannon,131,Marigot,49,0.1,1,10000.0,False
2026-09-25,other,1583,2pd Medium Gun,Cannon,155,Marin,49,0.1,1,10000.0,False
2026-09-25,other,1583,2pd Medium Gun,Cannon,9,Marsh Harbour,49,0.1,1,10000.0,False
2026-09-25,other,1583,2pd Medium Gun,Cannon,39,Matanzas,49,0.1,1,10000.0,False
2026-09-25,other,1583,2pd Medium Gun,Cannon,227,Matina,49,0.1,1,10000.0,False
2026-09-25,other,1583,2pd Medium Gun,Cannon,26,Mayaguana,49,0.1,1,10000.0,False
2026-09-25,other,1583,2pd Medium Gun,Cannon,11,Mimbres,49,0.1,1,10000.0,False
2026-09-25,other,1583,2pd Medium Gun,Cannon,347,Misteriosa,49,0.1,1,10000.0,False
2026-09-25,other,1583,2pd Medium Gun,Cannon,197,Mitara,49,0.1,1,10000.0,False
2026-09-25,other,1583,2pd Medium Gun,Cannon,300,Mobile,49,0.1,1,10000.0,False
2026-09-25,other,1583,2pd Medium Gun,Cannon,99,Montecristi,49,0.1,1,9992.0,False
2026-09-25,other,1583,2pd Medium Gun,Cannon,75,Montego Bay,49,0.1,1,10000.0,False
2026-09-25,other,1583,2pd Medium Gun,Cannon,12,Morgan's Bluff,49,0.1,1,10000.0,False
2026-09-25,other,1583,2pd Medium Gun,Cannon,248,Morro Chico,49,0.1,1,10000.0,False
2026-09-25,other,1583,2pd Medium Gun,Cannon,27,Mortimer Town,49,0.1,1,9714.0,False
2026-09-25,other,1583,2pd Medium Gun,Cannon,238,Mosquito Cay,49,0.1,1,10000.0,False
2026-09-25,other,1583,2pd Medium Gun,Cannon,345,Mugeres,49,0.1,1,10000.0,False
2026-09-25,other,1583,2pd Medium Gun,Cannon,168,Naparima,49,0.1,1,10000.0,False
2026-09-25,other,1583,2pd Medium Gun,Cannon,14,Nassau,49,0.1,1,9984.0,False
2026-09-25,other,1583,2pd Medium Gun,Cannon,217,New Edinburgh,49,0.1,1,10000.0,False
2026-09-25,other,1583,2pd Medium Gun,Cannon,324,New Smyrna,49,0.1,1,10000.0,False
2026-09-25,other,1583,2pd Medium Gun,Cannon,89,Nippes,49,0.1,1,10000.0,False
2026-09-25,other,1583,2pd Medium Gun,Cannon,356,North Inlet,49,0.1,1,9988.0,False
2026-09-25,other,1583,2pd Medium Gun,Cannon,297,Nouvelle-Orléans,49,0.1,1,10000.0,False
2026-09-25,other,1583,2pd Medium Gun,Cannon,190,Nueva Barcelona,49,0.1,1,10000.0,False
2026-09-25,other,1583,2pd Medium Gun,Cannon,46,Nuevitas,49,0.1,1,10000.0,False
2026-09-25,other,1583,2pd Medium Gun,Cannon,368,Ocean Bight,49,0.1,1,10000.0,False
2026-09-25,other,1583,2pd Medium Gun,Cannon,235,Old Providence,49,0.1,1,10000.0,False
2026-09-25,other,1583,2pd Medium Gun,Cannon,250,Omoa,49,0.1,1,10000.0,False
2026-09-25,other,1583,2pd Medium Gun,Cannon,136,Oranjestad,49,0.1,1,10000.0,False
2026-09-25,other,1583,2pd Medium Gun,Cannon,185,Pampatar,49,0.1,1,10000.0,False
2026-09-25,other,1583,2pd Medium Gun,Cannon,30,Parrot Cay,49,0.1,1,10000.0,False
2026-09-25,other,1583,2pd Medium Gun,Cannon,122,Pasaje,49,0.1,1,10000.0,False
2026-09-25,other,1583,2pd Medium Gun,Cannon,180,Pedernales,49,0.1,1,10000.0,False
2026-09-25,other,1583,2pd Medium Gun,Cannon,352,Pedro Cay,49,0.1,1,9996.0,False
2026-09-25,other,1583,2pd Medium Gun,Cannon,301,Penzacola,49,0.1,1,10000.0,False
2026-09-25,other,1583,2pd Medium Gun,Cannon,203,Perijá,49,0.1,1,10000.0,False
2026-09-25,other,1583,2pd Medium Gun,Cannon,132,Philipsburg,49,0.1,1,10000.0,False
2026-09-25,other,1583,2pd Medium Gun,Cannon,65,Pinar del Río,49,0.1,1,10000.0,False
2026-09-25,other,1583,2pd Medium Gun,Cannon,23,Pitt's Town,49,0.1,1,10000.0,False
2026-09-25,other,1583,2pd Medium Gun,Cannon,252,Placentia,49,0.1,1,10000.0,False
2026-09-25,other,1583,2pd Medium Gun,Cannon,346,Placer,49,0.1,1,10000.0,False
2026-09-25,other,1583,2pd Medium Gun,Cannon,218,Playón,49,0.1,1,10000.0,False
2026-09-25,other,1583,2pd Medium Gun,Cannon,369,Plymouth,49,0.1,1,10000.0,False
2026-09-25,other,1583,2pd Medium Gun,Cannon,145,Pointe-à-Pitre,49,0.1,1,10000.0,False
2026-09-25,other,1583,2pd Medium Gun,Cannon,118,Ponce,49,0.1,1,10000.0,False
2026-09-25,other,1583,2pd Medium Gun,Cannon,77,Port Antonio,49,0.1,1,10000.0,False
2026-09-25,other,1583,2pd Medium Gun,Cannon,19,Port Howe,49,0.1,1,9996.0,False
2026-09-25,other,1583,2pd Medium Gun,Cannon,78,Port Morant,49,0.1,1,10000.0,False
2026-09-25,other,1583,2pd Medium Gun,Cannon,91,Port-au-Prince,49,0.1,1,10000.0,False
2026-09-25,other,1583,2pd Medium Gun,Cannon,95,Port-de-Paix,49,0.1,1,10000.0,False
2026-09-25,other,1583,2pd Medium Gun,Cannon,142,Port-Louis,49,0.1,1,10000.0,False
2026-09-25,other,1583,2pd Medium Gun,Cannon,54,Portillo,49,0.1,1,10000.0,False
2026-09-25,other,1583,2pd Medium Gun,Cannon,220,Portobelo,49,0.1,1,10000.0,False
2026-09-25,other,1583,2pd Medium Gun,Cannon,234,Prinzapolka,49,0.1,1,10000.0,False
2026-09-25,other,1583,2pd Medium Gun,Cannon,194,Puerto Cabello,49,0.1,1,10000.0,False
2026-09-25,other,1583,2pd Medium Gun,Cannon,169,Puerto de España,49,0.1,1,10000.0,False
2026-09-25,other,1583,2pd Medium Gun,Cannon,49,Puerto de Nipe,49,0.1,1,10000.0,False
2026-09-25,other,1583,2pd Medium Gun,Cannon,47,Puerto del Padre,49,0.1,1,10000.0,False
2026-09-25,other,1583,2pd Medium Gun,Cannon,51,Puerto Escondido,49,0.1,1,10000.0,False
2026-09-25,other,1583,2pd Medium Gun,Cannon,101,Puerto Plata,49,0.1,1,10000.0,False
2026-09-25,other,1583,2pd Medium Gun,Cannon,271,Puerto Real,49,0.1,1,10000.0,False
2026-09-25,other,1583,2pd Medium Gun,Cannon,191,Píritu,49,0.1,1,10000.0,False
2026-09-25,other,1583,2pd Medium Gun,Cannon,21,Ragged Cay,49,0.1,1,10000.0,False
2026-09-25,other,1583,2pd Medium Gun,Cannon,43,Remedios,49,0.1,1,10000.0,False
2026-09-25,other,1583,2pd Medium Gun,Cannon,102,Rincón,49,0.1,1,10000.0,False
2026-09-25,other,1583,2pd Medium Gun,Cannon,5,Road Rocks,49,0.1,1,10000.0,False
2026-09-25,other,1583,2pd Medium Gun,Cannon,125,Road Town,49,0.1,1,10000.0,False
2026-09-25,other,1583,2pd Medium Gun,Cannon,64,Robras,49,0.1,1,10000.0,False
2026-09-25,other,1583,2pd Medium Gun,Cannon,151,Rosaly,49,0.1,1,10000.0,False
2026-09-25,other,1583,2pd Medium Gun,Cannon,152,Roseau,49,0.1,1,10000.0,False
2026-09-25,other,1583,2pd Medium Gun,Cannon,246,Ruatan,49,0.1,1,10000.0,False
2026-09-25,other,1583,2pd Medium Gun,Cannon,377,Rum Cove,49,0.1,1,10000.0,False
2026-09-25,other,1583,2pd Medium Gun,Cannon,192,Río Chico,49,0.1,1,10000.0,False
2026-09-25,other,1583,2pd Medium Gun,Cannon,209,Río de la Hacha,49,0.1,1,10000.0,False
2026-09-25,other,1583,2pd Medium Gun,Cannon,319,Río Seco,49,0.1,1,10000.0,False
2026-09-25,other,1583,2pd Medium Gun,Cannon,195,Río Tocuyo,49,0.1,1,10000.0,False
2026-09-25,other,1583,2pd Medium Gun,Cannon,290,Sabina,49,0.1,1,10000.0,False
2026-09-25,other,1583,2pd Medium Gun,Cannon,76,Saint Ann,49,0.1,1,10000.0,False
2026-09-25,other,1583,2pd Medium Gun,Cannon,164,Saint George,49,0.1,1,10000.0,False
2026-09-25,other,1583,2pd Medium Gun,Cannon,355,Saint George's Town,49,0.1,1,10000.0,False
2026-09-25,other,1583,2pd Medium Gun,Cannon,140,Saint John's,49,0.1,1,10000.0,False
2026-09-25,other,1583,2pd Medium Gun,Cannon,160,Saint Joseph,49,0.1,1,10000.0,False
2026-09-25,other,1583,2pd Medium Gun,Cannon,330,Saint Marys,49,0.1,1,10000.0,False
2026-09-25,other,1583,2pd Medium Gun,Cannon,144,Saint-François,49,0.1,1,10000.0,False
2026-09-25,other,1583,2pd Medium Gun,Cannon,84,Saint-Louis,49,0.1,1,10000.0,False
2026-09-25,other,1583,2pd Medium Gun,Cannon,296,Saint-Malo,49,0.1,1,10000.0,False
2026-09-25,other,1583,2pd Medium Gun,Cannon,92,Saint-Marc,49,0.1,1,10000.0,False
2026-09-25,other,1583,2pd Medium Gun,Cannon,94,Saint-Nicolas,49,0.1,1,10000.0,False
2026-09-25,other,1583,2pd Medium Gun,Cannon,157,Saint-Pierre,49,0.1,1,10000.0,False
2026-09-25,other,1583,2pd Medium Gun,Cannon,256,Salamanca,49,0.1,1,10000.0,False
2026-09-25,other,1583,2pd Medium Gun,Cannon,82,Sale-Trou,49,0.1,1,10000.0,False
2026-09-25,other,1583,2pd Medium Gun,Cannon,25,Salina Point,49,0.1,1,10000.0,False
2026-09-25,other,1583,2pd Medium Gun,Cannon,379,Salinas,49,0.1,1,10000.0,False
2026-09-25,other,1583,2pd Medium Gun,Cannon,104,Samaná,49,0.1,1,10000.0,False
2026-09-25,other,1583,2pd Medium Gun,Cannon,326,San Agustín,49,0.1,1,10000.0,False
2026-09-25,other,1583,2pd Medium Gun,Cannon,236,San Andrés,49,0.1,1,10000.0,False
2026-09-25,other,1583,2pd Medium Gun,Cannon,283,San Fernando,49,0.1,1,10000.0,False
2026-09-25,other,1583,2pd Medium Gun,Cannon,303,San José,49,0.1,1,10000.0,False
2026-09-25,other,1583,2pd Medium Gun,Cannon,115,San Juan,49,0.1,1,10000.0,False
2026-09-25,other,1583,2pd Medium Gun,Cannon,228,San Juan del Norte,49,0.1,1,10000.0,False
2026-09-25,other,1583,2pd Medium Gun,Cannon,62,San Lazaro,49,0.1,1,10000.0,False
2026-09-25,other,1583,2pd Medium Gun,Cannon,288,San Luis,49,0.1,1,10000.0,False
2026-09-25,other,1583,2pd Medium Gun,Cannon,305,San Marcos,49,0.1,1,10000.0,False
2026-09-25,other,1583,2pd Medium Gun,Cannon,327,San Mateo,49,0.1,1,10000.0,False
2026-09-25,other,1583,2pd Medium Gun,Cannon,322,San Sebastian,49,0.1,1,10000.0,False
2026-09-25,other,1583,2pd Medium Gun,Cannon,200,San Timoteo,49,0.1,1,10000.0,False
2026-09-25,other,1583,2pd Medium Gun,Cannon,58,Sancti Spíritus,49,0.1,1,10000.0,False
2026-09-25,other,1583,2pd Medium Gun,Cannon,239,Sandy Bay,49,0.1,1,10000.0,False
2026-09-25,other,1583,2pd Medium Gun,Cannon,371,Sandy Hill,49,0.1,1,10000.0,False
2026-09-25,other,1583,2pd Medium Gun,Cannon,7,Sandy Point,49,0.1,1,10000.0,False
2026-09-25,other,1583,2pd Medium Gun,Cannon,272,Santa Ana,49,0.1,1,10000.0,False
2026-09-25,other,1583,2pd Medium Gun,Cannon,56,Santa Cruz,49,0.1,1,10000.0,False
2026-09-25,other,1583,2pd Medium Gun,Cannon,68,Santa Fe,49,0.1,1,10000.0,False
2026-09-25,other,1583,2pd Medium Gun,Cannon,210,Santa Marta,49,0.1,1,10000.0,False
2026-09-25,other,1583,2pd Medium Gun,Cannon,57,Santa María,49,0.1,1,10000.0,False
2026-09-25,other,1583,2pd Medium Gun,Cannon,302,Santa Rosa,49,0.1,1,10000.0,False
2026-09-25,other,1583,2pd Medium Gun,Cannon,348,Santanillas,49,0.1,1,10000.0,False
2026-09-25,other,1583,2pd Medium Gun,Cannon,52,Santiago de Cuba,49,0.1,1,10000.0,False
2026-09-25,other,1583,2pd Medium Gun,Cannon,108,Santo Domingo,49,0.1,1,10000.0,False
2026-09-25,other,1583,2pd Medium Gun,Cannon,251,Santo Tomás,49,0.1,1,10000.0,False
2026-09-25,other,1583,2pd Medium Gun,Cannon,176,Santo Tomé de Guayana,49,0.1,1,10000.0,False
2026-09-25,other,1583,2pd Medium Gun,Cannon,310,Sarazota,49,0.1,1,10000.0,False
2026-09-25,other,1583,2pd Medium Gun,Cannon,81,Savanna la Mar,49,0.1,1,10000.0,False
2026-09-25,other,1583,2pd Medium Gun,Cannon,331,Savannah,49,0.1,1,10000.0,False
2026-09-25,other,1583,2pd Medium Gun,Cannon,165,Scarborough,49,0.1,1,10000.0,False
2026-09-25,other,1583,2pd Medium Gun,Cannon,266,Selam,49,0.1,1,10000.0,False
2026-09-25,other,1583,2pd Medium Gun,Cannon,349,Serrana,49,0.1,1,10000.0,False
2026-09-25,other,1583,2pd Medium Gun,Cannon,366,Shroud Cay,49,0.1,1,9850.0,False
2026-09-25,other,1583,2pd Medium Gun,Cannon,71,Siguanea,49,0.1,1,10000.0,False
2026-09-25,other,1583,2pd Medium Gun,Cannon,205,Sinamaica,49,0.1,1,10000.0,False
2026-09-25,other,1583,2pd Medium Gun,Cannon,268,Sisal,49,0.1,1,10000.0,False
2026-09-25,other,1583,2pd Medium Gun,Cannon,353,Somerset,49,0.1,1,10000.0,False
2026-09-25,other,1583,2pd Medium Gun,Cannon,282,Soto La Marina,49,0.1,1,10000.0,False
2026-09-25,other,1583,2pd Medium Gun,Cannon,127,Spanish Town,49,0.1,1,10000.0,False
2026-09-25,other,1583,2pd Medium Gun,Cannon,328,Sunbury,49,0.1,1,10000.0,False
2026-09-25,other,1583,2pd Medium Gun,Cannon,336,Swannsborough,49,0.1,1,10000.0,False
2026-09-25,other,1583,2pd Medium Gun,Cannon,226,Talamanca,49,0.1,1,10000.0,False
2026-09-25,other,1583,2pd Medium Gun,Cannon,281,Tamiagua,49,0.1,1,10000.0,False
2026-09-25,other,1583,2pd Medium Gun,Cannon,309,Tampa,49,0.1,1,10000.0,False
2026-09-25,other,1583,2pd Medium Gun,Cannon,280,Tampico,49,0.1,1,10000.0,False
2026-09-25,other,1583,2pd Medium Gun,Cannon,263,Tantun Cuzamil,49,0.1,1,10000.0,False
2026-09-25,other,1583,2pd Medium Gun,Cannon,148,Terre-de-Bas,49,0.1,1,10000.0,False
2026-09-25,other,1583,2pd Medium Gun,Cannon,295,Terrebonne,49,0.1,1,10000.0,False
2026-09-25,other,1583,2pd Medium Gun,Cannon,126,The Settlement,49,0.1,1,10000.0,False
2026-09-25,other,1583,2pd Medium Gun,Cannon,87,Tiburon,49,0.1,1,10000.0,False
2026-09-25,other,1583,2pd Medium Gun,Cannon,213,Tolú,49,0.1,1,10000.0,False
2026-09-25,other,1583,2pd Medium Gun,Cannon,380,Tordo,49,0.1,1,10000.0,False
2026-09-25,other,1583,2pd Medium Gun,Cannon,338,Triangulo,49,0.1,1,10000.0,False
2026-09-25,other,1583,2pd Medium Gun,Cannon,59,Trinidad,49,0.1,1,10000.0,False
2026-09-25,other,1583,2pd Medium Gun,Cannon,249,Triunfo de la Cruz,49,0.1,1,10000.0,False
2026-09-25,other,1583,2pd Medium Gun,Cannon,244,Truxillo,49,0.1,1,10000.0,False
2026-09-25,other,1583,2pd Medium Gun,Cannon,261,Tulum,49,0.1,1,10000.0,False
2026-09-25,other,1583,2pd Medium Gun,Cannon,343,Tumbado,49,0.1,1,10000.0,False
2026-09-25,other,1583,2pd Medium Gun,Cannon,254,Turneffe,49,0.1,1,10000.0,False
2026-09-25,other,1583,2pd Medium Gun,Cannon,6,Turtle Cay,49,0.1,1,10000.0,False
2026-09-25,other,1583,2pd Medium Gun,Cannon,279,Tuspan,49,0.1,1,10000.0,False
2026-09-25,other,1583,2pd Medium Gun,Cannon,276,Vera Cruz,49,0.1,1,10000.0,False
2026-09-25,other,1583,2pd Medium Gun,Cannon,293,Vermiou,49,0.1,1,9988.0,False
2026-09-25,other,1583,2pd Medium Gun,Cannon,273,Victoria,49,0.1,1,10000.0,False
2026-09-25,other,1583,2pd Medium Gun,Cannon,121,Vieques,49,0.1,1,10000.0,False
2026-09-25,other,1583,2pd Medium Gun,Cannon,159,Vieux-Fort,49,0.1,1,10000.0,False
2026-09-25,other,1583,2pd Medium Gun,Cannon,3,Walker's Cay,49,0.1,1,10000.0,False
2026-09-25,other,1583,2pd Medium Gun,Cannon,376,Wantlands Ferry,49,0.1,1,10000.0,False
2026-09-25,other,1583,2pd Medium Gun,Cannon,360,Water Bay,49,0.1,1,10000.0,False
2026-09-25,other,1583,2pd Medium Gun,Cannon,22,Watlings,49,0.1,1,10000.0,False
2026-09-25,other,1583,2pd Medium Gun,Cannon,4,West End,49,0.1,1,9988.0,False
2026-09-25,other,1583,2pd Medium Gun,Cannon,174,Willemstad,49,0.1,1,9914.0,False
2026-09-25,other,1583,2pd Medium Gun,Cannon,364,William's Bay,49,0.1,1,10000.0,False
2026-09-25,other,1583,2pd Medium Gun,Cannon,335,Wilmington,49,0.1,1,10000.0,False
2026-09-25,other,1583,2pd Medium Gun,Cannon,262,Xpu Ha,49,0.1,1,10000.0,False
2026-09-25,other,1583,2pd Medium Gun,Cannon,181,Yaguaraparo,49,0.1,1,10000.0,False
2026-09-25,other,1583,2pd Medium Gun,Cannon,267,Ysil,49,0.1,1,10000.0,False
2026-09-25,other,1583,2pd Medium Gun,Cannon,247,Útila,49,0.1,1,10000.0,False
2026-09-25,other,68,32pd Medium Gun,Cannon,113,Aguadilla,800,0.1,1,10000.0,False
2026-09-25,other,68,32pd Medium Gun,Cannon,289,Ahumada,800,0.1,1,10000.0,False
2026-09-25,other,68,32pd Medium Gun,Cannon,365,Alabaster Rocks,800,0.1,1,10000.0,False
2026-09-25,other,68,32pd Medium Gun,Cannon,342,Alacranes,800,0.1,1,10000.0,False
2026-09-25,other,68,32pd Medium Gun,Cannon,375,All Saints,800,0.1,1,10000.0,False
2026-09-25,other,68,32pd Medium Gun,Cannon,278,Almeria,800,0.1,1,10000.0,False
2026-09-25,other,68,32pd Medium Gun,Cannon,225,Almirante,800,0.1,1,10000.0,False
2026-09-25,other,68,32pd Medium Gun,Cannon,275,Alvarado,800,0.1,1,10000.0,False
2026-09-25,other,68,32pd Medium Gun,Cannon,123,Amalienborg,800,0.1,1,10000.0,False
2026-09-25,other,68,32pd Medium Gun,Cannon,255,Ambergrease Cay,800,0.1,1,10000.0,False
2026-09-25,other,68,32pd Medium Gun,Cannon,304,Apalachicola,800,0.1,1,10000.0,False
2026-09-25,other,68,32pd Medium Gun,Cannon,285,Aransas,800,0.1,1,10000.0,False
2026-09-25,other,68,32pd Medium Gun,Cannon,337,Arcas,800,0.1,1,10000.0,False
2026-09-25,other,68,32pd Medium Gun,Cannon,114,Arecibo,800,0.1,1,10000.0,False
2026-09-25,other,68,32pd Medium Gun,Cannon,340,Arenas,800,0.1,1,10000.0,False
2026-09-25,other,68,32pd Medium Gun,Cannon,17,Arthur's Town,800,0.1,1,10000.0,False
2026-09-25,other,68,32pd Medium Gun,Cannon,260,Asunción,800,0.1,1,10000.0,False
2026-09-25,other,68,32pd Medium Gun,Cannon,294,Atchafalaya,800,0.1,1,10000.0,False
2026-09-25,other,68,32pd Medium Gun,Cannon,24,Atwoods,800,0.1,1,10000.0,False
2026-09-25,other,68,32pd Medium Gun,Cannon,150,Aves,800,0.1,1,10000.0,False
2026-09-25,other,68,32pd Medium Gun,Cannon,325,Ayamonte,800,0.1,1,10000.0,False
2026-09-25,other,68,32pd Medium Gun,Cannon,321,Ays,800,0.1,1,9980.0,False
2026-09-25,other,68,32pd Medium Gun,Cannon,110,Azua,800,0.1,1,10000.0,False
2026-09-25,other,68,32pd Medium Gun,Cannon,103,Bahía Escocesa,800,0.1,1,10000.0,False
2026-09-25,other,68,32pd Medium Gun,Cannon,36,Bahía Honda,800,0.1,1,10000.0,False
2026-09-25,other,68,32pd Medium Gun,Cannon,35,Baja,800,0.1,1,10000.0,False
2026-09-25,other,68,32pd Medium Gun,Cannon,109,Baní,800,0.1,1,10000.0,False
2026-09-25,other,68,32pd Medium Gun,Cannon,50,Baracoa,800,0.1,1,10000.0,False
2026-09-25,other,68,32pd Medium Gun,Cannon,111,Barahona,800,0.1,1,10000.0,False
2026-09-25,other,68,32pd Medium Gun,Cannon,298,Barataria,800,0.1,1,10000.0,False
2026-09-25,other,68,32pd Medium Gun,Cannon,67,Barcos,800,0.1,1,10000.0,False
2026-09-25,other,68,32pd Medium Gun,Cannon,211,Barranquilla,800,0.1,1,10000.0,False
2026-09-25,other,68,32pd Medium Gun,Cannon,146,Basse-Terre,800,0.1,1,10000.0,False
2026-09-25,other,68,32pd Medium Gun,Cannon,137,Basseterre Town,800,0.1,1,10000.0,False
2026-09-25,other,68,32pd Medium Gun,Cannon,63,Batabanó,800,0.1,1,10000.0,False
2026-09-25,other,68,32pd Medium Gun,Cannon,339,Baxo Nuevo,800,0.1,1,10000.0,False
2026-09-25,other,68,32pd Medium Gun,Cannon,332,Beaufort,800,0.1,1,10000.0,False
2026-09-25,other,68,32pd Medium Gun,Cannon,253,Belize,800,0.1,1,10000.0,False
2026-09-25,other,68,32pd Medium Gun,Cannon,257,Bensalem,800,0.1,1,10000.0,False
2026-09-25,other,68,32pd Medium Gun,Cannon,277,Bernal,800,0.1,1,10000.0,False
2026-09-25,other,68,32pd Medium Gun,Cannon,299,Biloxi,800,0.1,1,10000.0,False
2026-09-25,other,68,32pd Medium Gun,Cannon,10,Bimini,800,0.1,1,10000.0,False
2026-09-25,other,68,32pd Medium Gun,Cannon,243,Black River,800,0.1,1,10000.0,False
2026-09-25,other,68,32pd Medium Gun,Cannon,32,Blondel Cay,800,0.1,1,10000.0,False
2026-09-25,other,68,32pd Medium Gun,Cannon,230,Bluefields,800,0.1,1,10000.0,False
2026-09-25,other,68,32pd Medium Gun,Cannon,245,Bonacca,800,0.1,1,10000.0,False
2026-09-25,other,68,32pd Medium Gun,Cannon,350,Bone Cay,800,0.1,1,10000.0,False
2026-09-25,other,68,32pd Medium Gun,Cannon,237,Brangman's Bluff,800,0.1,1,10000.0,False
2026-09-25,other,68,32pd Medium Gun,Cannon,242,Brewers,800,0.1,1,10000.0,False
2026-09-25,other,68,32pd Medium Gun,Cannon,161,Bridgetown,800,0.1,1,10000.0,False
2026-09-25,other,68,32pd Medium Gun,Cannon,329,Brunswick,800,0.1,1,10000.0,False
2026-09-25,other,68,32pd Medium Gun,Cannon,215,Buena Vista,800,0.1,1,10000.0,False
2026-09-25,other,68,32pd Medium Gun,Cannon,351,Bugle Cay,800,0.1,1,10000.0,False
2026-09-25,other,68,32pd Medium Gun,Cannon,318,Cabo Cañaveral,800,0.1,1,10000.0,False
2026-09-25,other,68,32pd Medium Gun,Cannon,208,Cabo de la Vela,800,0.1,1,10000.0,False
2026-09-25,other,68,32pd Medium Gun,Cannon,120,Cabo Rojo,800,0.1,1,10000.0,False
2026-09-25,other,68,32pd Medium Gun,Cannon,291,Calcasieu,800,0.1,1,10000.0,False
2026-09-25,other,68,32pd Medium Gun,Cannon,222,Calobelo,800,0.1,1,10000.0,False
2026-09-25,other,68,32pd Medium Gun,Cannon,149,Camp du Roy,800,0.1,1,10000.0,False
2026-09-25,other,68,32pd Medium Gun,Cannon,269,Campeche,800,0.1,1,10000.0,False
2026-09-25,other,68,32pd Medium Gun,Cannon,216,Canalete,800,0.1,1,10000.0,False
2026-09-25,other,68,32pd Medium Gun,Cannon,97,Cap-Français,800,0.1,1,10000.0,False
2026-09-25,other,68,32pd Medium Gun,Cannon,193,Caracas,800,0.1,1,10000.0,False
2026-09-25,other,68,32pd Medium Gun,Cannon,40,Carahatas,800,0.1,1,10000.0,False
2026-09-25,other,68,32pd Medium Gun,Cannon,188,Cariaco,800,0.1,1,10000.0,False
2026-09-25,other,68,32pd Medium Gun,Cannon,80,Carlisle,800,0.1,1,10000.0,False
2026-09-25,other,68,32pd Medium Gun,Cannon,163,Carriacou,800,0.1,1,10000.0,False
2026-09-25,other,68,32pd Medium Gun,Cannon,212,Cartagena de Indias,800,0.1,1,10000.0,False
2026-09-25,other,68,32pd Medium Gun,Cannon,184,Carúpano,800,0.1,1,10000.0,False
2026-09-25,other,68,32pd Medium Gun,Cannon,198,Casigua,800,0.1,1,10000.0,False
2026-09-25,other,68,32pd Medium Gun,Cannon,158,Castries,800,0.1,1,10000.0,False
2026-09-25,other,68,32pd Medium Gun,Cannon,74,Cayman Brac,800,0.1,1,10000.0,False
2026-09-25,other,68,32pd Medium Gun,Cannon,323,Cayo Biscayno,800,0.1,1,10000.0,False
2026-09-25,other,68,32pd Medium Gun,Cannon,41,Cayo de Sal,800,0.1,1,10000.0,False
2026-09-25,other,68,32pd Medium Gun,Cannon,308,Cayo del Anclote,800,0.1,1,9990.0,False
2026-09-25,other,68,32pd Medium Gun,Cannon,317,Cayo Largo,800,0.1,1,10000.0,False
2026-09-25,other,68,32pd Medium Gun,Cannon,44,Cayo Romano,800,0.1,1,10000.0,False
2026-09-25,other,68,32pd Medium Gun,Cannon,315,Cayo Vacas,800,0.1,1,10000.0,False
2026-09-25,other,68,32pd Medium Gun,Cannon,178,Caño Araguabisi,800,0.1,1,10000.0,False
2026-09-25,other,68,32pd Medium Gun,Cannon,177,Caño Araguao,800,0.1,1,10000.0,False
2026-09-25,other,68,32pd Medium Gun,Cannon,167,Caño Macareo,800,0.1,1,10000.0,False
2026-09-25,other,68,32pd Medium Gun,Cannon,221,Chagres,800,0.1,1,10000.0,False
2026-09-25,other,68,32pd Medium Gun,Cannon,270,Champotón,800,0.1,1,10000.0,False
2026-09-25,other,68,32pd Medium Gun,Cannon,138,Charles Town,800,0.1,1,10000.0,False
2026-09-25,other,68,32pd Medium Gun,Cannon,333,Charleston,800,0.1,1,10000.0,False
2026-09-25,other,68,32pd Medium Gun,Cannon,258,Chinchorro,800,0.1,1,10000.0,False
2026-09-25,other,68,32pd Medium Gun,Cannon,224,Chiriquí,800,0.1,1,10000.0,False
2026-09-25,other,68,32pd Medium Gun,Cannon,129,Christiansted,800,0.1,1,10000.0,False
2026-09-25,other,68,32pd Medium Gun,Cannon,61,Cochinos,800,0.1,1,10000.0,False
2026-09-25,other,68,32pd Medium Gun,Cannon,70,Cocodrilo,800,0.1,1,10000.0,False
2026-09-25,other,68,32pd Medium Gun,Cannon,134,Codrington,800,0.1,1,10000.0,False
2026-09-25,other,68,32pd Medium Gun,Cannon,206,Cojoro,800,0.1,1,10000.0,False
2026-09-25,other,68,32pd Medium Gun,Cannon,223,Concepción,800,0.1,1,10000.0,False
2026-09-25,other,68,32pd Medium Gun,Cannon,259,Congrios,800,0.1,1,9974.0,False
2026-09-25,other,68,32pd Medium Gun,Cannon,264,Conil,800,0.1,1,10000.0,False
2026-09-25,other,68,32pd Medium Gun,Cannon,292,Constance,800,0.1,1,10000.0,False
2026-09-25,other,68,32pd Medium Gun,Cannon,344,Conttoy,800,0.1,1,10000.0,False
2026-09-25,other,68,32pd Medium Gun,Cannon,207,Coquibacoa,800,0.1,1,10000.0,False
2026-09-25,other,68,32pd Medium Gun,Cannon,124,Coral Bay,800,0.1,1,10000.0,False
2026-09-25,other,68,32pd Medium Gun,Cannon,196,Coro,800,0.1,1,10000.0,False
2026-09-25,other,68,32pd Medium Gun,Cannon,66,Corrientes,800,0.1,1,10000.0,False
2026-09-25,other,68,32pd Medium Gun,Cannon,241,Croata,800,0.1,1,10000.0,False
2026-09-25,other,68,32pd Medium Gun,Cannon,361,Crown Haven,800,0.1,1,10000.0,False
2026-09-25,other,68,32pd Medium Gun,Cannon,372,Cul-de-Sac,800,0.1,1,10000.0,False
2026-09-25,other,68,32pd Medium Gun,Cannon,189,Cumaná,800,0.1,1,10000.0,False
2026-09-25,other,68,32pd Medium Gun,Cannon,69,Daguilla,800,0.1,1,10000.0,False
2026-09-25,other,68,32pd Medium Gun,Cannon,214,Dariena,800,0.1,1,10000.0,False
2026-09-25,other,68,32pd Medium Gun,Cannon,20,Deadman's Cay,800,0.1,1,10000.0,False
2026-09-25,other,68,32pd Medium Gun,Cannon,147,Deshaies,800,0.1,1,10000.0,False
2026-09-25,other,68,32pd Medium Gun,Cannon,265,El Cuyo,800,0.1,1,10000.0,False
2026-09-25,other,68,32pd Medium Gun,Cannon,286,El Rancho,800,0.1,1,10000.0,False
2026-09-25,other,68,32pd Medium Gun,Cannon,107,El Soco,800,0.1,1,10000.0,False
2026-09-25,other,68,32pd Medium Gun,Cannon,166,El Toco,800,0.1,1,10000.0,False
2026-09-25,other,68,32pd Medium Gun,Cannon,202,Encontrados,800,0.1,1,10000.0,False
2026-09-25,other,68,32pd Medium Gun,Cannon,141,English Harbour,800,0.1,1,10000.0,False
2026-09-25,other,68,32pd Medium Gun,Cannon,274,Espíritu Santo,800,0.1,1,10000.0,False
2026-09-25,other,68,32pd Medium Gun,Cannon,284,Esteros,800,0.1,1,10000.0,False
2026-09-25,other,68,32pd Medium Gun,Cannon,116,Fajardo,800,0.1,1,10000.0,False
2026-09-25,other,68,32pd Medium Gun,Cannon,354,Flatts,800,0.1,1,10000.0,False
2026-09-25,other,68,32pd Medium Gun,Cannon,135,Fort Baai,800,0.1,1,10000.0,False
2026-09-25,other,68,32pd Medium Gun,Cannon,173,Fort Oranje,800,0.1,1,10000.0,False
2026-09-25,other,68,32pd Medium Gun,Cannon,175,Fort Zoutman,800,0.1,1,10000.0,False
2026-09-25,other,68,32pd Medium Gun,Cannon,98,Fort-Dauphin,800,0.1,1,10000.0,False
2026-09-25,other,68,32pd Medium Gun,Cannon,156,Fort-Royal,800,0.1,1,10000.0,False
2026-09-25,other,68,32pd Medium Gun,Cannon,128,Frederiksted,800,0.1,1,10000.0,False
2026-09-25,other,68,32pd Medium Gun,Cannon,359,Frozen Cay,800,0.1,1,10000.0,False
2026-09-25,other,68,32pd Medium Gun,Cannon,183,Galdonas,800,0.1,1,10000.0,False
2026-09-25,other,68,32pd Medium Gun,Cannon,311,Gasparilla,800,0.1,1,10000.0,False
2026-09-25,other,68,32pd Medium Gun,Cannon,72,George Town,800,0.1,1,10000.0,False
2026-09-25,other,68,32pd Medium Gun,Cannon,18,George's Town,800,0.1,1,10000.0,False
2026-09-25,other,68,32pd Medium Gun,Cannon,334,Georgetown,800,0.1,1,10000.0,False
2026-09-25,other,68,32pd Medium Gun,Cannon,201,Gibraltar,800,0.1,1,10000.0,False
2026-09-25,other,68,32pd Medium Gun,Cannon,16,Governor's Harbour,800,0.1,1,10000.0,False
2026-09-25,other,68,32pd Medium Gun,Cannon,240,Gracias a Dios,800,0.1,1,10000.0,False
2026-09-25,other,68,32pd Medium Gun,Cannon,153,Grand Anse,800,0.1,1,10000.0,False
2026-09-25,other,68,32pd Medium Gun,Cannon,33,Grand Turk,800,0.1,1,10000.0,False
2026-09-25,other,68,32pd Medium Gun,Cannon,231,Great Corn,800,0.1,1,10000.0,False
2026-09-25,other,68,32pd Medium Gun,Cannon,233,Great River,800,0.1,1,10000.0,False
2026-09-25,other,68,32pd Medium Gun,Cannon,367,Green Cay,800,0.1,1,10000.0,False
2026-09-25,other,68,32pd Medium Gun,Cannon,229,Grindstone,800,0.1,1,10000.0,False
2026-09-25,other,68,32pd Medium Gun,Cannon,374,Guacata,800,0.1,1,10000.0,False
2026-09-25,other,68,32pd Medium Gun,Cannon,53,Guamá Sevilla,800,0.1,1,10000.0,False
2026-09-25,other,68,32pd Medium Gun,Cannon,179,Guayaguayare,800,0.1,1,10000.0,False
2026-09-25,other,68,32pd Medium Gun,Cannon,117,Guayama,800,0.1,1,10000.0,False
2026-09-25,other,68,32pd Medium Gun,Cannon,48,Guibara,800,0.1,1,10000.0,False
2026-09-25,other,68,32pd Medium Gun,Cannon,133,Gustavia,800,0.1,1,9978.0,False
2026-09-25,other,68,32pd Medium Gun,Cannon,119,Guánica,800,0.1,1,10000.0,False
2026-09-25,other,68,32pd Medium Gun,Cannon,182,Güiria,800,0.1,1,10000.0,False
2026-09-25,other,68,32pd Medium Gun,Cannon,15,Harbour Island,800,0.1,1,10000.0,False
2026-09-25,other,68,32pd Medium Gun,Cannon,130,Hat Island,800,0.1,1,10000.0,False
2026-09-25,other,68,32pd Medium Gun,Cannon,232,Haulover,800,0.1,1,10000.0,False
2026-09-25,other,68,32pd Medium Gun,Cannon,106,Higüey,800,0.1,1,10000.0,False
2026-09-25,other,68,32pd Medium Gun,Cannon,306,Hitten Hatcha,800,0.1,1,10000.0,False
2026-09-25,other,68,32pd Medium Gun,Cannon,316,Islamorada,800,0.1,1,10000.0,False
2026-09-25,other,68,32pd Medium Gun,Cannon,370,Island Harbour,800,0.1,1,10000.0,False
2026-09-25,other,68,32pd Medium Gun,Cannon,28,Islet,800,0.1,1,10000.0,False
2026-09-25,other,68,32pd Medium Gun,Cannon,83,Jacmel,800,0.1,1,10000.0,False
2026-09-25,other,68,32pd Medium Gun,Cannon,60,Jagua,800,0.1,1,10000.0,False
2026-09-25,other,68,32pd Medium Gun,Cannon,320,Jobe,800,0.1,1,10000.0,False
2026-09-25,other,68,32pd Medium Gun,Cannon,88,Jérémie,800,0.1,1,9974.0,False
2026-09-25,other,68,32pd Medium Gun,Cannon,13,Kemp's Bay,800,0.1,1,10000.0,False
2026-09-25,other,68,32pd Medium Gun,Cannon,313,Key West,800,0.1,1,10000.0,False
2026-09-25,other,68,32pd Medium Gun,Cannon,357,Kidd's Harbour,800,0.1,1,10000.0,False
2026-09-25,other,68,32pd Medium Gun,Cannon,79,Kingston / Port Royal,800,0.1,1,9944.0,False
2026-09-25,other,68,32pd Medium Gun,Cannon,162,Kingstown,800,0.1,1,10000.0,False
2026-09-25,other,68,32pd Medium Gun,Cannon,42,La Anguila,800,0.1,1,10000.0,False
2026-09-25,other,68,32pd Medium Gun,Cannon,287,La Bahía,800,0.1,1,10000.0,False
2026-09-25,other,68,32pd Medium Gun,Cannon,341,La Bermeja,800,0.1,1,10000.0,False
2026-09-25,other,68,32pd Medium Gun,Cannon,170,La Blanquilla,800,0.1,1,10000.0,False
2026-09-25,other,68,32pd Medium Gun,Cannon,363,La Desconocida,800,0.1,1,10000.0,False
2026-09-25,other,68,32pd Medium Gun,Cannon,139,La Désirade,800,0.1,1,10000.0,False
2026-09-25,other,68,32pd Medium Gun,Cannon,45,La Guanaja,800,0.1,1,10000.0,False
2026-09-25,other,68,32pd Medium Gun,Cannon,38,La Habana,800,0.1,1,10000.0,False
2026-09-25,other,68,32pd Medium Gun,Cannon,100,La Isabela,800,0.1,1,9972.0,False
2026-09-25,other,68,32pd Medium Gun,Cannon,112,La Mona,800,0.1,1,10000.0,False
2026-09-25,other,68,32pd Medium Gun,Cannon,373,La Moussette,800,0.1,1,10000.0,False
2026-09-25,other,68,32pd Medium Gun,Cannon,85,La Navasse,800,0.1,1,10000.0,False
2026-09-25,other,68,32pd Medium Gun,Cannon,171,La Orchilla,800,0.1,1,10000.0,False
2026-09-25,other,68,32pd Medium Gun,Cannon,96,La Tortue,800,0.1,1,9976.0,False
2026-09-25,other,68,32pd Medium Gun,Cannon,187,La Tortuga,800,0.1,1,10000.0,False
2026-09-25,other,68,32pd Medium Gun,Cannon,154,La Trinité,800,0.1,1,10000.0,False
2026-09-25,other,68,32pd Medium Gun,Cannon,199,Lagunillas,800,0.1,1,10000.0,False
2026-09-25,other,68,32pd Medium Gun,Cannon,172,Las Aves,800,0.1,1,10000.0,False
2026-09-25,other,68,32pd Medium Gun,Cannon,307,Las Sabinas,800,0.1,1,10000.0,False
2026-09-25,other,68,32pd Medium Gun,Cannon,314,Las Tortugas,800,0.1,1,10000.0,False
2026-09-25,other,68,32pd Medium Gun,Cannon,143,Le Moule,800,0.1,1,10000.0,False
2026-09-25,other,68,32pd Medium Gun,Cannon,86,Les Cayes,800,0.1,1,10000.0,False
2026-09-25,other,68,32pd Medium Gun,Cannon,93,Les Gonaïves,800,0.1,1,10000.0,False
2026-09-25,other,68,32pd Medium Gun,Cannon,73,Little Cayman,800,0.1,1,10000.0,False
2026-09-25,other,68,32pd Medium Gun,Cannon,8,Little Harbour,800,0.1,1,10000.0,False
2026-09-25,other,68,32pd Medium Gun,Cannon,29,Little Inagua,800,0.1,1,10000.0,False
2026-09-25,other,68,32pd Medium Gun,Cannon,362,Little Isaac Rocks,800,0.1,1,10000.0,False
2026-09-25,other,68,32pd Medium Gun,Cannon,381,Little River,800,0.1,1,10000.0,False
2026-09-25,other,68,32pd Medium Gun,Cannon,31,Lorimers,800,0.1,1,10000.0,False
2026-09-25,other,68,32pd Medium Gun,Cannon,90,Léogane,800,0.1,1,10000.0,False
2026-09-25,other,68,32pd Medium Gun,Cannon,186,Macanao,800,0.1,1,10000.0,False
2026-09-25,other,68,32pd Medium Gun,Cannon,105,Macao,800,0.1,1,10000.0,False
2026-09-25,other,68,32pd Medium Gun,Cannon,312,Manataca,800,0.1,1,10000.0,False
2026-09-25,other,68,32pd Medium Gun,Cannon,219,Mandinga,800,0.1,1,10000.0,False
2026-09-25,other,68,32pd Medium Gun,Cannon,358,Mangrove Cay,800,0.1,1,10000.0,False
2026-09-25,other,68,32pd Medium Gun,Cannon,34,Mantua,800,0.1,1,10000.0,False
2026-09-25,other,68,32pd Medium Gun,Cannon,55,Manzanillo,800,0.1,1,10000.0,False
2026-09-25,other,68,32pd Medium Gun,Cannon,204,Maracaibo,800,0.1,1,10000.0,False
2026-09-25,other,68,32pd Medium Gun,Cannon,37,Mariel,800,0.1,1,10000.0,False
2026-09-25,other,68,32pd Medium Gun,Cannon,131,Marigot,800,0.1,1,10000.0,False
2026-09-25,other,68,32pd Medium Gun,Cannon,155,Marin,800,0.1,1,10000.0,False
2026-09-25,other,68,32pd Medium Gun,Cannon,9,Marsh Harbour,800,0.1,1,10000.0,False
2026-09-25,other,68,32pd Medium Gun,Cannon,39,Matanzas,800,0.1,1,10000.0,False
2026-09-25,other,68,32pd Medium Gun,Cannon,227,Matina,800,0.1,1,10000.0,False
2026-09-25,other,68,32pd Medium Gun,Cannon,26,Mayaguana,800,0.1,1,10000.0,False
2026-09-25,other,68,32pd Medium Gun,Cannon,11,Mimbres,800,0.1,1,10000.0,False
2026-09-25,other,68,32pd Medium Gun,Cannon,347,Misteriosa,800,0.1,1,10000.0,False
2026-09-25,other,68,32pd Medium Gun,Cannon,197,Mitara,800,0.1,1,10000.0,False
2026-09-25,other,68,32pd Medium Gun,Cannon,300,Mobile,800,0.1,1,10000.0,False
2026-09-25,other,68,32pd Medium Gun,Cannon,99,Montecristi,800,0.1,1,10000.0,False
2026-09-25,other,68,32pd Medium Gun,Cannon,75,Montego Bay,800,0.1,1,10000.0,False
2026-09-25,other,68,32pd Medium Gun,Cannon,12,Morgan's Bluff,800,0.1,1,10000.0,False
2026-09-25,other,68,32pd Medium Gun,Cannon,248,Morro Chico,800,0.1,1,10000.0,False
2026-09-25,other,68,32pd Medium Gun,Cannon,27,Mortimer Town,800,0.1,1,9999.0,False
2026-09-25,other,68,32pd Medium Gun,Cannon,238,Mosquito Cay,800,0.1,1,10000.0,False
2026-09-25,other,68,32pd Medium Gun,Cannon,345,Mugeres,800,0.1,1,10000.0,False
2026-09-25,other,68,32pd Medium Gun,Cannon,168,Naparima,800,0.1,1,10000.0,False
2026-09-25,other,68,32pd Medium Gun,Cannon,14,Nassau,800,0.1,1,10000.0,False
2026-09-25,other,68,32pd Medium Gun,Cannon,217,New Edinburgh,800,0.1,1,10000.0,False
2026-09-25,other,68,32pd Medium Gun,Cannon,324,New Smyrna,800,0.1,1,10000.0,False
2026-09-25,other,68,32pd Medium Gun,Cannon,89,Nippes,800,0.1,1,9974.0,False
2026-09-25,other,68,32pd Medium Gun,Cannon,356,North Inlet,800,0.1,1,10000.0,False
2026-09-25,other,68,32pd Medium Gun,Cannon,297,Nouvelle-Orléans,800,0.1,1,10000.0,False
2026-09-25,other,68,32pd Medium Gun,Cannon,190,Nueva Barcelona,800,0.1,1,10000.0,False
2026-09-25,other,68,32pd Medium Gun,Cannon,46,Nuevitas,800,0.1,1,10000.0,False
2026-09-25,other,68,32pd Medium Gun,Cannon,368,Ocean Bight,800,0.1,1,10000.0,False
2026-09-25,other,68,32pd Medium Gun,Cannon,235,Old Providence,800,0.1,1,10000.0,False
2026-09-25,other,68,32pd Medium Gun,Cannon,250,Omoa,800,0.1,1,10000.0,False
2026-09-25,other,68,32pd Medium Gun,Cannon,136,Oranjestad,800,0.1,1,10000.0,False
2026-09-25,other,68,32pd Medium Gun,Cannon,185,Pampatar,800,0.1,1,10000.0,False
2026-09-25,other,68,32pd Medium Gun,Cannon,30,Parrot Cay,800,0.1,1,10000.0,False
2026-09-25,other,68,32pd Medium Gun,Cannon,122,Pasaje,800,0.1,1,10000.0,False
2026-09-25,other,68,32pd Medium Gun,Cannon,180,Pedernales,800,0.1,1,10000.0,False
2026-09-25,other,68,32pd Medium Gun,Cannon,352,Pedro Cay,800,0.1,1,10000.0,False
2026-09-25,other,68,32pd Medium Gun,Cannon,301,Penzacola,800,0.1,1,10000.0,False
2026-09-25,other,68,32pd Medium Gun,Cannon,203,Perijá,800,0.1,1,10000.0,False
2026-09-25,other,68,32pd Medium Gun,Cannon,132,Philipsburg,800,0.1,1,10000.0,False
2026-09-25,other,68,32pd Medium Gun,Cannon,65,Pinar del Río,800,0.1,1,10000.0,False
2026-09-25,other,68,32pd Medium Gun,Cannon,23,Pitt's Town,800,0.1,1,10000.0,False
2026-09-25,other,68,32pd Medium Gun,Cannon,252,Placentia,800,0.1,1,10000.0,False
2026-09-25,other,68,32pd Medium Gun,Cannon,346,Placer,800,0.1,1,10000.0,False
2026-09-25,other,68,32pd Medium Gun,Cannon,218,Playón,800,0.1,1,10000.0,False
2026-09-25,other,68,32pd Medium Gun,Cannon,369,Plymouth,800,0.1,1,10000.0,False
2026-09-25,other,68,32pd Medium Gun,Cannon,145,Pointe-à-Pitre,800,0.1,1,10000.0,False
2026-09-25,other,68,32pd Medium Gun,Cannon,118,Ponce,800,0.1,1,10000.0,False
2026-09-25,other,68,32pd Medium Gun,Cannon,77,Port Antonio,800,0.1,1,10000.0,False
2026-09-25,other,68,32pd Medium Gun,Cannon,19,Port Howe,800,0.1,1,10000.0,False
2026-09-25,other,68,32pd Medium Gun,Cannon,78,Port Morant,800,0.1,1,10000.0,False
2026-09-25,other,68,32pd Medium Gun,Cannon,91,Port-au-Prince,800,0.1,1,10000.0,False
2026-09-25,other,68,32pd Medium Gun,Cannon,95,Port-de-Paix,800,0.1,1,10000.0,False
2026-09-25,other,68,32pd Medium Gun,Cannon,142,Port-Louis,800,0.1,1,10000.0,False
2026-09-25,other,68,32pd Medium Gun,Cannon,54,Portillo,800,0.1,1,10000.0,False
2026-09-25,other,68,32pd Medium Gun,Cannon,220,Portobelo,800,0.1,1,10000.0,False
2026-09-25,other,68,32pd Medium Gun,Cannon,234,Prinzapolka,800,0.1,1,10000.0,False
2026-09-25,other,68,32pd Medium Gun,Cannon,194,Puerto Cabello,800,0.1,1,10000.0,False
2026-09-25,other,68,32pd Medium Gun,Cannon,169,Puerto de España,800,0.1,1,10000.0,False
2026-09-25,other,68,32pd Medium Gun,Cannon,49,Puerto de Nipe,800,0.1,1,10000.0,False
2026-09-25,other,68,32pd Medium Gun,Cannon,47,Puerto del Padre,800,0.1,1,10000.0,False
2026-09-25,other,68,32pd Medium Gun,Cannon,51,Puerto Escondido,800,0.1,1,10000.0,False
2026-09-25,other,68,32pd Medium Gun,Cannon,101,Puerto Plata,800,0.1,1,10000.0,False
2026-09-25,other,68,32pd Medium Gun,Cannon,271,Puerto Real,800,0.1,1,10000.0,False
2026-09-25,other,68,32pd Medium Gun,Cannon,191,Píritu,800,0.1,1,10000.0,False
2026-09-25,other,68,32pd Medium Gun,Cannon,21,Ragged Cay,800,0.1,1,10000.0,False
2026-09-25,other,68,32pd Medium Gun,Cannon,43,Remedios,800,0.1,1,10000.0,False
2026-09-25,other,68,32pd Medium Gun,Cannon,102,Rincón,800,0.1,1,10000.0,False
2026-09-25,other,68,32pd Medium Gun,Cannon,5,Road Rocks,800,0.1,1,10000.0,False
2026-09-25,other,68,32pd Medium Gun,Cannon,125,Road Town,800,0.1,1,10000.0,False
2026-09-25,other,68,32pd Medium Gun,Cannon,64,Robras,800,0.1,1,10000.0,False
2026-09-25,other,68,32pd Medium Gun,Cannon,151,Rosaly,800,0.1,1,10000.0,False
2026-09-25,other,68,32pd Medium Gun,Cannon,152,Roseau,800,0.1,1,10000.0,False
2026-09-25,other,68,32pd Medium Gun,Cannon,246,Ruatan,800,0.1,1,10000.0,False
2026-09-25,other,68,32pd Medium Gun,Cannon,377,Rum Cove,800,0.1,1,10000.0,False
2026-09-25,other,68,32pd Medium Gun,Cannon,192,Río Chico,800,0.1,1,10000.0,False
2026-09-25,other,68,32pd Medium Gun,Cannon,209,Río de la Hacha,800,0.1,1,10000.0,False
2026-09-25,other,68,32pd Medium Gun,Cannon,319,Río Seco,800,0.1,1,10000.0,False
2026-09-25,other,68,32pd Medium Gun,Cannon,195,Río Tocuyo,800,0.1,1,10000.0,False
2026-09-25,other,68,32pd Medium Gun,Cannon,290,Sabina,800,0.1,1,10000.0,False
2026-09-25,other,68,32pd Medium Gun,Cannon,76,Saint Ann,800,0.1,1,10000.0,False
2026-09-25,other,68,32pd Medium Gun,Cannon,164,Saint George,800,0.1,1,10000.0,False
2026-09-25,other,68,32pd Medium Gun,Cannon,355,Saint George's Town,800,0.1,1,10000.0,False
2026-09-25,other,68,32pd Medium Gun,Cannon,140,Saint John's,800,0.1,1,10000.0,False
2026-09-25,other,68,32pd Medium Gun,Cannon,160,Saint Joseph,800,0.1,1,10000.0,False
2026-09-25,other,68,32pd Medium Gun,Cannon,330,Saint Marys,800,0.1,1,10000.0,False
2026-09-25,other,68,32pd Medium Gun,Cannon,144,Saint-François,800,0.1,1,10000.0,False
2026-09-25,other,68,32pd Medium Gun,Cannon,84,Saint-Louis,800,0.1,1,10000.0,False
2026-09-25,other,68,32pd Medium Gun,Cannon,296,Saint-Malo,800,0.1,1,10000.0,False
2026-09-25,other,68,32pd Medium Gun,Cannon,92,Saint-Marc,800,0.1,1,10000.0,False
2026-09-25,other,68,32pd Medium Gun,Cannon,94,Saint-Nicolas,800,0.1,1,10000.0,False
2026-09-25,other,68,32pd Medium Gun,Cannon,157,Saint-Pierre,800,0.1,1,10000.0,False
2026-09-25,other,68,32pd Medium Gun,Cannon,256,Salamanca,800,0.1,1,10000.0,False
2026-09-25,other,68,32pd Medium Gun,Cannon,82,Sale-Trou,800,0.1,1,10000.0,False
2026-09-25,other,68,32pd Medium Gun,Cannon,25,Salina Point,800,0.1,1,10000.0,False
2026-09-25,other,68,32pd Medium Gun,Cannon,379,Salinas,800,0.1,1,10000.0,False
2026-09-25,other,68,32pd Medium Gun,Cannon,104,Samaná,800,0.1,1,10000.0,False
2026-09-25,other,68,32pd Medium Gun,Cannon,326,San Agustín,800,0.1,1,10000.0,False
2026-09-25,other,68,32pd Medium Gun,Cannon,236,San Andrés,800,0.1,1,10000.0,False
2026-09-25,other,68,32pd Medium Gun,Cannon,283,San Fernando,800,0.1,1,10000.0,False
2026-09-25,other,68,32pd Medium Gun,Cannon,303,San José,800,0.1,1,10000.0,False
2026-09-25,other,68,32pd Medium Gun,Cannon,115,San Juan,800,0.1,1,10000.0,False
2026-09-25,other,68,32pd Medium Gun,Cannon,228,San Juan del Norte,800,0.1,1,10000.0,False
2026-09-25,other,68,32pd Medium Gun,Cannon,62,San Lazaro,800,0.1,1,10000.0,False
2026-09-25,other,68,32pd Medium Gun,Cannon,288,San Luis,800,0.1,1,10000.0,False
2026-09-25,other,68,32pd Medium Gun,Cannon,305,San Marcos,800,0.1,1,10000.0,False
2026-09-25,other,68,32pd Medium Gun,Cannon,327,San Mateo,800,0.1,1,10000.0,False
2026-09-25,other,68,32pd Medium Gun,Cannon,322,San Sebastian,800,0.1,1,10000.0,False
2026-09-25,other,68,32pd Medium Gun,Cannon,200,San Timoteo,800,0.1,1,10000.0,False
2026-09-25,other,68,32pd Medium Gun,Cannon,58,Sancti Spíritus,800,0.1,1,10000.0,False
2026-09-25,other,68,32pd Medium Gun,Cannon,239,Sandy Bay,800,0.1,1,10000.0,False
2026-09-25,other,68,32pd Medium Gun,Cannon,371,Sandy Hill,800,0.1,1,10000.0,False
2026-09-25,other,68,32pd Medium Gun,Cannon,7,Sandy Point,800,0.1,1,10000.0,False
2026-09-25,other,68,32pd Medium Gun,Cannon,272,Santa Ana,800,0.1,1,10000.0,False
2026-09-25,other,68,32pd Medium Gun,Cannon,56,Santa Cruz,800,0.1,1,10000.0,False
2026-09-25,other,68,32pd Medium Gun,Cannon,68,Santa Fe,800,0.1,1,10000.0,False
2026-09-25,other,68,32pd Medium Gun,Cannon,210,Santa Marta,800,0.1,1,10000.0,False
2026-09-25,other,68,32pd Medium Gun,Cannon,57,Santa María,800,0.1,1,10000.0,False
2026-09-25,other,68,32pd Medium Gun,Cannon,302,Santa Rosa,800,0.1,1,10000.0,False
2026-09-25,other,68,32pd Medium Gun,Cannon,348,Santanillas,800,0.1,1,10000.0,False
2026-09-25,other,68,32pd Medium Gun,Cannon,52,Santiago de Cuba,800,0.1,1,10000.0,False
2026-09-25,other,68,32pd Medium Gun,Cannon,108,Santo Domingo,800,0.1,1,10000.0,False
2026-09-25,other,68,32pd Medium Gun,Cannon,251,Santo Tomás,800,0.1,1,10000.0,False
2026-09-25,other,68,32pd Medium Gun,Cannon,176,Santo Tomé de Guayana,800,0.1,1,10000.0,False
2026-09-25,other,68,32pd Medium Gun,Cannon,310,Sarazota,800,0.1,1,10000.0,False
2026-09-25,other,68,32pd Medium Gun,Cannon,81,Savanna la Mar,800,0.1,1,10000.0,False
2026-09-25,other,68,32pd Medium Gun,Cannon,331,Savannah,800,0.1,1,10000.0,False
2026-09-25,other,68,32pd Medium Gun,Cannon,165,Scarborough,800,0.1,1,10000.0,False
2026-09-25,other,68,32pd Medium Gun,Cannon,266,Selam,800,0.1,1,10000.0,False
2026-09-25,other,68,32pd Medium Gun,Cannon,349,Serrana,800,0.1,1,10000.0,False
2026-09-25,other,68,32pd Medium Gun,Cannon,366,Shroud Cay,800,0.1,1,9990.0,False
2026-09-25,other,68,32pd Medium Gun,Cannon,71,Siguanea,800,0.1,1,10000.0,False
2026-09-25,other,68,32pd Medium Gun,Cannon,205,Sinamaica,800,0.1,1,10000.0,False
2026-09-25,other,68,32pd Medium Gun,Cannon,268,Sisal,800,0.1,1,10000.0,False
2026-09-25,other,68,32pd Medium Gun,Cannon,353,Somerset,800,0.1,1,10000.0,False
2026-09-25,other,68,32pd Medium Gun,Cannon,282,Soto La Marina,800,0.1,1,10000.0,False
2026-09-25,other,68,32pd Medium Gun,Cannon,127,Spanish Town,800,0.1,1,10000.0,False
2026-09-25,other,68,32pd Medium Gun,Cannon,328,Sunbury,800,0.1,1,10000.0,False
2026-09-25,other,68,32pd Medium Gun,Cannon,336,Swannsborough,800,0.1,1,10000.0,False
2026-09-25,other,68,32pd Medium Gun,Cannon,226,Talamanca,800,0.1,1,10000.0,False
2026-09-25,other,68,32pd Medium Gun,Cannon,281,Tamiagua,800,0.1,1,10000.0,False
2026-09-25,other,68,32pd Medium Gun,Cannon,309,Tampa,800,0.1,1,10000.0,False
2026-09-25,other,68,32pd Medium Gun,Cannon,280,Tampico,800,0.1,1,10000.0,False
2026-09-25,other,68,32pd Medium Gun,Cannon,263,Tantun Cuzamil,800,0.1,1,10000.0,False
2026-09-25,other,68,32pd Medium Gun,Cannon,148,Terre-de-Bas,800,0.1,1,10000.0,False
2026-09-25,other,68,32pd Medium Gun,Cannon,295,Terrebonne,800,0.1,1,10000.0,False
2026-09-25,other,68,32pd Medium Gun,Cannon,126,The Settlement,800,0.1,1,10000.0,False
2026-09-25,other,68,32pd Medium Gun,Cannon,87,Tiburon,800,0.1,1,10000.0,False
2026-09-25,other,68,32pd Medium Gun,Cannon,213,Tolú,800,0.1,1,10000.0,False
2026-09-25,other,68,32pd Medium Gun,Cannon,380,Tordo,800,0.1,1,10000.0,False
2026-09-25,other,68,32pd Medium Gun,Cannon,338,Triangulo,800,0.1,1,10000.0,False
2026-09-25,other,68,32pd Medium Gun,Cannon,59,Trinidad,800,0.1,1,10000.0,False
2026-09-25,other,68,32pd Medium Gun,Cannon,249,Triunfo de la Cruz,800,0.1,1,10000.0,False
2026-09-25,other,68,32pd Medium Gun,Cannon,244,Truxillo,800,0.1,1,10000.0,False
2026-09-25,other,68,32pd Medium Gun,Cannon,261,Tulum,800,0.1,1,10000.0,False
2026-09-25,other,68,32pd Medium Gun,Cannon,343,Tumbado,800,0.1,1,10000.0,False
2026-09-25,other,68,32pd Medium Gun,Cannon,254,Turneffe,800,0.1,1,10000.0,False
2026-09-25,other,68,32pd Medium Gun,Cannon,6,Turtle Cay,800,0.1,1,10000.0,False
2026-09-25,other,68,32pd Medium Gun,Cannon,279,Tuspan,800,0.1,1,10000.0,False
2026-09-25,other,68,32pd Medium Gun,Cannon,276,Vera Cruz,800,0.1,1,10000.0,False
2026-09-25,other,68,32pd Medium Gun,Cannon,293,Vermiou,800,0.1,1,10000.0,False
2026-09-25,other,68,32pd Medium Gun,Cannon,273,Victoria,800,0.1,1,10000.0,False
2026-09-25,other,68,32pd Medium Gun,Cannon,121,Vieques,800,0.1,1,10000.0,False
2026-09-25,other,68,32pd Medium Gun,Cannon,159,Vieux-Fort,800,0.1,1,10000.0,False
2026-09-25,other,68,32pd Medium Gun,Cannon,3,Walker's Cay,800,0.1,1,10000.0,False
2026-09-25,other,68,32pd Medium Gun,Cannon,376,Wantlands Ferry,800,0.1,1,10000.0,False
2026-09-25,other,68,32pd Medium Gun,Cannon,360,Water Bay,800,0.1,1,10000.0,False
2026-09-25,other,68,32pd Medium Gun,Cannon,22,Watlings,800,0.1,1,10000.0,False
2026-09-25,other,68,32pd Medium Gun,Cannon,4,West End,800,0.1,1,10000.0,False
2026-09-25,other,68,32pd Medium Gun,Cannon,174,Willemstad,800,0.1,1,10000.0,False
2026-09-25,other,68,32pd Medium Gun,Cannon,364,William's Bay,800,0.1,1,10000.0,False
2026-09-25,other,68,32pd Medium Gun,Cannon,335,Wilmington,800,0.1,1,10000.0,False
2026-09-25,other,68,32pd Medium Gun,Cannon,262,Xpu Ha,800,0.1,1,10000.0,False
2026-09-25,other,68,32pd Medium Gun,Cannon,181,Yaguaraparo,800,0.1,1,10000.0,False
2026-09-25,other,68,32pd Medium Gun,Cannon,267,Ysil,800,0.1,1,10000.0,False
2026-09-25,other,68,32pd Medium Gun,Cannon,247,Útila,800,0.1,1,10000.0,False
2026-09-25,other,693,36pd Medium Gun,Cannon,113,Aguadilla,900,0.1,1,10000.0,False
2026-09-25,other,693,36pd Medium Gun,Cannon,289,Ahumada,900,0.1,1,10000.0,False
2026-09-25,other,693,36pd Medium Gun,Cannon,365,Alabaster Rocks,900,0.1,1,10000.0,False
2026-09-25,other,693,36pd Medium Gun,Cannon,342,Alacranes,900,0.1,1,10000.0,False
2026-09-25,other,693,36pd Medium Gun,Cannon,375,All Saints,900,0.1,1,10000.0,False
2026-09-25,other,693,36pd Medium Gun,Cannon,278,Almeria,900,0.1,1,10000.0,False
2026-09-25,other,693,36pd Medium Gun,Cannon,225,Almirante,900,0.1,1,10000.0,False
2026-09-25,other,693,36pd Medium Gun,Cannon,275,Alvarado,900,0.1,1,10000.0,False
2026-09-25,other,693,36pd Medium Gun,Cannon,123,Amalienborg,900,0.1,1,10000.0,False
2026-09-25,other,693,36pd Medium Gun,Cannon,255,Ambergrease Cay,900,0.1,1,10000.0,False
2026-09-25,other,693,36pd Medium Gun,Cannon,304,Apalachicola,900,0.1,1,10000.0,False
2026-09-25,other,693,36pd Medium Gun,Cannon,285,Aransas,900,0.1,1,10000.0,False
2026-09-25,other,693,36pd Medium Gun,Cannon,337,Arcas,900,0.1,1,10000.0,False
2026-09-25,other,693,36pd Medium Gun,Cannon,114,Arecibo,900,0.1,1,10000.0,False
2026-09-25,other,693,36pd Medium Gun,Cannon,340,Arenas,900,0.1,1,10000.0,False
2026-09-25,other,693,36pd Medium Gun,Cannon,17,Arthur's Town,900,0.1,1,10000.0,False
2026-09-25,other,693,36pd Medium Gun,Cannon,260,Asunción,900,0.1,1,10000.0,False
2026-09-25,other,693,36pd Medium Gun,Cannon,294,Atchafalaya,900,0.1,1,10000.0,False
2026-09-25,other,693,36pd Medium Gun,Cannon,24,Atwoods,900,0.1,1,10000.0,False
2026-09-25,other,693,36pd Medium Gun,Cannon,150,Aves,900,0.1,1,10000.0,False
2026-09-25,other,693,36pd Medium Gun,Cannon,325,Ayamonte,900,0.1,1,10000.0,False
2026-09-25,other,693,36pd Medium Gun,Cannon,321,Ays,900,0.1,1,10000.0,False
2026-09-25,other,693,36pd Medium Gun,Cannon,110,Azua,900,0.1,1,10000.0,False
2026-09-25,other,693,36pd Medium Gun,Cannon,103,Bahía Escocesa,900,0.1,1,10000.0,False
2026-09-25,other,693,36pd Medium Gun,Cannon,36,Bahía Honda,900,0.1,1,10000.0,False
2026-09-25,other,693,36pd Medium Gun,Cannon,35,Baja,900,0.1,1,9970.0,False
2026-09-25,other,693,36pd Medium Gun,Cannon,109,Baní,900,0.1,1,10000.0,False
2026-09-25,other,693,36pd Medium Gun,Cannon,50,Baracoa,900,0.1,1,10000.0,False
2026-09-25,other,693,36pd Medium Gun,Cannon,111,Barahona,900,0.1,1,10000.0,False
2026-09-25,other,693,36pd Medium Gun,Cannon,298,Barataria,900,0.1,1,10000.0,False
2026-09-25,other,693,36pd Medium Gun,Cannon,67,Barcos,900,0.1,1,10000.0,False
2026-09-25,other,693,36pd Medium Gun,Cannon,211,Barranquilla,900,0.1,1,10000.0,False
2026-09-25,other,693,36pd Medium Gun,Cannon,146,Basse-Terre,900,0.1,1,10000.0,False
2026-09-25,other,693,36pd Medium Gun,Cannon,137,Basseterre Town,900,0.1,1,10000.0,False
2026-09-25,other,693,36pd Medium Gun,Cannon,63,Batabanó,900,0.1,1,10000.0,False
2026-09-25,other,693,36pd Medium Gun,Cannon,339,Baxo Nuevo,900,0.1,1,10000.0,False
2026-09-25,other,693,36pd Medium Gun,Cannon,332,Beaufort,900,0.1,1,10000.0,False
2026-09-25,other,693,36pd Medium Gun,Cannon,253,Belize,900,0.1,1,9880.0,False
2026-09-25,other,693,36pd Medium Gun,Cannon,257,Bensalem,900,0.1,1,10000.0,False
2026-09-25,other,693,36pd Medium Gun,Cannon,277,Bernal,900,0.1,1,10000.0,False
2026-09-25,other,693,36pd Medium Gun,Cannon,299,Biloxi,900,0.1,1,10000.0,False
2026-09-25,other,693,36pd Medium Gun,Cannon,10,Bimini,900,0.1,1,10000.0,False
2026-09-25,other,693,36pd Medium Gun,Cannon,243,Black River,900,0.1,1,10000.0,False
2026-09-25,other,693,36pd Medium Gun,Cannon,32,Blondel Cay,900,0.1,1,10000.0,False
2026-09-25,other,693,36pd Medium Gun,Cannon,230,Bluefields,900,0.1,1,10000.0,False
2026-09-25,other,693,36pd Medium Gun,Cannon,245,Bonacca,900,0.1,1,10000.0,False
2026-09-25,other,693,36pd Medium Gun,Cannon,350,Bone Cay,900,0.1,1,10000.0,False
2026-09-25,other,693,36pd Medium Gun,Cannon,237,Brangman's Bluff,900,0.1,1,10000.0,False
2026-09-25,other,693,36pd Medium Gun,Cannon,242,Brewers,900,0.1,1,10000.0,False
2026-09-25,other,693,36pd Medium Gun,Cannon,161,Bridgetown,900,0.1,1,10000.0,False
2026-09-25,other,693,36pd Medium Gun,Cannon,329,Brunswick,900,0.1,1,10000.0,False
2026-09-25,other,693,36pd Medium Gun,Cannon,215,Buena Vista,900,0.1,1,10000.0,False
2026-09-25,other,693,36pd Medium Gun,Cannon,351,Bugle Cay,900,0.1,1,10000.0,False
2026-09-25,other,693,36pd Medium Gun,Cannon,318,Cabo Cañaveral,900,0.1,1,10000.0,False
2026-09-25,other,693,36pd Medium Gun,Cannon,208,Cabo de la Vela,900,0.1,1,10000.0,False
2026-09-25,other,693,36pd Medium Gun,Cannon,120,Cabo Rojo,900,0.1,1,10000.0,False
2026-09-25,other,693,36pd Medium Gun,Cannon,291,Calcasieu,900,0.1,1,10000.0,False
2026-09-25,other,693,36pd Medium Gun,Cannon,222,Calobelo,900,0.1,1,10000.0,False
2026-09-25,other,693,36pd Medium Gun,Cannon,149,Camp du Roy,900,0.1,1,10000.0,False
2026-09-25,other,693,36pd Medium Gun,Cannon,269,Campeche,900,0.1,1,10000.0,False
2026-09-25,other,693,36pd Medium Gun,Cannon,216,Canalete,900,0.1,1,10000.0,False
2026-09-25,other,693,36pd Medium Gun,Cannon,97,Cap-Français,900,0.1,1,9970.0,False
2026-09-25,other,693,36pd Medium Gun,Cannon,193,Caracas,900,0.1,1,10000.0,False
2026-09-25,other,693,36pd Medium Gun,Cannon,40,Carahatas,900,0.1,1,10000.0,False
2026-09-25,other,693,36pd Medium Gun,Cannon,188,Cariaco,900,0.1,1,10000.0,False
2026-09-25,other,693,36pd Medium Gun,Cannon,80,Carlisle,900,0.1,1,10000.0,False
2026-09-25,other,693,36pd Medium Gun,Cannon,163,Carriacou,900,0.1,1,10000.0,False
2026-09-25,other,693,36pd Medium Gun,Cannon,212,Cartagena de Indias,900,0.1,1,10000.0,False
2026-09-25,other,693,36pd Medium Gun,Cannon,184,Carúpano,900,0.1,1,10000.0,False
2026-09-25,other,693,36pd Medium Gun,Cannon,198,Casigua,900,0.1,1,10000.0,False
2026-09-25,other,693,36pd Medium Gun,Cannon,158,Castries,900,0.1,1,10000.0,False
2026-09-25,other,693,36pd Medium Gun,Cannon,74,Cayman Brac,900,0.1,1,10000.0,False
2026-09-25,other,693,36pd Medium Gun,Cannon,323,Cayo Biscayno,900,0.1,1,10000.0,False
2026-09-25,other,693,36pd Medium Gun,Cannon,41,Cayo de Sal,900,0.1,1,10000.0,False
2026-09-25,other,693,36pd Medium Gun,Cannon,308,Cayo del Anclote,900,0.1,1,10000.0,False
2026-09-25,other,693,36pd Medium Gun,Cannon,317,Cayo Largo,900,0.1,1,10000.0,False
2026-09-25,other,693,36pd Medium Gun,Cannon,44,Cayo Romano,900,0.1,1,10000.0,False
2026-09-25,other,693,36pd Medium Gun,Cannon,315,Cayo Vacas,900,0.1,1,10000.0,False
2026-09-25,other,693,36pd Medium Gun,Cannon,178,Caño Araguabisi,900,0.1,1,10000.0,False
2026-09-25,other,693,36pd Medium Gun,Cannon,177,Caño Araguao,900,0.1,1,10000.0,False
2026-09-25,other,693,36pd Medium Gun,Cannon,167,Caño Macareo,900,0.1,1,10000.0,False
2026-09-25,other,693,36pd Medium Gun,Cannon,221,Chagres,900,0.1,1,10000.0,False
2026-09-25,other,693,36pd Medium Gun,Cannon,270,Champotón,900,0.1,1,10000.0,False
2026-09-25,other,693,36pd Medium Gun,Cannon,138,Charles Town,900,0.1,1,10000.0,False
2026-09-25,other,693,36pd Medium Gun,Cannon,333,Charleston,900,0.1,1,9940.0,False
2026-09-25,other,693,36pd Medium Gun,Cannon,258,Chinchorro,900,0.1,1,10000.0,False
2026-09-25,other,693,36pd Medium Gun,Cannon,224,Chiriquí,900,0.1,1,10000.0,False
2026-09-25,other,693,36pd Medium Gun,Cannon,129,Christiansted,900,0.1,1,9990.0,False
2026-09-25,other,693,36pd Medium Gun,Cannon,61,Cochinos,900,0.1,1,10000.0,False
2026-09-25,other,693,36pd Medium Gun,Cannon,70,Cocodrilo,900,0.1,1,10000.0,False
2026-09-25,other,693,36pd Medium Gun,Cannon,134,Codrington,900,0.1,1,10000.0,False
2026-09-25,other,693,36pd Medium Gun,Cannon,206,Cojoro,900,0.1,1,10000.0,False
2026-09-25,other,693,36pd Medium Gun,Cannon,223,Concepción,900,0.1,1,10000.0,False
2026-09-25,other,693,36pd Medium Gun,Cannon,259,Congrios,900,0.1,1,10000.0,False
2026-09-25,other,693,36pd Medium Gun,Cannon,264,Conil,900,0.1,1,10000.0,False
2026-09-25,other,693,36pd Medium Gun,Cannon,292,Constance,900,0.1,1,10000.0,False
2026-09-25,other,693,36pd Medium Gun,Cannon,344,Conttoy,900,0.1,1,10000.0,False
2026-09-25,other,693,36pd Medium Gun,Cannon,207,Coquibacoa,900,0.1,1,10000.0,False
2026-09-25,other,693,36pd Medium Gun,Cannon,124,Coral Bay,900,0.1,1,10000.0,False
2026-09-25,other,693,36pd Medium Gun,Cannon,196,Coro,900,0.1,1,10000.0,False
2026-09-25,other,693,36pd Medium Gun,Cannon,66,Corrientes,900,0.1,1,10000.0,False
2026-09-25,other,693,36pd Medium Gun,Cannon,241,Croata,900,0.1,1,10000.0,False
2026-09-25,other,693,36pd Medium Gun,Cannon,361,Crown Haven,900,0.1,1,10000.0,False
2026-09-25,other,693,36pd Medium Gun,Cannon,372,Cul-de-Sac,900,0.1,1,10000.0,False
2026-09-25,other,693,36pd Medium Gun,Cannon,189,Cumaná,900,0.1,1,10000.0,False
2026-09-25,other,693,36pd Medium Gun,Cannon,69,Daguilla,900,0.1,1,10000.0,False
2026-09-25,other,693,36pd Medium Gun,Cannon,214,Dariena,900,0.1,1,10000.0,False
2026-09-25,other,693,36pd Medium Gun,Cannon,20,Deadman's Cay,900,0.1,1,10000.0,False
2026-09-25,other,693,36pd Medium Gun,Cannon,147,Deshaies,900,0.1,1,10000.0,False
2026-09-25,other,693,36pd Medium Gun,Cannon,265,El Cuyo,900,0.1,1,10000.0,False
2026-09-25,other,693,36pd Medium Gun,Cannon,286,El Rancho,900,0.1,1,10000.0,False
2026-09-25,other,693,36pd Medium Gun,Cannon,107,El Soco,900,0.1,1,10000.0,False
2026-09-25,other,693,36pd Medium Gun,Cannon,166,El Toco,900,0.1,1,10000.0,False
2026-09-25,other,693,36pd Medium Gun,Cannon,202,Encontrados,900,0.1,1,10000.0,False
2026-09-25,other,693,36pd Medium Gun,Cannon,141,English Harbour,900,0.1,1,10000.0,False
2026-09-25,other,693,36pd Medium Gun,Cannon,274,Espíritu Santo,900,0.1,1,10000.0,False
2026-09-25,other,693,36pd Medium Gun,Cannon,284,Esteros,900,0.1,1,10000.0,False
2026-09-25,other,693,36pd Medium Gun,Cannon,116,Fajardo,900,0.1,1,10000.0,False
2026-09-25,other,693,36pd Medium Gun,Cannon,354,Flatts,900,0.1,1,10000.0,False
2026-09-25,other,693,36pd Medium Gun,Cannon,135,Fort Baai,900,0.1,1,10000.0,False
2026-09-25,other,693,36pd Medium Gun,Cannon,173,Fort Oranje,900,0.1,1,10000.0,False
2026-09-25,other,693,36pd Medium Gun,Cannon,175,Fort Zoutman,900,0.1,1,10000.0,False
2026-09-25,other,693,36pd Medium Gun,Cannon,98,Fort-Dauphin,900,0.1,1,10000.0,False
2026-09-25,other,693,36pd Medium Gun,Cannon,156,Fort-Royal,900,0.1,1,9940.0,False
2026-09-25,other,693,36pd Medium Gun,Cannon,128,Frederiksted,900,0.1,1,10000.0,False
2026-09-25,other,693,36pd Medium Gun,Cannon,359,Frozen Cay,900,0.1,1,10000.0,False
2026-09-25,other,693,36pd Medium Gun,Cannon,183,Galdonas,900,0.1,1,10000.0,False
2026-09-25,other,693,36pd Medium Gun,Cannon,311,Gasparilla,900,0.1,1,10000.0,False
2026-09-25,other,693,36pd Medium Gun,Cannon,72,George Town,900,0.1,1,10000.0,False
2026-09-25,other,693,36pd Medium Gun,Cannon,18,George's Town,900,0.1,1,10000.0,False
2026-09-25,other,693,36pd Medium Gun,Cannon,334,Georgetown,900,0.1,1,10000.0,False
2026-09-25,other,693,36pd Medium Gun,Cannon,201,Gibraltar,900,0.1,1,10000.0,False
2026-09-25,other,693,36pd Medium Gun,Cannon,16,Governor's Harbour,900,0.1,1,10000.0,False
2026-09-25,other,693,36pd Medium Gun,Cannon,240,Gracias a Dios,900,0.1,1,10000.0,False
2026-09-25,other,693,36pd Medium Gun,Cannon,153,Grand Anse,900,0.1,1,10000.0,False
2026-09-25,other,693,36pd Medium Gun,Cannon,33,Grand Turk,900,0.1,1,10000.0,False
2026-09-25,other,693,36pd Medium Gun,Cannon,231,Great Corn,900,0.1,1,10000.0,False
2026-09-25,other,693,36pd Medium Gun,Cannon,233,Great River,900,0.1,1,10000.0,False
2026-09-25,other,693,36pd Medium Gun,Cannon,367,Green Cay,900,0.1,1,10000.0,False
2026-09-25,other,693,36pd Medium Gun,Cannon,229,Grindstone,900,0.1,1,10000.0,False
2026-09-25,other,693,36pd Medium Gun,Cannon,374,Guacata,900,0.1,1,10000.0,False
2026-09-25,other,693,36pd Medium Gun,Cannon,53,Guamá Sevilla,900,0.1,1,10000.0,False
2026-09-25,other,693,36pd Medium Gun,Cannon,179,Guayaguayare,900,0.1,1,10000.0,False
2026-09-25,other,693,36pd Medium Gun,Cannon,117,Guayama,900,0.1,1,9940.0,False
2026-09-25,other,693,36pd Medium Gun,Cannon,48,Guibara,900,0.1,1,10000.0,False
2026-09-25,other,693,36pd Medium Gun,Cannon,133,Gustavia,900,0.1,1,9910.0,False
2026-09-25,other,693,36pd Medium Gun,Cannon,119,Guánica,900,0.1,1,10000.0,False
2026-09-25,other,693,36pd Medium Gun,Cannon,182,Güiria,900,0.1,1,10000.0,False
2026-09-25,other,693,36pd Medium Gun,Cannon,15,Harbour Island,900,0.1,1,10000.0,False
2026-09-25,other,693,36pd Medium Gun,Cannon,130,Hat Island,900,0.1,1,10000.0,False
2026-09-25,other,693,36pd Medium Gun,Cannon,232,Haulover,900,0.1,1,10000.0,False
2026-09-25,other,693,36pd Medium Gun,Cannon,106,Higüey,900,0.1,1,10000.0,False
2026-09-25,other,693,36pd Medium Gun,Cannon,306,Hitten Hatcha,900,0.1,1,10000.0,False
2026-09-25,other,693,36pd Medium Gun,Cannon,316,Islamorada,900,0.1,1,9970.0,False
2026-09-25,other,693,36pd Medium Gun,Cannon,370,Island Harbour,900,0.1,1,10000.0,False
2026-09-25,other,693,36pd Medium Gun,Cannon,28,Islet,900,0.1,1,10000.0,False
2026-09-25,other,693,36pd Medium Gun,Cannon,83,Jacmel,900,0.1,1,10000.0,False
2026-09-25,other,693,36pd Medium Gun,Cannon,60,Jagua,900,0.1,1,10000.0,False
2026-09-25,other,693,36pd Medium Gun,Cannon,320,Jobe,900,0.1,1,10000.0,False
2026-09-25,other,693,36pd Medium Gun,Cannon,88,Jérémie,900,0.1,1,10000.0,False
2026-09-25,other,693,36pd Medium Gun,Cannon,13,Kemp's Bay,900,0.1,1,10000.0,False
2026-09-25,other,693,36pd Medium Gun,Cannon,313,Key West,900,0.1,1,10000.0,False
2026-09-25,other,693,36pd Medium Gun,Cannon,357,Kidd's Harbour,900,0.1,1,10000.0,False
2026-09-25,other,693,36pd Medium Gun,Cannon,79,Kingston / Port Royal,900,0.1,1,9878.0,False
2026-09-25,other,693,36pd Medium Gun,Cannon,162,Kingstown,900,0.1,1,10000.0,False
2026-09-25,other,693,36pd Medium Gun,Cannon,42,La Anguila,900,0.1,1,10000.0,False
2026-09-25,other,693,36pd Medium Gun,Cannon,287,La Bahía,900,0.1,1,10000.0,False
2026-09-25,other,693,36pd Medium Gun,Cannon,341,La Bermeja,900,0.1,1,10000.0,False
2026-09-25,other,693,36pd Medium Gun,Cannon,170,La Blanquilla,900,0.1,1,10000.0,False
2026-09-25,other,693,36pd Medium Gun,Cannon,363,La Desconocida,900,0.1,1,10000.0,False
2026-09-25,other,693,36pd Medium Gun,Cannon,139,La Désirade,900,0.1,1,10000.0,False
2026-09-25,other,693,36pd Medium Gun,Cannon,45,La Guanaja,900,0.1,1,10000.0,False
2026-09-25,other,693,36pd Medium Gun,Cannon,38,La Habana,900,0.1,1,9970.0,False
2026-09-25,other,693,36pd Medium Gun,Cannon,100,La Isabela,900,0.1,1,9850.0,False
2026-09-25,other,693,36pd Medium Gun,Cannon,112,La Mona,900,0.1,1,9940.0,False
2026-09-25,other,693,36pd Medium Gun,Cannon,373,La Moussette,900,0.1,1,10000.0,False
2026-09-25,other,693,36pd Medium Gun,Cannon,85,La Navasse,900,0.1,1,9970.0,False
2026-09-25,other,693,36pd Medium Gun,Cannon,171,La Orchilla,900,0.1,1,10000.0,False
2026-09-25,other,693,36pd Medium Gun,Cannon,96,La Tortue,900,0.1,1,9970.0,False
2026-09-25,other,693,36pd Medium Gun,Cannon,187,La Tortuga,900,0.1,1,10000.0,False
2026-09-25,other,693,36pd Medium Gun,Cannon,154,La Trinité,900,0.1,1,10000.0,False
2026-09-25,other,693,36pd Medium Gun,Cannon,199,Lagunillas,900,0.1,1,10000.0,False
2026-09-25,other,693,36pd Medium Gun,Cannon,172,Las Aves,900,0.1,1,10000.0,False
2026-09-25,other,693,36pd Medium Gun,Cannon,307,Las Sabinas,900,0.1,1,10000.0,False
2026-09-25,other,693,36pd Medium Gun,Cannon,314,Las Tortugas,900,0.1,1,10000.0,False
2026-09-25,other,693,36pd Medium Gun,Cannon,143,Le Moule,900,0.1,1,10000.0,False
2026-09-25,other,693,36pd Medium Gun,Cannon,86,Les Cayes,900,0.1,1,10000.0,False
2026-09-25,other,693,36pd Medium Gun,Cannon,93,Les Gonaïves,900,0.1,1,9970.0,False
2026-09-25,other,693,36pd Medium Gun,Cannon,73,Little Cayman,900,0.1,1,10000.0,False
2026-09-25,other,693,36pd Medium Gun,Cannon,8,Little Harbour,900,0.1,1,10000.0,False
2026-09-25,other,693,36pd Medium Gun,Cannon,29,Little Inagua,900,0.1,1,10000.0,False
2026-09-25,other,693,36pd Medium Gun,Cannon,362,Little Isaac Rocks,900,0.1,1,10000.0,False
2026-09-25,other,693,36pd Medium Gun,Cannon,381,Little River,900,0.1,1,10000.0,False
2026-09-25,other,693,36pd Medium Gun,Cannon,31,Lorimers,900,0.1,1,10000.0,False
2026-09-25,other,693,36pd Medium Gun,Cannon,90,Léogane,900,0.1,1,10000.0,False
2026-09-25,other,693,36pd Medium Gun,Cannon,186,Macanao,900,0.1,1,10000.0,False
2026-09-25,other,693,36pd Medium Gun,Cannon,105,Macao,900,0.1,1,9934.0,False
2026-09-25,other,693,36pd Medium Gun,Cannon,312,Manataca,900,0.1,1,10000.0,False
2026-09-25,other,693,36pd Medium Gun,Cannon,219,Mandinga,900,0.1,1,10000.0,False
2026-09-25,other,693,36pd Medium Gun,Cannon,358,Mangrove Cay,900,0.1,1,10000.0,False
2026-09-25,other,693,36pd Medium Gun,Cannon,34,Mantua,900,0.1,1,10000.0,False
2026-09-25,other,693,36pd Medium Gun,Cannon,55,Manzanillo,900,0.1,1,10000.0,False
2026-09-25,other,693,36pd Medium Gun,Cannon,204,Maracaibo,900,0.1,1,10000.0,False
2026-09-25,other,693,36pd Medium Gun,Cannon,37,Mariel,900,0.1,1,10000.0,False
2026-09-25,other,693,36pd Medium Gun,Cannon,131,Marigot,900,0.1,1,10000.0,False
2026-09-25,other,693,36pd Medium Gun,Cannon,155,Marin,900,0.1,1,10000.0,False
2026-09-25,other,693,36pd Medium Gun,Cannon,9,Marsh Harbour,900,0.1,1,10000.0,False
2026-09-25,other,693,36pd Medium Gun,Cannon,39,Matanzas,900,0.1,1,10000.0,False
2026-09-25,other,693,36pd Medium Gun,Cannon,227,Matina,900,0.1,1,10000.0,False
2026-09-25,other,693,36pd Medium Gun,Cannon,26,Mayaguana,900,0.1,1,10000.0,False
2026-09-25,other,693,36pd Medium Gun,Cannon,11,Mimbres,900,0.1,1,10000.0,False
2026-09-25,other,693,36pd Medium Gun,Cannon,347,Misteriosa,900,0.1,1,10000.0,False
2026-09-25,other,693,36pd Medium Gun,Cannon,197,Mitara,900,0.1,1,10000.0,False
2026-09-25,other,693,36pd Medium Gun,Cannon,300,Mobile,900,0.1,1,10000.0,False
2026-09-25,other,693,36pd Medium Gun,Cannon,99,Montecristi,900,0.1,1,9940.0,False
2026-09-25,other,693,36pd Medium Gun,Cannon,75,Montego Bay,900,0.1,1,10000.0,False
2026-09-25,other,693,36pd Medium Gun,Cannon,12,Morgan's Bluff,900,0.1,1,10000.0,False
2026-09-25,other,693,36pd Medium Gun,Cannon,248,Morro Chico,900,0.1,1,10000.0,False
2026-09-25,other,693,36pd Medium Gun,Cannon,27,Mortimer Town,900,0.1,1,9970.0,False
2026-09-25,other,693,36pd Medium Gun,Cannon,238,Mosquito Cay,900,0.1,1,10000.0,False
2026-09-25,other,693,36pd Medium Gun,Cannon,345,Mugeres,900,0.1,1,10000.0,False
2026-09-25,other,693,36pd Medium Gun,Cannon,168,Naparima,900,0.1,1,10000.0,False
2026-09-25,other,693,36pd Medium Gun,Cannon,14,Nassau,900,0.1,1,10000.0,False
2026-09-25,other,693,36pd Medium Gun,Cannon,217,New Edinburgh,900,0.1,1,10000.0,False
2026-09-25,other,693,36pd Medium Gun,Cannon,324,New Smyrna,900,0.1,1,10000.0,False
2026-09-25,other,693,36pd Medium Gun,Cannon,89,Nippes,900,0.1,1,10000.0,False
2026-09-25,other,693,36pd Medium Gun,Cannon,356,North Inlet,900,0.1,1,10000.0,False
2026-09-25,other,693,36pd Medium Gun,Cannon,297,Nouvelle-Orléans,900,0.1,1,10000.0,False
2026-09-25,other,693,36pd Medium Gun,Cannon,190,Nueva Barcelona,900,0.1,1,10000.0,False
2026-09-25,other,693,36pd Medium Gun,Cannon,46,Nuevitas,900,0.1,1,10000.0,False
2026-09-25,other,693,36pd Medium Gun,Cannon,368,Ocean Bight,900,0.1,1,10000.0,False
2026-09-25,other,693,36pd Medium Gun,Cannon,235,Old Providence,900,0.1,1,10000.0,False
2026-09-25,other,693,36pd Medium Gun,Cannon,250,Omoa,900,0.1,1,10000.0,False
2026-09-25,other,693,36pd Medium Gun,Cannon,136,Oranjestad,900,0.1,1,10000.0,False
2026-09-25,other,693,36pd Medium Gun,Cannon,185,Pampatar,900,0.1,1,10000.0,False
2026-09-25,other,693,36pd Medium Gun,Cannon,30,Parrot Cay,900,0.1,1,10000.0,False
2026-09-25,other,693,36pd Medium Gun,Cannon,122,Pasaje,900,0.1,1,10000.0,False
2026-09-25,other,693,36pd Medium Gun,Cannon,180,Pedernales,900,0.1,1,9970.0,False
2026-09-25,other,693,36pd Medium Gun,Cannon,352,Pedro Cay,900,0.1,1,10000.0,False
2026-09-25,other,693,36pd Medium Gun,Cannon,301,Penzacola,900,0.1,1,10000.0,False
2026-09-25,other,693,36pd Medium Gun,Cannon,203,Perijá,900,0.1,1,10000.0,False
2026-09-25,other,693,36pd Medium Gun,Cannon,132,Philipsburg,900,0.1,1,10000.0,False
2026-09-25,other,693,36pd Medium Gun,Cannon,65,Pinar del Río,900,0.1,1,10000.0,False
2026-09-25,other,693,36pd Medium Gun,Cannon,23,Pitt's Town,900,0.1,1,10000.0,False
2026-09-25,other,693,36pd Medium Gun,Cannon,252,Placentia,900,0.1,1,10000.0,False
2026-09-25,other,693,36pd Medium Gun,Cannon,346,Placer,900,0.1,1,10000.0,False
2026-09-25,other,693,36pd Medium Gun,Cannon,218,Playón,900,0.1,1,10000.0,False
2026-09-25,other,693,36pd Medium Gun,Cannon,369,Plymouth,900,0.1,1,10000.0,False
2026-09-25,other,693,36pd Medium Gun,Cannon,145,Pointe-à-Pitre,900,0.1,1,10000.0,False
2026-09-25,other,693,36pd Medium Gun,Cannon,118,Ponce,900,0.1,1,10000.0,False
2026-09-25,other,693,36pd Medium Gun,Cannon,77,Port Antonio,900,0.1,1,10000.0,False
2026-09-25,other,693,36pd Medium Gun,Cannon,19,Port Howe,900,0.1,1,10000.0,False
2026-09-25,other,693,36pd Medium Gun,Cannon,78,Port Morant,900,0.1,1,10000.0,False
2026-09-25,other,693,36pd Medium Gun,Cannon,91,Port-au-Prince,900,0.1,1,10000.0,False
2026-09-25,other,693,36pd Medium Gun,Cannon,95,Port-de-Paix,900,0.1,1,10000.0,False
2026-09-25,other,693,36pd Medium Gun,Cannon,142,Port-Louis,900,0.1,1,10000.0,False
2026-09-25,other,693,36pd Medium Gun,Cannon,54,Portillo,900,0.1,1,10000.0,False
2026-09-25,other,693,36pd Medium Gun,Cannon,220,Portobelo,900,0.1,1,9970.0,False
2026-09-25,other,693,36pd Medium Gun,Cannon,234,Prinzapolka,900,0.1,1,10000.0,False
2026-09-25,other,693,36pd Medium Gun,Cannon,194,Puerto Cabello,900,0.1,1,10000.0,False
2026-09-25,other,693,36pd Medium Gun,Cannon,169,Puerto de España,900,0.1,1,9970.0,False
2026-09-25,other,693,36pd Medium Gun,Cannon,49,Puerto de Nipe,900,0.1,1,10000.0,False
2026-09-25,other,693,36pd Medium Gun,Cannon,47,Puerto del Padre,900,0.1,1,10000.0,False
2026-09-25,other,693,36pd Medium Gun,Cannon,51,Puerto Escondido,900,0.1,1,10000.0,False
2026-09-25,other,693,36pd Medium Gun,Cannon,101,Puerto Plata,900,0.1,1,10000.0,False
2026-09-25,other,693,36pd Medium Gun,Cannon,271,Puerto Real,900,0.1,1,10000.0,False
2026-09-25,other,693,36pd Medium Gun,Cannon,191,Píritu,900,0.1,1,10000.0,False
2026-09-25,other,693,36pd Medium Gun,Cannon,21,Ragged Cay,900,0.1,1,10000.0,False
2026-09-25,other,693,36pd Medium Gun,Cannon,43,Remedios,900,0.1,1,10000.0,False
2026-09-25,other,693,36pd Medium Gun,Cannon,102,Rincón,900,0.1,1,10000.0,False
2026-09-25,other,693,36pd Medium Gun,Cannon,5,Road Rocks,900,0.1,1,10000.0,False
2026-09-25,other,693,36pd Medium Gun,Cannon,125,Road Town,900,0.1,1,10000.0,False
2026-09-25,other,693,36pd Medium Gun,Cannon,64,Robras,900,0.1,1,10000.0,False
2026-09-25,other,693,36pd Medium Gun,Cannon,151,Rosaly,900,0.1,1,9970.0,False
2026-09-25,other,693,36pd Medium Gun,Cannon,152,Roseau,900,0.1,1,10000.0,False
2026-09-25,other,693,36pd Medium Gun,Cannon,246,Ruatan,900,0.1,1,10000.0,False
2026-09-25,other,693,36pd Medium Gun,Cannon,377,Rum Cove,900,0.1,1,10000.0,False
2026-09-25,other,693,36pd Medium Gun,Cannon,192,Río Chico,900,0.1,1,10000.0,False
2026-09-25,other,693,36pd Medium Gun,Cannon,209,Río de la Hacha,900,0.1,1,10000.0,False
2026-09-25,other,693,36pd Medium Gun,Cannon,319,Río Seco,900,0.1,1,10000.0,False
2026-09-25,other,693,36pd Medium Gun,Cannon,195,Río Tocuyo,900,0.1,1,10000.0,False
2026-09-25,other,693,36pd Medium Gun,Cannon,290,Sabina,900,0.1,1,10000.0,False
2026-09-25,other,693,36pd Medium Gun,Cannon,76,Saint Ann,900,0.1,1,10000.0,False
2026-09-25,other,693,36pd Medium Gun,Cannon,164,Saint George,900,0.1,1,10000.0,False
2026-09-25,other,693,36pd Medium Gun,Cannon,355,Saint George's Town,900,0.1,1,10000.0,False
2026-09-25,other,693,36pd Medium Gun,Cannon,140,Saint John's,900,0.1,1,10000.0,False
2026-09-25,other,693,36pd Medium Gun,Cannon,160,Saint Joseph,900,0.1,1,10000.0,False
2026-09-25,other,693,36pd Medium Gun,Cannon,330,Saint Marys,900,0.1,1,10000.0,False
2026-09-25,other,693,36pd Medium Gun,Cannon,144,Saint-François,900,0.1,1,10000.0,False
2026-09-25,other,693,36pd Medium Gun,Cannon,84,Saint-Louis,900,0.1,1,10000.0,False
2026-09-25,other,693,36pd Medium Gun,Cannon,296,Saint-Malo,900,0.1,1,10000.0,False
2026-09-25,other,693,36pd Medium Gun,Cannon,92,Saint-Marc,900,0.1,1,10000.0,False
2026-09-25,other,693,36pd Medium Gun,Cannon,94,Saint-Nicolas,900,0.1,1,10000.0,False
2026-09-25,other,693,36pd Medium Gun,Cannon,157,Saint-Pierre,900,0.1,1,10000.0,False
2026-09-25,other,693,36pd Medium Gun,Cannon,256,Salamanca,900,0.1,1,10000.0,False
2026-09-25,other,693,36pd Medium Gun,Cannon,82,Sale-Trou,900,0.1,1,10000.0,False
2026-09-25,other,693,36pd Medium Gun,Cannon,25,Salina Point,900,0.1,1,10000.0,False
2026-09-25,other,693,36pd Medium Gun,Cannon,379,Salinas,900,0.1,1,10000.0,False
2026-09-25,other,693,36pd Medium Gun,Cannon,104,Samaná,900,0.1,1,10000.0,False
2026-09-25,other,693,36pd Medium Gun,Cannon,326,San Agustín,900,0.1,1,10000.0,False
2026-09-25,other,693,36pd Medium Gun,Cannon,236,San Andrés,900,0.1,1,10000.0,False
2026-09-25,other,693,36pd Medium Gun,Cannon,283,San Fernando,900,0.1,1,10000.0,False
2026-09-25,other,693,36pd Medium Gun,Cannon,303,San José,900,0.1,1,10000.0,False
2026-09-25,other,693,36pd Medium Gun,Cannon,115,San Juan,900,0.1,1,10000.0,False
2026-09-25,other,693,36pd Medium Gun,Cannon,228,San Juan del Norte,900,0.1,1,10000.0,False
2026-09-25,other,693,36pd Medium Gun,Cannon,62,San Lazaro,900,0.1,1,10000.0,False
2026-09-25,other,693,36pd Medium Gun,Cannon,288,San Luis,900,0.1,1,10000.0,False
2026-09-25,other,693,36pd Medium Gun,Cannon,305,San Marcos,900,0.1,1,10000.0,False
2026-09-25,other,693,36pd Medium Gun,Cannon,327,San Mateo,900,0.1,1,10000.0,False
2026-09-25,other,693,36pd Medium Gun,Cannon,322,San Sebastian,900,0.1,1,10000.0,False
2026-09-25,other,693,36pd Medium Gun,Cannon,200,San Timoteo,900,0.1,1,10000.0,False
2026-09-25,other,693,36pd Medium Gun,Cannon,58,Sancti Spíritus,900,0.1,1,10000.0,False
2026-09-25,other,693,36pd Medium Gun,Cannon,239,Sandy Bay,900,0.1,1,10000.0,False
2026-09-25,other,693,36pd Medium Gun,Cannon,371,Sandy Hill,900,0.1,1,10000.0,False
2026-09-25,other,693,36pd Medium Gun,Cannon,7,Sandy Point,900,0.1,1,10000.0,False
2026-09-25,other,693,36pd Medium Gun,Cannon,272,Santa Ana,900,0.1,1,10000.0,False
2026-09-25,other,693,36pd Medium Gun,Cannon,56,Santa Cruz,900,0.1,1,10000.0,False
2026-09-25,other,693,36pd Medium Gun,Cannon,68,Santa Fe,900,0.1,1,10000.0,False
2026-09-25,other,693,36pd Medium Gun,Cannon,210,Santa Marta,900,0.1,1,10000.0,False
2026-09-25,other,693,36pd Medium Gun,Cannon,57,Santa María,900,0.1,1,10000.0,False
2026-09-25,other,693,36pd Medium Gun,Cannon,302,Santa Rosa,900,0.1,1,10000.0,False
2026-09-25,other,693,36pd Medium Gun,Cannon,348,Santanillas,900,0.1,1,10000.0,False
2026-09-25,other,693,36pd Medium Gun,Cannon,52,Santiago de Cuba,900,0.1,1,10000.0,False
2026-09-25,other,693,36pd Medium Gun,Cannon,108,Santo Domingo,900,0.1,1,10000.0,False
2026-09-25,other,693,36pd Medium Gun,Cannon,251,Santo Tomás,900,0.1,1,9940.0,False
2026-09-25,other,693,36pd Medium Gun,Cannon,176,Santo Tomé de Guayana,900,0.1,1,10000.0,False
2026-09-25,other,693,36pd Medium Gun,Cannon,310,Sarazota,900,0.1,1,10000.0,False
2026-09-25,other,693,36pd Medium Gun,Cannon,81,Savanna la Mar,900,0.1,1,10000.0,False
2026-09-25,other,693,36pd Medium Gun,Cannon,331,Savannah,900,0.1,1,9970.0,False
2026-09-25,other,693,36pd Medium Gun,Cannon,165,Scarborough,900,0.1,1,10000.0,False
2026-09-25,other,693,36pd Medium Gun,Cannon,266,Selam,900,0.1,1,10000.0,False
2026-09-25,other,693,36pd Medium Gun,Cannon,349,Serrana,900,0.1,1,10000.0,False
2026-09-25,other,693,36pd Medium Gun,Cannon,366,Shroud Cay,900,0.1,1,10000.0,False
2026-09-25,other,693,36pd Medium Gun,Cannon,71,Siguanea,900,0.1,1,10000.0,False
2026-09-25,other,693,36pd Medium Gun,Cannon,205,Sinamaica,900,0.1,1,10000.0,False
2026-09-25,other,693,36pd Medium Gun,Cannon,268,Sisal,900,0.1,1,10000.0,False
2026-09-25,other,693,36pd Medium Gun,Cannon,353,Somerset,900,0.1,1,10000.0,False
2026-09-25,other,693,36pd Medium Gun,Cannon,282,Soto La Marina,900,0.1,1,10000.0,False
2026-09-25,other,693,36pd Medium Gun,Cannon,127,Spanish Town,900,0.1,1,10000.0,False
2026-09-25,other,693,36pd Medium Gun,Cannon,328,Sunbury,900,0.1,1,10000.0,False
2026-09-25,other,693,36pd Medium Gun,Cannon,336,Swannsborough,900,0.1,1,10000.0,False
2026-09-25,other,693,36pd Medium Gun,Cannon,226,Talamanca,900,0.1,1,10000.0,False
2026-09-25,other,693,36pd Medium Gun,Cannon,281,Tamiagua,900,0.1,1,10000.0,False
2026-09-25,other,693,36pd Medium Gun,Cannon,309,Tampa,900,0.1,1,10000.0,False
2026-09-25,other,693,36pd Medium Gun,Cannon,280,Tampico,900,0.1,1,10000.0,False
2026-09-25,other,693,36pd Medium Gun,Cannon,263,Tantun Cuzamil,900,0.1,1,10000.0,False
2026-09-25,other,693,36pd Medium Gun,Cannon,148,Terre-de-Bas,900,0.1,1,10000.0,False
2026-09-25,other,693,36pd Medium Gun,Cannon,295,Terrebonne,900,0.1,1,10000.0,False
2026-09-25,other,693,36pd Medium Gun,Cannon,126,The Settlement,900,0.1,1,10000.0,False
2026-09-25,other,693,36pd Medium Gun,Cannon,87,Tiburon,900,0.1,1,10000.0,False
2026-09-25,other,693,36pd Medium Gun,Cannon,213,Tolú,900,0.1,1,10000.0,False
2026-09-25,other,693,36pd Medium Gun,Cannon,380,Tordo,900,0.1,1,10000.0,False
2026-09-25,other,693,36pd Medium Gun,Cannon,338,Triangulo,900,0.1,1,10000.0,False
2026-09-25,other,693,36pd Medium Gun,Cannon,59,Trinidad,900,0.1,1,10000.0,False
2026-09-25,other,693,36pd Medium Gun,Cannon,249,Triunfo de la Cruz,900,0.1,1,10000.0,False
2026-09-25,other,693,36pd Medium Gun,Cannon,244,Truxillo,900,0.1,1,10000.0,False
2026-09-25,other,693,36pd Medium Gun,Cannon,261,Tulum,900,0.1,1,10000.0,False
2026-09-25,other,693,36pd Medium Gun,Cannon,343,Tumbado,900,0.1,1,10000.0,False
2026-09-25,other,693,36pd Medium Gun,Cannon,254,Turneffe,900,0.1,1,10000.0,False
2026-09-25,other,693,36pd Medium Gun,Cannon,6,Turtle Cay,900,0.1,1,10000.0,False
2026-09-25,other,693,36pd Medium Gun,Cannon,279,Tuspan,900,0.1,1,10000.0,False
2026-09-25,other,693,36pd Medium Gun,Cannon,276,Vera Cruz,900,0.1,1,10000.0,False
2026-09-25,other,693,36pd Medium Gun,Cannon,293,Vermiou,900,0.1,1,9970.0,False
2026-09-25,other,693,36pd Medium Gun,Cannon,273,Victoria,900,0.1,1,10000.0,False
2026-09-25,other,693,36pd Medium Gun,Cannon,121,Vieques,900,0.1,1,10000.0,False
2026-09-25,other,693,36pd Medium Gun,Cannon,159,Vieux-Fort,900,0.1,1,10000.0,False
2026-09-25,other,693,36pd Medium Gun,Cannon,3,Walker's Cay,900,0.1,1,10000.0,False
2026-09-25,other,693,36pd Medium Gun,Cannon,376,Wantlands Ferry,900,0.1,1,10000.0,False
2026-09-25,other,693,36pd Medium Gun,Cannon,360,Water Bay,900,0.1,1,10000.0,False
2026-09-25,other,693,36pd Medium Gun,Cannon,22,Watlings,900,0.1,1,10000.0,False
2026-09-25,other,693,36pd Medium Gun,Cannon,4,West End,900,0.1,1,10000.0,False
2026-09-25,other,693,36pd Medium Gun,Cannon,174,Willemstad,900,0.1,1,9940.0,False
2026-09-25,other,693,36pd Medium Gun,Cannon,364,William's Bay,900,0.1,1,10000.0,False
2026-09-25,other,693,36pd Medium Gun,Cannon,335,Wilmington,900,0.1,1,10000.0,False
2026-09-25,other,693,36pd Medium Gun,Cannon,262,Xpu Ha,900,0.1,1,9970.0,False
2026-09-25,other,693,36pd Medium Gun,Cannon,181,Yaguaraparo,900,0.1,1,10000.0,False
2026-09-25,other,693,36pd Medium Gun,Cannon,267,Ysil,900,0.1,1,10000.0,False
2026-09-25,other,693,36pd Medium Gun,Cannon,247,Útila,900,0.1,1,10000.0,False
2026-09-25,other,71,3pd Base Medium Gun,Cannon,113,Aguadilla,1,0.1,1,10000.0,False
2026-09-25,other,71,3pd Base Medium Gun,Cannon,289,Ahumada,1,0.1,1,10000.0,False
2026-09-25,other,71,3pd Base Medium Gun,Cannon,365,Alabaster Rocks,1,0.1,1,10000.0,False
2026-09-25,other,71,3pd Base Medium Gun,Cannon,342,Alacranes,1,0.1,1,10000.0,False
2026-09-25,other,71,3pd Base Medium Gun,Cannon,375,All Saints,1,0.1,1,10000.0,False
2026-09-25,other,71,3pd Base Medium Gun,Cannon,278,Almeria,1,0.1,1,10000.0,False
2026-09-25,other,71,3pd Base Medium Gun,Cannon,225,Almirante,1,0.1,1,10000.0,False
2026-09-25,other,71,3pd Base Medium Gun,Cannon,275,Alvarado,1,0.1,1,10000.0,False
2026-09-25,other,71,3pd Base Medium Gun,Cannon,123,Amalienborg,1,0.1,1,10000.0,False
2026-09-25,other,71,3pd Base Medium Gun,Cannon,255,Ambergrease Cay,1,0.1,1,10000.0,False
2026-09-25,other,71,3pd Base Medium Gun,Cannon,304,Apalachicola,1,0.1,1,10000.0,False
2026-09-25,other,71,3pd Base Medium Gun,Cannon,285,Aransas,1,0.1,1,10000.0,False
2026-09-25,other,71,3pd Base Medium Gun,Cannon,337,Arcas,1,0.1,1,10000.0,False
2026-09-25,other,71,3pd Base Medium Gun,Cannon,114,Arecibo,1,0.1,1,10000.0,False
2026-09-25,other,71,3pd Base Medium Gun,Cannon,340,Arenas,1,0.1,1,10000.0,False
2026-09-25,other,71,3pd Base Medium Gun,Cannon,17,Arthur's Town,1,0.1,1,10000.0,False
2026-09-25,other,71,3pd Base Medium Gun,Cannon,260,Asunción,1,0.1,1,10000.0,False
2026-09-25,other,71,3pd Base Medium Gun,Cannon,294,Atchafalaya,1,0.1,1,10000.0,False
2026-09-25,other,71,3pd Base Medium Gun,Cannon,24,Atwoods,1,0.1,1,10000.0,False
2026-09-25,other,71,3pd Base Medium Gun,Cannon,150,Aves,1,0.1,1,10000.0,False
2026-09-25,other,71,3pd Base Medium Gun,Cannon,325,Ayamonte,1,0.1,1,10012.0,False
2026-09-25,other,71,3pd Base Medium Gun,Cannon,321,Ays,1,0.1,1,10000.0,False
2026-09-25,other,71,3pd Base Medium Gun,Cannon,110,Azua,1,0.1,1,10000.0,False
2026-09-25,other,71,3pd Base Medium Gun,Cannon,103,Bahía Escocesa,1,0.1,1,10000.0,False
2026-09-25,other,71,3pd Base Medium Gun,Cannon,36,Bahía Honda,1,0.1,1,10000.0,False
2026-09-25,other,71,3pd Base Medium Gun,Cannon,35,Baja,1,0.1,1,10000.0,False
2026-09-25,other,71,3pd Base Medium Gun,Cannon,109,Baní,1,0.1,1,10000.0,False
2026-09-25,other,71,3pd Base Medium Gun,Cannon,50,Baracoa,1,0.1,1,10000.0,False
2026-09-25,other,71,3pd Base Medium Gun,Cannon,111,Barahona,1,0.1,1,10000.0,False
2026-09-25,other,71,3pd Base Medium Gun,Cannon,298,Barataria,1,0.1,1,10000.0,False
2026-09-25,other,71,3pd Base Medium Gun,Cannon,67,Barcos,1,0.1,1,10000.0,False
2026-09-25,other,71,3pd Base Medium Gun,Cannon,211,Barranquilla,1,0.1,1,10000.0,False
2026-09-25,other,71,3pd Base Medium Gun,Cannon,146,Basse-Terre,1,0.1,1,10000.0,False
2026-09-25,other,71,3pd Base Medium Gun,Cannon,137,Basseterre Town,1,0.1,1,10000.0,False
2026-09-25,other,71,3pd Base Medium Gun,Cannon,63,Batabanó,1,0.1,1,10000.0,False
2026-09-25,other,71,3pd Base Medium Gun,Cannon,339,Baxo Nuevo,1,0.1,1,10000.0,False
2026-09-25,other,71,3pd Base Medium Gun,Cannon,332,Beaufort,1,0.1,1,10000.0,False
2026-09-25,other,71,3pd Base Medium Gun,Cannon,253,Belize,1,0.1,1,10024.0,False
2026-09-25,other,71,3pd Base Medium Gun,Cannon,257,Bensalem,1,0.1,1,10000.0,False
2026-09-25,other,71,3pd Base Medium Gun,Cannon,277,Bernal,1,0.1,1,10000.0,False
2026-09-25,other,71,3pd Base Medium Gun,Cannon,299,Biloxi,1,0.1,1,10000.0,False
2026-09-25,other,71,3pd Base Medium Gun,Cannon,10,Bimini,1,0.1,1,10000.0,False
2026-09-25,other,71,3pd Base Medium Gun,Cannon,243,Black River,1,0.1,1,10000.0,False
2026-09-25,other,71,3pd Base Medium Gun,Cannon,32,Blondel Cay,1,0.1,1,10000.0,False
2026-09-25,other,71,3pd Base Medium Gun,Cannon,230,Bluefields,1,0.1,1,10000.0,False
2026-09-25,other,71,3pd Base Medium Gun,Cannon,245,Bonacca,1,0.1,1,10000.0,False
2026-09-25,other,71,3pd Base Medium Gun,Cannon,350,Bone Cay,1,0.1,1,10048.0,False
2026-09-25,other,71,3pd Base Medium Gun,Cannon,237,Brangman's Bluff,1,0.1,1,10000.0,False
2026-09-25,other,71,3pd Base Medium Gun,Cannon,242,Brewers,1,0.1,1,10000.0,False
2026-09-25,other,71,3pd Base Medium Gun,Cannon,161,Bridgetown,1,0.1,1,10000.0,False
2026-09-25,other,71,3pd Base Medium Gun,Cannon,329,Brunswick,1,0.1,1,10000.0,False
2026-09-25,other,71,3pd Base Medium Gun,Cannon,215,Buena Vista,1,0.1,1,10000.0,False
2026-09-25,other,71,3pd Base Medium Gun,Cannon,351,Bugle Cay,1,0.1,1,10000.0,False
2026-09-25,other,71,3pd Base Medium Gun,Cannon,318,Cabo Cañaveral,1,0.1,1,10000.0,False
2026-09-25,other,71,3pd Base Medium Gun,Cannon,208,Cabo de la Vela,1,0.1,1,10000.0,False
2026-09-25,other,71,3pd Base Medium Gun,Cannon,120,Cabo Rojo,1,0.1,1,10000.0,False
2026-09-25,other,71,3pd Base Medium Gun,Cannon,291,Calcasieu,1,0.1,1,10000.0,False
2026-09-25,other,71,3pd Base Medium Gun,Cannon,222,Calobelo,1,0.1,1,10000.0,False
2026-09-25,other,71,3pd Base Medium Gun,Cannon,149,Camp du Roy,1,0.1,1,10000.0,False
2026-09-25,other,71,3pd Base Medium Gun,Cannon,269,Campeche,1,0.1,1,10000.0,False
2026-09-25,other,71,3pd Base Medium Gun,Cannon,216,Canalete,1,0.1,1,10000.0,False
2026-09-25,other,71,3pd Base Medium Gun,Cannon,97,Cap-Français,1,0.1,1,10000.0,False
2026-09-25,other,71,3pd Base Medium Gun,Cannon,193,Caracas,1,0.1,1,10000.0,False
2026-09-25,other,71,3pd Base Medium Gun,Cannon,40,Carahatas,1,0.1,1,10000.0,False
2026-09-25,other,71,3pd Base Medium Gun,Cannon,188,Cariaco,1,0.1,1,10000.0,False
2026-09-25,other,71,3pd Base Medium Gun,Cannon,80,Carlisle,1,0.1,1,10000.0,False
2026-09-25,other,71,3pd Base Medium Gun,Cannon,163,Carriacou,1,0.1,1,10000.0,False
2026-09-25,other,71,3pd Base Medium Gun,Cannon,212,Cartagena de Indias,1,0.1,1,10000.0,False
2026-09-25,other,71,3pd Base Medium Gun,Cannon,184,Carúpano,1,0.1,1,10000.0,False
2026-09-25,other,71,3pd Base Medium Gun,Cannon,198,Casigua,1,0.1,1,10000.0,False
2026-09-25,other,71,3pd Base Medium Gun,Cannon,158,Castries,1,0.1,1,10000.0,False
2026-09-25,other,71,3pd Base Medium Gun,Cannon,74,Cayman Brac,1,0.1,1,10000.0,False
2026-09-25,other,71,3pd Base Medium Gun,Cannon,323,Cayo Biscayno,1,0.1,1,10000.0,False
2026-09-25,other,71,3pd Base Medium Gun,Cannon,41,Cayo de Sal,1,0.1,1,10000.0,False
2026-09-25,other,71,3pd Base Medium Gun,Cannon,308,Cayo del Anclote,1,0.1,1,10000.0,False
2026-09-25,other,71,3pd Base Medium Gun,Cannon,317,Cayo Largo,1,0.1,1,10000.0,False
2026-09-25,other,71,3pd Base Medium Gun,Cannon,44,Cayo Romano,1,0.1,1,10000.0,False
2026-09-25,other,71,3pd Base Medium Gun,Cannon,315,Cayo Vacas,1,0.1,1,10000.0,False
2026-09-25,other,71,3pd Base Medium Gun,Cannon,178,Caño Araguabisi,1,0.1,1,10000.0,False
2026-09-25,other,71,3pd Base Medium Gun,Cannon,177,Caño Araguao,1,0.1,1,10000.0,False
2026-09-25,other,71,3pd Base Medium Gun,Cannon,167,Caño Macareo,1,0.1,1,10000.0,False
2026-09-25,other,71,3pd Base Medium Gun,Cannon,221,Chagres,1,0.1,1,10000.0,False
2026-09-25,other,71,3pd Base Medium Gun,Cannon,270,Champotón,1,0.1,1,10000.0,False
2026-09-25,other,71,3pd Base Medium Gun,Cannon,138,Charles Town,1,0.1,1,10000.0,False
2026-09-25,other,71,3pd Base Medium Gun,Cannon,333,Charleston,1,0.1,1,10084.0,False
2026-09-25,other,71,3pd Base Medium Gun,Cannon,258,Chinchorro,1,0.1,1,10000.0,False
2026-09-25,other,71,3pd Base Medium Gun,Cannon,224,Chiriquí,1,0.1,1,10000.0,False
2026-09-25,other,71,3pd Base Medium Gun,Cannon,129,Christiansted,1,0.1,1,10060.0,False
2026-09-25,other,71,3pd Base Medium Gun,Cannon,61,Cochinos,1,0.1,1,10000.0,False
2026-09-25,other,71,3pd Base Medium Gun,Cannon,70,Cocodrilo,1,0.1,1,10000.0,False
2026-09-25,other,71,3pd Base Medium Gun,Cannon,134,Codrington,1,0.1,1,10000.0,False
2026-09-25,other,71,3pd Base Medium Gun,Cannon,206,Cojoro,1,0.1,1,10000.0,False
2026-09-25,other,71,3pd Base Medium Gun,Cannon,223,Concepción,1,0.1,1,10000.0,False
2026-09-25,other,71,3pd Base Medium Gun,Cannon,259,Congrios,1,0.1,1,10000.0,False
2026-09-25,other,71,3pd Base Medium Gun,Cannon,264,Conil,1,0.1,1,10000.0,False
2026-09-25,other,71,3pd Base Medium Gun,Cannon,292,Constance,1,0.1,1,10000.0,False
2026-09-25,other,71,3pd Base Medium Gun,Cannon,344,Conttoy,1,0.1,1,10000.0,False
2026-09-25,other,71,3pd Base Medium Gun,Cannon,207,Coquibacoa,1,0.1,1,10000.0,False
2026-09-25,other,71,3pd Base Medium Gun,Cannon,124,Coral Bay,1,0.1,1,10000.0,False
2026-09-25,other,71,3pd Base Medium Gun,Cannon,196,Coro,1,0.1,1,10000.0,False
2026-09-25,other,71,3pd Base Medium Gun,Cannon,66,Corrientes,1,0.1,1,10000.0,False
2026-09-25,other,71,3pd Base Medium Gun,Cannon,241,Croata,1,0.1,1,10000.0,False
2026-09-25,other,71,3pd Base Medium Gun,Cannon,361,Crown Haven,1,0.1,1,10000.0,False
2026-09-25,other,71,3pd Base Medium Gun,Cannon,372,Cul-de-Sac,1,0.1,1,10000.0,False
2026-09-25,other,71,3pd Base Medium Gun,Cannon,189,Cumaná,1,0.1,1,10000.0,False
2026-09-25,other,71,3pd Base Medium Gun,Cannon,69,Daguilla,1,0.1,1,10000.0,False
2026-09-25,other,71,3pd Base Medium Gun,Cannon,214,Dariena,1,0.1,1,10000.0,False
2026-09-25,other,71,3pd Base Medium Gun,Cannon,20,Deadman's Cay,1,0.1,1,10000.0,False
2026-09-25,other,71,3pd Base Medium Gun,Cannon,147,Deshaies,1,0.1,1,10000.0,False
2026-09-25,other,71,3pd Base Medium Gun,Cannon,265,El Cuyo,1,0.1,1,10000.0,False
2026-09-25,other,71,3pd Base Medium Gun,Cannon,286,El Rancho,1,0.1,1,10012.0,False
2026-09-25,other,71,3pd Base Medium Gun,Cannon,107,El Soco,1,0.1,1,10000.0,False
2026-09-25,other,71,3pd Base Medium Gun,Cannon,166,El Toco,1,0.1,1,10000.0,False
2026-09-25,other,71,3pd Base Medium Gun,Cannon,202,Encontrados,1,0.1,1,10000.0,False
2026-09-25,other,71,3pd Base Medium Gun,Cannon,141,English Harbour,1,0.1,1,10000.0,False
2026-09-25,other,71,3pd Base Medium Gun,Cannon,274,Espíritu Santo,1,0.1,1,10000.0,False
2026-09-25,other,71,3pd Base Medium Gun,Cannon,284,Esteros,1,0.1,1,10000.0,False
2026-09-25,other,71,3pd Base Medium Gun,Cannon,116,Fajardo,1,0.1,1,10000.0,False
2026-09-25,other,71,3pd Base Medium Gun,Cannon,354,Flatts,1,0.1,1,10000.0,False
2026-09-25,other,71,3pd Base Medium Gun,Cannon,135,Fort Baai,1,0.1,1,10000.0,False
2026-09-25,other,71,3pd Base Medium Gun,Cannon,173,Fort Oranje,1,0.1,1,10000.0,False
2026-09-25,other,71,3pd Base Medium Gun,Cannon,175,Fort Zoutman,1,0.1,1,10000.0,False
2026-09-25,other,71,3pd Base Medium Gun,Cannon,98,Fort-Dauphin,1,0.1,1,10000.0,False
2026-09-25,other,71,3pd Base Medium Gun,Cannon,156,Fort-Royal,1,0.1,1,10156.0,False
2026-09-25,other,71,3pd Base Medium Gun,Cannon,128,Frederiksted,1,0.1,1,10000.0,False
2026-09-25,other,71,3pd Base Medium Gun,Cannon,359,Frozen Cay,1,0.1,1,10000.0,False
2026-09-25,other,71,3pd Base Medium Gun,Cannon,183,Galdonas,1,0.1,1,10000.0,False
2026-09-25,other,71,3pd Base Medium Gun,Cannon,311,Gasparilla,1,0.1,1,10000.0,False
2026-09-25,other,71,3pd Base Medium Gun,Cannon,72,George Town,1,0.1,1,10000.0,False
2026-09-25,other,71,3pd Base Medium Gun,Cannon,18,George's Town,1,0.1,1,10000.0,False
2026-09-25,other,71,3pd Base Medium Gun,Cannon,334,Georgetown,1,0.1,1,10000.0,False
2026-09-25,other,71,3pd Base Medium Gun,Cannon,201,Gibraltar,1,0.1,1,10000.0,False
2026-09-25,other,71,3pd Base Medium Gun,Cannon,16,Governor's Harbour,1,0.1,1,10000.0,False
2026-09-25,other,71,3pd Base Medium Gun,Cannon,240,Gracias a Dios,1,0.1,1,10000.0,False
2026-09-25,other,71,3pd Base Medium Gun,Cannon,153,Grand Anse,1,0.1,1,10000.0,False
2026-09-25,other,71,3pd Base Medium Gun,Cannon,33,Grand Turk,1,0.1,1,10000.0,False
2026-09-25,other,71,3pd Base Medium Gun,Cannon,231,Great Corn,1,0.1,1,10000.0,False
2026-09-25,other,71,3pd Base Medium Gun,Cannon,233,Great River,1,0.1,1,10000.0,False
2026-09-25,other,71,3pd Base Medium Gun,Cannon,367,Green Cay,1,0.1,1,10000.0,False
2026-09-25,other,71,3pd Base Medium Gun,Cannon,229,Grindstone,1,0.1,1,10000.0,False
2026-09-25,other,71,3pd Base Medium Gun,Cannon,374,Guacata,1,0.1,1,10000.0,False
2026-09-25,other,71,3pd Base Medium Gun,Cannon,53,Guamá Sevilla,1,0.1,1,10000.0,False
2026-09-25,other,71,3pd Base Medium Gun,Cannon,179,Guayaguayare,1,0.1,1,10000.0,False
2026-09-25,other,71,3pd Base Medium Gun,Cannon,117,Guayama,1,0.1,1,10000.0,False
2026-09-25,other,71,3pd Base Medium Gun,Cannon,48,Guibara,1,0.1,1,10000.0,False
2026-09-25,other,71,3pd Base Medium Gun,Cannon,133,Gustavia,1,0.1,1,10132.0,False
2026-09-25,other,71,3pd Base Medium Gun,Cannon,119,Guánica,1,0.1,1,10000.0,False
2026-09-25,other,71,3pd Base Medium Gun,Cannon,182,Güiria,1,0.1,1,10000.0,False
2026-09-25,other,71,3pd Base Medium Gun,Cannon,15,Harbour Island,1,0.1,1,10000.0,False
2026-09-25,other,71,3pd Base Medium Gun,Cannon,130,Hat Island,1,0.1,1,10000.0,False
2026-09-25,other,71,3pd Base Medium Gun,Cannon,232,Haulover,1,0.1,1,10000.0,False
2026-09-25,other,71,3pd Base Medium Gun,Cannon,106,Higüey,1,0.1,1,10000.0,False
2026-09-25,other,71,3pd Base Medium Gun,Cannon,306,Hitten Hatcha,1,0.1,1,10000.0,False
2026-09-25,other,71,3pd Base Medium Gun,Cannon,316,Islamorada,1,0.1,1,10012.0,False
2026-09-25,other,71,3pd Base Medium Gun,Cannon,370,Island Harbour,1,0.1,1,10000.0,False
2026-09-25,other,71,3pd Base Medium Gun,Cannon,28,Islet,1,0.1,1,10000.0,False
2026-09-25,other,71,3pd Base Medium Gun,Cannon,83,Jacmel,1,0.1,1,10000.0,False
2026-09-25,other,71,3pd Base Medium Gun,Cannon,60,Jagua,1,0.1,1,10000.0,False
2026-09-25,other,71,3pd Base Medium Gun,Cannon,320,Jobe,1,0.1,1,10000.0,False
2026-09-25,other,71,3pd Base Medium Gun,Cannon,88,Jérémie,1,0.1,1,10000.0,False
2026-09-25,other,71,3pd Base Medium Gun,Cannon,13,Kemp's Bay,1,0.1,1,10000.0,False
2026-09-25,other,71,3pd Base Medium Gun,Cannon,313,Key West,1,0.1,1,10000.0,False
2026-09-25,other,71,3pd Base Medium Gun,Cannon,357,Kidd's Harbour,1,0.1,1,10000.0,False
2026-09-25,other,71,3pd Base Medium Gun,Cannon,79,Kingston / Port Royal,1,0.1,1,10156.0,False
2026-09-25,other,71,3pd Base Medium Gun,Cannon,162,Kingstown,1,0.1,1,10000.0,False
2026-09-25,other,71,3pd Base Medium Gun,Cannon,42,La Anguila,1,0.1,1,10000.0,False
2026-09-25,other,71,3pd Base Medium Gun,Cannon,287,La Bahía,1,0.1,1,10000.0,False
2026-09-25,other,71,3pd Base Medium Gun,Cannon,341,La Bermeja,1,0.1,1,10000.0,False
2026-09-25,other,71,3pd Base Medium Gun,Cannon,170,La Blanquilla,1,0.1,1,10000.0,False
2026-09-25,other,71,3pd Base Medium Gun,Cannon,363,La Desconocida,1,0.1,1,10000.0,False
2026-09-25,other,71,3pd Base Medium Gun,Cannon,139,La Désirade,1,0.1,1,10000.0,False
2026-09-25,other,71,3pd Base Medium Gun,Cannon,45,La Guanaja,1,0.1,1,10000.0,False
2026-09-25,other,71,3pd Base Medium Gun,Cannon,38,La Habana,1,0.1,1,10036.0,False
2026-09-25,other,71,3pd Base Medium Gun,Cannon,100,La Isabela,1,0.1,1,10012.0,False
2026-09-25,other,71,3pd Base Medium Gun,Cannon,112,La Mona,1,0.1,1,10024.0,False
2026-09-25,other,71,3pd Base Medium Gun,Cannon,373,La Moussette,1,0.1,1,10000.0,False
2026-09-25,other,71,3pd Base Medium Gun,Cannon,85,La Navasse,1,0.1,1,10000.0,False
2026-09-25,other,71,3pd Base Medium Gun,Cannon,171,La Orchilla,1,0.1,1,10000.0,False
2026-09-25,other,71,3pd Base Medium Gun,Cannon,96,La Tortue,1,0.1,1,10067.0,False
2026-09-25,other,71,3pd Base Medium Gun,Cannon,187,La Tortuga,1,0.1,1,10000.0,False
2026-09-25,other,71,3pd Base Medium Gun,Cannon,154,La Trinité,1,0.1,1,10000.0,False
2026-09-25,other,71,3pd Base Medium Gun,Cannon,199,Lagunillas,1,0.1,1,10000.0,False
2026-09-25,other,71,3pd Base Medium Gun,Cannon,172,Las Aves,1,0.1,1,10000.0,False
2026-09-25,other,71,3pd Base Medium Gun,Cannon,307,Las Sabinas,1,0.1,1,10000.0,False
2026-09-25,other,71,3pd Base Medium Gun,Cannon,314,Las Tortugas,1,0.1,1,10000.0,False
2026-09-25,other,71,3pd Base Medium Gun,Cannon,143,Le Moule,1,0.1,1,10000.0,False
2026-09-25,other,71,3pd Base Medium Gun,Cannon,86,Les Cayes,1,0.1,1,10000.0,False
2026-09-25,other,71,3pd Base Medium Gun,Cannon,93,Les Gonaïves,1,0.1,1,10000.0,False
2026-09-25,other,71,3pd Base Medium Gun,Cannon,73,Little Cayman,1,0.1,1,10000.0,False
2026-09-25,other,71,3pd Base Medium Gun,Cannon,8,Little Harbour,1,0.1,1,10000.0,False
2026-09-25,other,71,3pd Base Medium Gun,Cannon,29,Little Inagua,1,0.1,1,10000.0,False
2026-09-25,other,71,3pd Base Medium Gun,Cannon,362,Little Isaac Rocks,1,0.1,1,10000.0,False
2026-09-25,other,71,3pd Base Medium Gun,Cannon,381,Little River,1,0.1,1,10000.0,False
2026-09-25,other,71,3pd Base Medium Gun,Cannon,31,Lorimers,1,0.1,1,10000.0,False
2026-09-25,other,71,3pd Base Medium Gun,Cannon,90,Léogane,1,0.1,1,10000.0,False
2026-09-25,other,71,3pd Base Medium Gun,Cannon,186,Macanao,1,0.1,1,10000.0,False
2026-09-25,other,71,3pd Base Medium Gun,Cannon,105,Macao,1,0.1,1,10000.0,False
2026-09-25,other,71,3pd Base Medium Gun,Cannon,312,Manataca,1,0.1,1,10000.0,False
2026-09-25,other,71,3pd Base Medium Gun,Cannon,219,Mandinga,1,0.1,1,10000.0,False
2026-09-25,other,71,3pd Base Medium Gun,Cannon,358,Mangrove Cay,1,0.1,1,10000.0,False
2026-09-25,other,71,3pd Base Medium Gun,Cannon,34,Mantua,1,0.1,1,10000.0,False
2026-09-25,other,71,3pd Base Medium Gun,Cannon,55,Manzanillo,1,0.1,1,10000.0,False
2026-09-25,other,71,3pd Base Medium Gun,Cannon,204,Maracaibo,1,0.1,1,10000.0,False
2026-09-25,other,71,3pd Base Medium Gun,Cannon,37,Mariel,1,0.1,1,10000.0,False
2026-09-25,other,71,3pd Base Medium Gun,Cannon,131,Marigot,1,0.1,1,10000.0,False
2026-09-25,other,71,3pd Base Medium Gun,Cannon,155,Marin,1,0.1,1,10000.0,False
2026-09-25,other,71,3pd Base Medium Gun,Cannon,9,Marsh Harbour,1,0.1,1,10000.0,False
2026-09-25,other,71,3pd Base Medium Gun,Cannon,39,Matanzas,1,0.1,1,10000.0,False
2026-09-25,other,71,3pd Base Medium Gun,Cannon,227,Matina,1,0.1,1,10000.0,False
2026-09-25,other,71,3pd Base Medium Gun,Cannon,26,Mayaguana,1,0.1,1,10000.0,False
2026-09-25,other,71,3pd Base Medium Gun,Cannon,11,Mimbres,1,0.1,1,10000.0,False
2026-09-25,other,71,3pd Base Medium Gun,Cannon,347,Misteriosa,1,0.1,1,10000.0,False
2026-09-25,other,71,3pd Base Medium Gun,Cannon,197,Mitara,1,0.1,1,10000.0,False
2026-09-25,other,71,3pd Base Medium Gun,Cannon,300,Mobile,1,0.1,1,10000.0,False
2026-09-25,other,71,3pd Base Medium Gun,Cannon,99,Montecristi,1,0.1,1,10000.0,False
2026-09-25,other,71,3pd Base Medium Gun,Cannon,75,Montego Bay,1,0.1,1,10000.0,False
2026-09-25,other,71,3pd Base Medium Gun,Cannon,12,Morgan's Bluff,1,0.1,1,10000.0,False
2026-09-25,other,71,3pd Base Medium Gun,Cannon,248,Morro Chico,1,0.1,1,10000.0,False
2026-09-25,other,71,3pd Base Medium Gun,Cannon,27,Mortimer Town,1,0.1,1,10240.0,False
2026-09-25,other,71,3pd Base Medium Gun,Cannon,238,Mosquito Cay,1,0.1,1,10000.0,False
2026-09-25,other,71,3pd Base Medium Gun,Cannon,345,Mugeres,1,0.1,1,10000.0,False
2026-09-25,other,71,3pd Base Medium Gun,Cannon,168,Naparima,1,0.1,1,10000.0,False
2026-09-25,other,71,3pd Base Medium Gun,Cannon,14,Nassau,1,0.1,1,10012.0,False
2026-09-25,other,71,3pd Base Medium Gun,Cannon,217,New Edinburgh,1,0.1,1,10000.0,False
2026-09-25,other,71,3pd Base Medium Gun,Cannon,324,New Smyrna,1,0.1,1,10000.0,False
2026-09-25,other,71,3pd Base Medium Gun,Cannon,89,Nippes,1,0.1,1,10012.0,False
2026-09-25,other,71,3pd Base Medium Gun,Cannon,356,North Inlet,1,0.1,1,10000.0,False
2026-09-25,other,71,3pd Base Medium Gun,Cannon,297,Nouvelle-Orléans,1,0.1,1,10000.0,False
2026-09-25,other,71,3pd Base Medium Gun,Cannon,190,Nueva Barcelona,1,0.1,1,10000.0,False
2026-09-25,other,71,3pd Base Medium Gun,Cannon,46,Nuevitas,1,0.1,1,10000.0,False
2026-09-25,other,71,3pd Base Medium Gun,Cannon,368,Ocean Bight,1,0.1,1,10000.0,False
2026-09-25,other,71,3pd Base Medium Gun,Cannon,235,Old Providence,1,0.1,1,10000.0,False
2026-09-25,other,71,3pd Base Medium Gun,Cannon,250,Omoa,1,0.1,1,10000.0,False
2026-09-25,other,71,3pd Base Medium Gun,Cannon,136,Oranjestad,1,0.1,1,10000.0,False
2026-09-25,other,71,3pd Base Medium Gun,Cannon,185,Pampatar,1,0.1,1,10000.0,False
2026-09-25,other,71,3pd Base Medium Gun,Cannon,30,Parrot Cay,1,0.1,1,10000.0,False
2026-09-25,other,71,3pd Base Medium Gun,Cannon,122,Pasaje,1,0.1,1,10000.0,False
2026-09-25,other,71,3pd Base Medium Gun,Cannon,180,Pedernales,1,0.1,1,10000.0,False
2026-09-25,other,71,3pd Base Medium Gun,Cannon,352,Pedro Cay,1,0.1,1,10012.0,False
2026-09-25,other,71,3pd Base Medium Gun,Cannon,301,Penzacola,1,0.1,1,10000.0,False
2026-09-25,other,71,3pd Base Medium Gun,Cannon,203,Perijá,1,0.1,1,10000.0,False
2026-09-25,other,71,3pd Base Medium Gun,Cannon,132,Philipsburg,1,0.1,1,10000.0,False
2026-09-25,other,71,3pd Base Medium Gun,Cannon,65,Pinar del Río,1,0.1,1,10000.0,False
2026-09-25,other,71,3pd Base Medium Gun,Cannon,23,Pitt's Town,1,0.1,1,10024.0,False
2026-09-25,other,71,3pd Base Medium Gun,Cannon,252,Placentia,1,0.1,1,10000.0,False
2026-09-25,other,71,3pd Base Medium Gun,Cannon,346,Placer,1,0.1,1,10000.0,False
2026-09-25,other,71,3pd Base Medium Gun,Cannon,218,Playón,1,0.1,1,10000.0,False
2026-09-25,other,71,3pd Base Medium Gun,Cannon,369,Plymouth,1,0.1,1,10000.0,False
2026-09-25,other,71,3pd Base Medium Gun,Cannon,145,Pointe-à-Pitre,1,0.1,1,10000.0,False
2026-09-25,other,71,3pd Base Medium Gun,Cannon,118,Ponce,1,0.1,1,10000.0,False
2026-09-25,other,71,3pd Base Medium Gun,Cannon,77,Port Antonio,1,0.1,1,10000.0,False
2026-09-25,other,71,3pd Base Medium Gun,Cannon,19,Port Howe,1,0.1,1,10012.0,False
2026-09-25,other,71,3pd Base Medium Gun,Cannon,78,Port Morant,1,0.1,1,10000.0,False
2026-09-25,other,71,3pd Base Medium Gun,Cannon,91,Port-au-Prince,1,0.1,1,10000.0,False
2026-09-25,other,71,3pd Base Medium Gun,Cannon,95,Port-de-Paix,1,0.1,1,10000.0,False
2026-09-25,other,71,3pd Base Medium Gun,Cannon,142,Port-Louis,1,0.1,1,10000.0,False
2026-09-25,other,71,3pd Base Medium Gun,Cannon,54,Portillo,1,0.1,1,10000.0,False
2026-09-25,other,71,3pd Base Medium Gun,Cannon,220,Portobelo,1,0.1,1,9998.0,False
2026-09-25,other,71,3pd Base Medium Gun,Cannon,234,Prinzapolka,1,0.1,1,10000.0,False
2026-09-25,other,71,3pd Base Medium Gun,Cannon,194,Puerto Cabello,1,0.1,1,10000.0,False
2026-09-25,other,71,3pd Base Medium Gun,Cannon,169,Puerto de España,1,0.1,1,10000.0,False
2026-09-25,other,71,3pd Base Medium Gun,Cannon,49,Puerto de Nipe,1,0.1,1,10000.0,False
2026-09-25,other,71,3pd Base Medium Gun,Cannon,47,Puerto del Padre,1,0.1,1,10012.0,False
2026-09-25,other,71,3pd Base Medium Gun,Cannon,51,Puerto Escondido,1,0.1,1,10000.0,False
2026-09-25,other,71,3pd Base Medium Gun,Cannon,101,Puerto Plata,1,0.1,1,10000.0,False
2026-09-25,other,71,3pd Base Medium Gun,Cannon,271,Puerto Real,1,0.1,1,10000.0,False
2026-09-25,other,71,3pd Base Medium Gun,Cannon,191,Píritu,1,0.1,1,10000.0,False
2026-09-25,other,71,3pd Base Medium Gun,Cannon,21,Ragged Cay,1,0.1,1,10012.0,False
2026-09-25,other,71,3pd Base Medium Gun,Cannon,43,Remedios,1,0.1,1,10000.0,False
2026-09-25,other,71,3pd Base Medium Gun,Cannon,102,Rincón,1,0.1,1,10000.0,False
2026-09-25,other,71,3pd Base Medium Gun,Cannon,5,Road Rocks,1,0.1,1,10000.0,False
2026-09-25,other,71,3pd Base Medium Gun,Cannon,125,Road Town,1,0.1,1,10000.0,False
2026-09-25,other,71,3pd Base Medium Gun,Cannon,64,Robras,1,0.1,1,10000.0,False
2026-09-25,other,71,3pd Base Medium Gun,Cannon,151,Rosaly,1,0.1,1,10000.0,False
2026-09-25,other,71,3pd Base Medium Gun,Cannon,152,Roseau,1,0.1,1,10000.0,False
2026-09-25,other,71,3pd Base Medium Gun,Cannon,246,Ruatan,1,0.1,1,10000.0,False
2026-09-25,other,71,3pd Base Medium Gun,Cannon,377,Rum Cove,1,0.1,1,10000.0,False
2026-09-25,other,71,3pd Base Medium Gun,Cannon,192,Río Chico,1,0.1,1,10000.0,False
2026-09-25,other,71,3pd Base Medium Gun,Cannon,209,Río de la Hacha,1,0.1,1,10000.0,False
2026-09-25,other,71,3pd Base Medium Gun,Cannon,319,Río Seco,1,0.1,1,10000.0,False
2026-09-25,other,71,3pd Base Medium Gun,Cannon,195,Río Tocuyo,1,0.1,1,10000.0,False
2026-09-25,other,71,3pd Base Medium Gun,Cannon,290,Sabina,1,0.1,1,10000.0,False
2026-09-25,other,71,3pd Base Medium Gun,Cannon,76,Saint Ann,1,0.1,1,10000.0,False
2026-09-25,other,71,3pd Base Medium Gun,Cannon,164,Saint George,1,0.1,1,10000.0,False
2026-09-25,other,71,3pd Base Medium Gun,Cannon,355,Saint George's Town,1,0.1,1,10000.0,False
2026-09-25,other,71,3pd Base Medium Gun,Cannon,140,Saint John's,1,0.1,1,10000.0,False
2026-09-25,other,71,3pd Base Medium Gun,Cannon,160,Saint Joseph,1,0.1,1,10000.0,False
2026-09-25,other,71,3pd Base Medium Gun,Cannon,330,Saint Marys,1,0.1,1,10000.0,False
2026-09-25,other,71,3pd Base Medium Gun,Cannon,144,Saint-François,1,0.1,1,10000.0,False
2026-09-25,other,71,3pd Base Medium Gun,Cannon,84,Saint-Louis,1,0.1,1,10000.0,False
2026-09-25,other,71,3pd Base Medium Gun,Cannon,296,Saint-Malo,1,0.1,1,10000.0,False
2026-09-25,other,71,3pd Base Medium Gun,Cannon,92,Saint-Marc,1,0.1,1,10000.0,False
2026-09-25,other,71,3pd Base Medium Gun,Cannon,94,Saint-Nicolas,1,0.1,1,10000.0,False
2026-09-25,other,71,3pd Base Medium Gun,Cannon,157,Saint-Pierre,1,0.1,1,10000.0,False
2026-09-25,other,71,3pd Base Medium Gun,Cannon,256,Salamanca,1,0.1,1,10000.0,False
2026-09-25,other,71,3pd Base Medium Gun,Cannon,82,Sale-Trou,1,0.1,1,10000.0,False
2026-09-25,other,71,3pd Base Medium Gun,Cannon,25,Salina Point,1,0.1,1,10012.0,False
2026-09-25,other,71,3pd Base Medium Gun,Cannon,379,Salinas,1,0.1,1,10000.0,False
2026-09-25,other,71,3pd Base Medium Gun,Cannon,104,Samaná,1,0.1,1,10000.0,False
2026-09-25,other,71,3pd Base Medium Gun,Cannon,326,San Agustín,1,0.1,1,10000.0,False
2026-09-25,other,71,3pd Base Medium Gun,Cannon,236,San Andrés,1,0.1,1,10000.0,False
2026-09-25,other,71,3pd Base Medium Gun,Cannon,283,San Fernando,1,0.1,1,10000.0,False
2026-09-25,other,71,3pd Base Medium Gun,Cannon,303,San José,1,0.1,1,10000.0,False
2026-09-25,other,71,3pd Base Medium Gun,Cannon,115,San Juan,1,0.1,1,10000.0,False
2026-09-25,other,71,3pd Base Medium Gun,Cannon,228,San Juan del Norte,1,0.1,1,10000.0,False
2026-09-25,other,71,3pd Base Medium Gun,Cannon,62,San Lazaro,1,0.1,1,10000.0,False
2026-09-25,other,71,3pd Base Medium Gun,Cannon,288,San Luis,1,0.1,1,10000.0,False
2026-09-25,other,71,3pd Base Medium Gun,Cannon,305,San Marcos,1,0.1,1,10000.0,False
2026-09-25,other,71,3pd Base Medium Gun,Cannon,327,San Mateo,1,0.1,1,10000.0,False
2026-09-25,other,71,3pd Base Medium Gun,Cannon,322,San Sebastian,1,0.1,1,10000.0,False
2026-09-25,other,71,3pd Base Medium Gun,Cannon,200,San Timoteo,1,0.1,1,10000.0,False
2026-09-25,other,71,3pd Base Medium Gun,Cannon,58,Sancti Spíritus,1,0.1,1,10000.0,False
2026-09-25,other,71,3pd Base Medium Gun,Cannon,239,Sandy Bay,1,0.1,1,10000.0,False
2026-09-25,other,71,3pd Base Medium Gun,Cannon,371,Sandy Hill,1,0.1,1,10000.0,False
2026-09-25,other,71,3pd Base Medium Gun,Cannon,7,Sandy Point,1,0.1,1,10000.0,False
2026-09-25,other,71,3pd Base Medium Gun,Cannon,272,Santa Ana,1,0.1,1,10000.0,False
2026-09-25,other,71,3pd Base Medium Gun,Cannon,56,Santa Cruz,1,0.1,1,10000.0,False
2026-09-25,other,71,3pd Base Medium Gun,Cannon,68,Santa Fe,1,0.1,1,10000.0,False
2026-09-25,other,71,3pd Base Medium Gun,Cannon,210,Santa Marta,1,0.1,1,10000.0,False
2026-09-25,other,71,3pd Base Medium Gun,Cannon,57,Santa María,1,0.1,1,10000.0,False
2026-09-25,other,71,3pd Base Medium Gun,Cannon,302,Santa Rosa,1,0.1,1,10000.0,False
2026-09-25,other,71,3pd Base Medium Gun,Cannon,348,Santanillas,1,0.1,1,10000.0,False
2026-09-25,other,71,3pd Base Medium Gun,Cannon,52,Santiago de Cuba,1,0.1,1,10000.0,False
2026-09-25,other,71,3pd Base Medium Gun,Cannon,108,Santo Domingo,1,0.1,1,10000.0,False
2026-09-25,other,71,3pd Base Medium Gun,Cannon,251,Santo Tomás,1,0.1,1,10000.0,False
2026-09-25,other,71,3pd Base Medium Gun,Cannon,176,Santo Tomé de Guayana,1,0.1,1,10000.0,False
2026-09-25,other,71,3pd Base Medium Gun,Cannon,310,Sarazota,1,0.1,1,10000.0,False
2026-09-25,other,71,3pd Base Medium Gun,Cannon,81,Savanna la Mar,1,0.1,1,10000.0,False
2026-09-25,other,71,3pd Base Medium Gun,Cannon,331,Savannah,1,0.1,1,10000.0,False
2026-09-25,other,71,3pd Base Medium Gun,Cannon,165,Scarborough,1,0.1,1,10000.0,False
2026-09-25,other,71,3pd Base Medium Gun,Cannon,266,Selam,1,0.1,1,10000.0,False
2026-09-25,other,71,3pd Base Medium Gun,Cannon,349,Serrana,1,0.1,1,10000.0,False
2026-09-25,other,71,3pd Base Medium Gun,Cannon,366,Shroud Cay,1,0.1,1,10072.0,False
2026-09-25,other,71,3pd Base Medium Gun,Cannon,71,Siguanea,1,0.1,1,10000.0,False
2026-09-25,other,71,3pd Base Medium Gun,Cannon,205,Sinamaica,1,0.1,1,10000.0,False
2026-09-25,other,71,3pd Base Medium Gun,Cannon,268,Sisal,1,0.1,1,10000.0,False
2026-09-25,other,71,3pd Base Medium Gun,Cannon,353,Somerset,1,0.1,1,10000.0,False
2026-09-25,other,71,3pd Base Medium Gun,Cannon,282,Soto La Marina,1,0.1,1,10000.0,False
2026-09-25,other,71,3pd Base Medium Gun,Cannon,127,Spanish Town,1,0.1,1,10000.0,False
2026-09-25,other,71,3pd Base Medium Gun,Cannon,328,Sunbury,1,0.1,1,10000.0,False
2026-09-25,other,71,3pd Base Medium Gun,Cannon,336,Swannsborough,1,0.1,1,10000.0,False
2026-09-25,other,71,3pd Base Medium Gun,Cannon,226,Talamanca,1,0.1,1,10000.0,False
2026-09-25,other,71,3pd Base Medium Gun,Cannon,281,Tamiagua,1,0.1,1,10000.0,False
2026-09-25,other,71,3pd Base Medium Gun,Cannon,309,Tampa,1,0.1,1,10000.0,False
2026-09-25,other,71,3pd Base Medium Gun,Cannon,280,Tampico,1,0.1,1,10000.0,False
2026-09-25,other,71,3pd Base Medium Gun,Cannon,263,Tantun Cuzamil,1,0.1,1,10000.0,False
2026-09-25,other,71,3pd Base Medium Gun,Cannon,148,Terre-de-Bas,1,0.1,1,10000.0,False
2026-09-25,other,71,3pd Base Medium Gun,Cannon,295,Terrebonne,1,0.1,1,10000.0,False
2026-09-25,other,71,3pd Base Medium Gun,Cannon,126,The Settlement,1,0.1,1,10000.0,False
2026-09-25,other,71,3pd Base Medium Gun,Cannon,87,Tiburon,1,0.1,1,10000.0,False
2026-09-25,other,71,3pd Base Medium Gun,Cannon,213,Tolú,1,0.1,1,10000.0,False
2026-09-25,other,71,3pd Base Medium Gun,Cannon,380,Tordo,1,0.1,1,10000.0,False
2026-09-25,other,71,3pd Base Medium Gun,Cannon,338,Triangulo,1,0.1,1,10000.0,False
2026-09-25,other,71,3pd Base Medium Gun,Cannon,59,Trinidad,1,0.1,1,10000.0,False
2026-09-25,other,71,3pd Base Medium Gun,Cannon,249,Triunfo de la Cruz,1,0.1,1,10000.0,False
2026-09-25,other,71,3pd Base Medium Gun,Cannon,244,Truxillo,1,0.1,1,10000.0,False
2026-09-25,other,71,3pd Base Medium Gun,Cannon,261,Tulum,1,0.1,1,10000.0,False
2026-09-25,other,71,3pd Base Medium Gun,Cannon,343,Tumbado,1,0.1,1,10000.0,False
2026-09-25,other,71,3pd Base Medium Gun,Cannon,254,Turneffe,1,0.1,1,10000.0,False
2026-09-25,other,71,3pd Base Medium Gun,Cannon,6,Turtle Cay,1,0.1,1,10000.0,False
2026-09-25,other,71,3pd Base Medium Gun,Cannon,279,Tuspan,1,0.1,1,10000.0,False
2026-09-25,other,71,3pd Base Medium Gun,Cannon,276,Vera Cruz,1,0.1,1,10000.0,False
2026-09-25,other,71,3pd Base Medium Gun,Cannon,293,Vermiou,1,0.1,1,10000.0,False
2026-09-25,other,71,3pd Base Medium Gun,Cannon,273,Victoria,1,0.1,1,10000.0,False
2026-09-25,other,71,3pd Base Medium Gun,Cannon,121,Vieques,1,0.1,1,10000.0,False
2026-09-25,other,71,3pd Base Medium Gun,Cannon,159,Vieux-Fort,1,0.1,1,10000.0,False
2026-09-25,other,71,3pd Base Medium Gun,Cannon,3,Walker's Cay,1,0.1,1,10000.0,False
2026-09-25,other,71,3pd Base Medium Gun,Cannon,376,Wantlands Ferry,1,0.1,1,10000.0,False
2026-09-25,other,71,3pd Base Medium Gun,Cannon,360,Water Bay,1,0.1,1,10000.0,False
2026-09-25,other,71,3pd Base Medium Gun,Cannon,22,Watlings,1,0.1,1,10000.0,False
2026-09-25,other,71,3pd Base Medium Gun,Cannon,4,West End,1,0.1,1,10000.0,False
2026-09-25,other,71,3pd Base Medium Gun,Cannon,174,Willemstad,1,0.1,1,10036.0,False
2026-09-25,other,71,3pd Base Medium Gun,Cannon,364,William's Bay,1,0.1,1,10000.0,False
2026-09-25,other,71,3pd Base Medium Gun,Cannon,335,Wilmington,1,0.1,1,10000.0,False
2026-09-25,other,71,3pd Base Medium Gun,Cannon,262,Xpu Ha,1,0.1,1,10000.0,False
2026-09-25,other,71,3pd Base Medium Gun,Cannon,181,Yaguaraparo,1,0.1,1,10000.0,False
2026-09-25,other,71,3pd Base Medium Gun,Cannon,267,Ysil,1,0.1,1,10000.0,False
2026-09-25,other,71,3pd Base Medium Gun,Cannon,247,Útila,1,0.1,1,10000.0,False
2026-09-25,other,69,42pd Medium Gun,Cannon,113,Aguadilla,1050,0.1,1,10000.0,False
2026-09-25,other,69,42pd Medium Gun,Cannon,289,Ahumada,1050,0.1,1,10000.0,False
2026-09-25,other,69,42pd Medium Gun,Cannon,365,Alabaster Rocks,1050,0.1,1,10000.0,False
2026-09-25,other,69,42pd Medium Gun,Cannon,342,Alacranes,1050,0.1,1,10000.0,False
2026-09-25,other,69,42pd Medium Gun,Cannon,375,All Saints,1050,0.1,1,10000.0,False
2026-09-25,other,69,42pd Medium Gun,Cannon,278,Almeria,1050,0.1,1,10000.0,False
2026-09-25,other,69,42pd Medium Gun,Cannon,225,Almirante,1050,0.1,1,10000.0,False
2026-09-25,other,69,42pd Medium Gun,Cannon,275,Alvarado,1050,0.1,1,10000.0,False
2026-09-25,other,69,42pd Medium Gun,Cannon,123,Amalienborg,1050,0.1,1,10000.0,False
2026-09-25,other,69,42pd Medium Gun,Cannon,255,Ambergrease Cay,1050,0.1,1,10000.0,False
2026-09-25,other,69,42pd Medium Gun,Cannon,304,Apalachicola,1050,0.1,1,10000.0,False
2026-09-25,other,69,42pd Medium Gun,Cannon,285,Aransas,1050,0.1,1,10000.0,False
2026-09-25,other,69,42pd Medium Gun,Cannon,337,Arcas,1050,0.1,1,10000.0,False
2026-09-25,other,69,42pd Medium Gun,Cannon,114,Arecibo,1050,0.1,1,10000.0,False
2026-09-25,other,69,42pd Medium Gun,Cannon,340,Arenas,1050,0.1,1,10000.0,False
2026-09-25,other,69,42pd Medium Gun,Cannon,17,Arthur's Town,1050,0.1,1,10000.0,False
2026-09-25,other,69,42pd Medium Gun,Cannon,260,Asunción,1050,0.1,1,10000.0,False
2026-09-25,other,69,42pd Medium Gun,Cannon,294,Atchafalaya,1050,0.1,1,10000.0,False
2026-09-25,other,69,42pd Medium Gun,Cannon,24,Atwoods,1050,0.1,1,10000.0,False
2026-09-25,other,69,42pd Medium Gun,Cannon,150,Aves,1050,0.1,1,10000.0,False
2026-09-25,other,69,42pd Medium Gun,Cannon,325,Ayamonte,1050,0.1,1,10000.0,False
2026-09-25,other,69,42pd Medium Gun,Cannon,321,Ays,1050,0.1,1,10000.0,False
2026-09-25,other,69,42pd Medium Gun,Cannon,110,Azua,1050,0.1,1,10000.0,False
2026-09-25,other,69,42pd Medium Gun,Cannon,103,Bahía Escocesa,1050,0.1,1,10000.0,False
2026-09-25,other,69,42pd Medium Gun,Cannon,36,Bahía Honda,1050,0.1,1,10000.0,False
2026-09-25,other,69,42pd Medium Gun,Cannon,35,Baja,1050,0.1,1,10000.0,False
2026-09-25,other,69,42pd Medium Gun,Cannon,109,Baní,1050,0.1,1,10000.0,False
2026-09-25,other,69,42pd Medium Gun,Cannon,50,Baracoa,1050,0.1,1,10000.0,False
2026-09-25,other,69,42pd Medium Gun,Cannon,111,Barahona,1050,0.1,1,10000.0,False
2026-09-25,other,69,42pd Medium Gun,Cannon,298,Barataria,1050,0.1,1,10000.0,False
2026-09-25,other,69,42pd Medium Gun,Cannon,67,Barcos,1050,0.1,1,10000.0,False
2026-09-25,other,69,42pd Medium Gun,Cannon,211,Barranquilla,1050,0.1,1,10000.0,False
2026-09-25,other,69,42pd Medium Gun,Cannon,146,Basse-Terre,1050,0.1,1,10000.0,False
2026-09-25,other,69,42pd Medium Gun,Cannon,137,Basseterre Town,1050,0.1,1,10000.0,False
2026-09-25,other,69,42pd Medium Gun,Cannon,63,Batabanó,1050,0.1,1,10000.0,False
2026-09-25,other,69,42pd Medium Gun,Cannon,339,Baxo Nuevo,1050,0.1,1,10000.0,False
2026-09-25,other,69,42pd Medium Gun,Cannon,332,Beaufort,1050,0.1,1,10000.0,False
2026-09-25,other,69,42pd Medium Gun,Cannon,253,Belize,1050,0.1,1,9940.0,False
2026-09-25,other,69,42pd Medium Gun,Cannon,257,Bensalem,1050,0.1,1,10000.0,False
2026-09-25,other,69,42pd Medium Gun,Cannon,277,Bernal,1050,0.1,1,10000.0,False
2026-09-25,other,69,42pd Medium Gun,Cannon,299,Biloxi,1050,0.1,1,10000.0,False
2026-09-25,other,69,42pd Medium Gun,Cannon,10,Bimini,1050,0.1,1,10000.0,False
2026-09-25,other,69,42pd Medium Gun,Cannon,243,Black River,1050,0.1,1,10000.0,False
2026-09-25,other,69,42pd Medium Gun,Cannon,32,Blondel Cay,1050,0.1,1,10000.0,False
2026-09-25,other,69,42pd Medium Gun,Cannon,230,Bluefields,1050,0.1,1,10000.0,False
2026-09-25,other,69,42pd Medium Gun,Cannon,245,Bonacca,1050,0.1,1,10000.0,False
2026-09-25,other,69,42pd Medium Gun,Cannon,350,Bone Cay,1050,0.1,1,10000.0,False
2026-09-25,other,69,42pd Medium Gun,Cannon,237,Brangman's Bluff,1050,0.1,1,10000.0,False
2026-09-25,other,69,42pd Medium Gun,Cannon,242,Brewers,1050,0.1,1,10000.0,False
2026-09-25,other,69,42pd Medium Gun,Cannon,161,Bridgetown,1050,0.1,1,10000.0,False
2026-09-25,other,69,42pd Medium Gun,Cannon,329,Brunswick,1050,0.1,1,10000.0,False
2026-09-25,other,69,42pd Medium Gun,Cannon,215,Buena Vista,1050,0.1,1,10000.0,False
2026-09-25,other,69,42pd Medium Gun,Cannon,351,Bugle Cay,1050,0.1,1,10000.0,False
2026-09-25,other,69,42pd Medium Gun,Cannon,318,Cabo Cañaveral,1050,0.1,1,10000.0,False
2026-09-25,other,69,42pd Medium Gun,Cannon,208,Cabo de la Vela,1050,0.1,1,10000.0,False
2026-09-25,other,69,42pd Medium Gun,Cannon,120,Cabo Rojo,1050,0.1,1,10000.0,False
2026-09-25,other,69,42pd Medium Gun,Cannon,291,Calcasieu,1050,0.1,1,10000.0,False
2026-09-25,other,69,42pd Medium Gun,Cannon,222,Calobelo,1050,0.1,1,10000.0,False
2026-09-25,other,69,42pd Medium Gun,Cannon,149,Camp du Roy,1050,0.1,1,10000.0,False
2026-09-25,other,69,42pd Medium Gun,Cannon,269,Campeche,1050,0.1,1,10000.0,False
2026-09-25,other,69,42pd Medium Gun,Cannon,216,Canalete,1050,0.1,1,10000.0,False
2026-09-25,other,69,42pd Medium Gun,Cannon,97,Cap-Français,1050,0.1,1,10000.0,False
2026-09-25,other,69,42pd Medium Gun,Cannon,193,Caracas,1050,0.1,1,10000.0,False
2026-09-25,other,69,42pd Medium Gun,Cannon,40,Carahatas,1050,0.1,1,10000.0,False
2026-09-25,other,69,42pd Medium Gun,Cannon,188,Cariaco,1050,0.1,1,10000.0,False
2026-09-25,other,69,42pd Medium Gun,Cannon,80,Carlisle,1050,0.1,1,10000.0,False
2026-09-25,other,69,42pd Medium Gun,Cannon,163,Carriacou,1050,0.1,1,10000.0,False
2026-09-25,other,69,42pd Medium Gun,Cannon,212,Cartagena de Indias,1050,0.1,1,10000.0,False
2026-09-25,other,69,42pd Medium Gun,Cannon,184,Carúpano,1050,0.1,1,10000.0,False
2026-09-25,other,69,42pd Medium Gun,Cannon,198,Casigua,1050,0.1,1,10000.0,False
2026-09-25,other,69,42pd Medium Gun,Cannon,158,Castries,1050,0.1,1,10000.0,False
2026-09-25,other,69,42pd Medium Gun,Cannon,74,Cayman Brac,1050,0.1,1,10000.0,False
2026-09-25,other,69,42pd Medium Gun,Cannon,323,Cayo Biscayno,1050,0.1,1,10000.0,False
2026-09-25,other,69,42pd Medium Gun,Cannon,41,Cayo de Sal,1050,0.1,1,10000.0,False
2026-09-25,other,69,42pd Medium Gun,Cannon,308,Cayo del Anclote,1050,0.1,1,10000.0,False
2026-09-25,other,69,42pd Medium Gun,Cannon,317,Cayo Largo,1050,0.1,1,10000.0,False
2026-09-25,other,69,42pd Medium Gun,Cannon,44,Cayo Romano,1050,0.1,1,10000.0,False
2026-09-25,other,69,42pd Medium Gun,Cannon,315,Cayo Vacas,1050,0.1,1,10000.0,False
2026-09-25,other,69,42pd Medium Gun,Cannon,178,Caño Araguabisi,1050,0.1,1,10000.0,False
2026-09-25,other,69,42pd Medium Gun,Cannon,177,Caño Araguao,1050,0.1,1,10000.0,False
2026-09-25,other,69,42pd Medium Gun,Cannon,167,Caño Macareo,1050,0.1,1,10000.0,False
2026-09-25,other,69,42pd Medium Gun,Cannon,221,Chagres,1050,0.1,1,10000.0,False
2026-09-25,other,69,42pd Medium Gun,Cannon,270,Champotón,1050,0.1,1,10000.0,False
2026-09-25,other,69,42pd Medium Gun,Cannon,138,Charles Town,1050,0.1,1,10000.0,False
2026-09-25,other,69,42pd Medium Gun,Cannon,333,Charleston,1050,0.1,1,9998.0,False
2026-09-25,other,69,42pd Medium Gun,Cannon,258,Chinchorro,1050,0.1,1,10000.0,False
2026-09-25,other,69,42pd Medium Gun,Cannon,224,Chiriquí,1050,0.1,1,10000.0,False
2026-09-25,other,69,42pd Medium Gun,Cannon,129,Christiansted,1050,0.1,1,10000.0,False
2026-09-25,other,69,42pd Medium Gun,Cannon,61,Cochinos,1050,0.1,1,10000.0,False
2026-09-25,other,69,42pd Medium Gun,Cannon,70,Cocodrilo,1050,0.1,1,10000.0,False
2026-09-25,other,69,42pd Medium Gun,Cannon,134,Codrington,1050,0.1,1,10000.0,False
2026-09-25,other,69,42pd Medium Gun,Cannon,206,Cojoro,1050,0.1,1,10000.0,False
2026-09-25,other,69,42pd Medium Gun,Cannon,223,Concepción,1050,0.1,1,10000.0,False
2026-09-25,other,69,42pd Medium Gun,Cannon,259,Congrios,1050,0.1,1,10000.0,False
2026-09-25,other,69,42pd Medium Gun,Cannon,264,Conil,1050,0.1,1,10000.0,False
2026-09-25,other,69,42pd Medium Gun,Cannon,292,Constance,1050,0.1,1,10000.0,False
2026-09-25,other,69,42pd Medium Gun,Cannon,344,Conttoy,1050,0.1,1,10000.0,False
2026-09-25,other,69,42pd Medium Gun,Cannon,207,Coquibacoa,1050,0.1,1,10000.0,False
2026-09-25,other,69,42pd Medium Gun,Cannon,124,Coral Bay,1050,0.1,1,10000.0,False
2026-09-25,other,69,42pd Medium Gun,Cannon,196,Coro,1050,0.1,1,10000.0,False
2026-09-25,other,69,42pd Medium Gun,Cannon,66,Corrientes,1050,0.1,1,10000.0,False
2026-09-25,other,69,42pd Medium Gun,Cannon,241,Croata,1050,0.1,1,10000.0,False
2026-09-25,other,69,42pd Medium Gun,Cannon,361,Crown Haven,1050,0.1,1,10000.0,False
2026-09-25,other,69,42pd Medium Gun,Cannon,372,Cul-de-Sac,1050,0.1,1,10000.0,False
2026-09-25,other,69,42pd Medium Gun,Cannon,189,Cumaná,1050,0.1,1,10000.0,False
2026-09-25,other,69,42pd Medium Gun,Cannon,69,Daguilla,1050,0.1,1,10000.0,False
2026-09-25,other,69,42pd Medium Gun,Cannon,214,Dariena,1050,0.1,1,10000.0,False
2026-09-25,other,69,42pd Medium Gun,Cannon,20,Deadman's Cay,1050,0.1,1,10000.0,False
2026-09-25,other,69,42pd Medium Gun,Cannon,147,Deshaies,1050,0.1,1,10000.0,False
2026-09-25,other,69,42pd Medium Gun,Cannon,265,El Cuyo,1050,0.1,1,10000.0,False
2026-09-25,other,69,42pd Medium Gun,Cannon,286,El Rancho,1050,0.1,1,10000.0,False
2026-09-25,other,69,42pd Medium Gun,Cannon,107,El Soco,1050,0.1,1,10000.0,False
2026-09-25,other,69,42pd Medium Gun,Cannon,166,El Toco,1050,0.1,1,10000.0,False
2026-09-25,other,69,42pd Medium Gun,Cannon,202,Encontrados,1050,0.1,1,10000.0,False
2026-09-25,other,69,42pd Medium Gun,Cannon,141,English Harbour,1050,0.1,1,10000.0,False
2026-09-25,other,69,42pd Medium Gun,Cannon,274,Espíritu Santo,1050,0.1,1,10000.0,False
2026-09-25,other,69,42pd Medium Gun,Cannon,284,Esteros,1050,0.1,1,10000.0,False
2026-09-25,other,69,42pd Medium Gun,Cannon,116,Fajardo,1050,0.1,1,10000.0,False
2026-09-25,other,69,42pd Medium Gun,Cannon,354,Flatts,1050,0.1,1,10000.0,False
2026-09-25,other,69,42pd Medium Gun,Cannon,135,Fort Baai,1050,0.1,1,10000.0,False
2026-09-25,other,69,42pd Medium Gun,Cannon,173,Fort Oranje,1050,0.1,1,10000.0,False
2026-09-25,other,69,42pd Medium Gun,Cannon,175,Fort Zoutman,1050,0.1,1,10000.0,False
2026-09-25,other,69,42pd Medium Gun,Cannon,98,Fort-Dauphin,1050,0.1,1,10000.0,False
2026-09-25,other,69,42pd Medium Gun,Cannon,156,Fort-Royal,1050,0.1,1,10000.0,False
2026-09-25,other,69,42pd Medium Gun,Cannon,128,Frederiksted,1050,0.1,1,10000.0,False
2026-09-25,other,69,42pd Medium Gun,Cannon,359,Frozen Cay,1050,0.1,1,10000.0,False
2026-09-25,other,69,42pd Medium Gun,Cannon,183,Galdonas,1050,0.1,1,10000.0,False
2026-09-25,other,69,42pd Medium Gun,Cannon,311,Gasparilla,1050,0.1,1,10000.0,False
2026-09-25,other,69,42pd Medium Gun,Cannon,72,George Town,1050,0.1,1,10000.0,False
2026-09-25,other,69,42pd Medium Gun,Cannon,18,George's Town,1050,0.1,1,10000.0,False
2026-09-25,other,69,42pd Medium Gun,Cannon,334,Georgetown,1050,0.1,1,10000.0,False
2026-09-25,other,69,42pd Medium Gun,Cannon,201,Gibraltar,1050,0.1,1,10000.0,False
2026-09-25,other,69,42pd Medium Gun,Cannon,16,Governor's Harbour,1050,0.1,1,10000.0,False
2026-09-25,other,69,42pd Medium Gun,Cannon,240,Gracias a Dios,1050,0.1,1,10000.0,False
2026-09-25,other,69,42pd Medium Gun,Cannon,153,Grand Anse,1050,0.1,1,10000.0,False
2026-09-25,other,69,42pd Medium Gun,Cannon,33,Grand Turk,1050,0.1,1,10000.0,False
2026-09-25,other,69,42pd Medium Gun,Cannon,231,Great Corn,1050,0.1,1,10000.0,False
2026-09-25,other,69,42pd Medium Gun,Cannon,233,Great River,1050,0.1,1,10000.0,False
2026-09-25,other,69,42pd Medium Gun,Cannon,367,Green Cay,1050,0.1,1,10000.0,False
2026-09-25,other,69,42pd Medium Gun,Cannon,229,Grindstone,1050,0.1,1,10000.0,False
2026-09-25,other,69,42pd Medium Gun,Cannon,374,Guacata,1050,0.1,1,10000.0,False
2026-09-25,other,69,42pd Medium Gun,Cannon,53,Guamá Sevilla,1050,0.1,1,10000.0,False
2026-09-25,other,69,42pd Medium Gun,Cannon,179,Guayaguayare,1050,0.1,1,10000.0,False
2026-09-25,other,69,42pd Medium Gun,Cannon,117,Guayama,1050,0.1,1,10000.0,False
2026-09-25,other,69,42pd Medium Gun,Cannon,48,Guibara,1050,0.1,1,10000.0,False
2026-09-25,other,69,42pd Medium Gun,Cannon,133,Gustavia,1050,0.1,1,10000.0,False
2026-09-25,other,69,42pd Medium Gun,Cannon,119,Guánica,1050,0.1,1,10000.0,False
2026-09-25,other,69,42pd Medium Gun,Cannon,182,Güiria,1050,0.1,1,10000.0,False
2026-09-25,other,69,42pd Medium Gun,Cannon,15,Harbour Island,1050,0.1,1,10000.0,False
2026-09-25,other,69,42pd Medium Gun,Cannon,130,Hat Island,1050,0.1,1,10000.0,False
2026-09-25,other,69,42pd Medium Gun,Cannon,232,Haulover,1050,0.1,1,10000.0,False
2026-09-25,other,69,42pd Medium Gun,Cannon,106,Higüey,1050,0.1,1,10000.0,False
2026-09-25,other,69,42pd Medium Gun,Cannon,306,Hitten Hatcha,1050,0.1,1,10000.0,False
2026-09-25,other,69,42pd Medium Gun,Cannon,316,Islamorada,1050,0.1,1,10000.0,False
2026-09-25,other,69,42pd Medium Gun,Cannon,370,Island Harbour,1050,0.1,1,10000.0,False
2026-09-25,other,69,42pd Medium Gun,Cannon,28,Islet,1050,0.1,1,10000.0,False
2026-09-25,other,69,42pd Medium Gun,Cannon,83,Jacmel,1050,0.1,1,10000.0,False
2026-09-25,other,69,42pd Medium Gun,Cannon,60,Jagua,1050,0.1,1,10000.0,False
2026-09-25,other,69,42pd Medium Gun,Cannon,320,Jobe,1050,0.1,1,10000.0,False
2026-09-25,other,69,42pd Medium Gun,Cannon,88,Jérémie,1050,0.1,1,10000.0,False
2026-09-25,other,69,42pd Medium Gun,Cannon,13,Kemp's Bay,1050,0.1,1,10000.0,False
2026-09-25,other,69,42pd Medium Gun,Cannon,313,Key West,1050,0.1,1,10000.0,False
2026-09-25,other,69,42pd Medium Gun,Cannon,357,Kidd's Harbour,1050,0.1,1,10000.0,False
2026-09-25,other,69,42pd Medium Gun,Cannon,79,Kingston / Port Royal,1050,0.1,1,9998.0,False
2026-09-25,other,69,42pd Medium Gun,Cannon,162,Kingstown,1050,0.1,1,10000.0,False
2026-09-25,other,69,42pd Medium Gun,Cannon,42,La Anguila,1050,0.1,1,10000.0,False
2026-09-25,other,69,42pd Medium Gun,Cannon,287,La Bahía,1050,0.1,1,10000.0,False
2026-09-25,other,69,42pd Medium Gun,Cannon,341,La Bermeja,1050,0.1,1,10000.0,False
2026-09-25,other,69,42pd Medium Gun,Cannon,170,La Blanquilla,1050,0.1,1,10000.0,False
2026-09-25,other,69,42pd Medium Gun,Cannon,363,La Desconocida,1050,0.1,1,10000.0,False
2026-09-25,other,69,42pd Medium Gun,Cannon,139,La Désirade,1050,0.1,1,10000.0,False
2026-09-25,other,69,42pd Medium Gun,Cannon,45,La Guanaja,1050,0.1,1,10000.0,False
2026-09-25,other,69,42pd Medium Gun,Cannon,38,La Habana,1050,0.1,1,9998.0,False
2026-09-25,other,69,42pd Medium Gun,Cannon,100,La Isabela,1050,0.1,1,9968.0,False
2026-09-25,other,69,42pd Medium Gun,Cannon,112,La Mona,1050,0.1,1,10000.0,False
2026-09-25,other,69,42pd Medium Gun,Cannon,373,La Moussette,1050,0.1,1,10000.0,False
2026-09-25,other,69,42pd Medium Gun,Cannon,85,La Navasse,1050,0.1,1,10000.0,False
2026-09-25,other,69,42pd Medium Gun,Cannon,171,La Orchilla,1050,0.1,1,10000.0,False
2026-09-25,other,69,42pd Medium Gun,Cannon,96,La Tortue,1050,0.1,1,10000.0,False
2026-09-25,other,69,42pd Medium Gun,Cannon,187,La Tortuga,1050,0.1,1,10000.0,False
2026-09-25,other,69,42pd Medium Gun,Cannon,154,La Trinité,1050,0.1,1,10000.0,False
2026-09-25,other,69,42pd Medium Gun,Cannon,199,Lagunillas,1050,0.1,1,10000.0,False
2026-09-25,other,69,42pd Medium Gun,Cannon,172,Las Aves,1050,0.1,1,10000.0,False
2026-09-25,other,69,42pd Medium Gun,Cannon,307,Las Sabinas,1050,0.1,1,10000.0,False
2026-09-25,other,69,42pd Medium Gun,Cannon,314,Las Tortugas,1050,0.1,1,10000.0,False
2026-09-25,other,69,42pd Medium Gun,Cannon,143,Le Moule,1050,0.1,1,10000.0,False
2026-09-25,other,69,42pd Medium Gun,Cannon,86,Les Cayes,1050,0.1,1,10000.0,False
2026-09-25,other,69,42pd Medium Gun,Cannon,93,Les Gonaïves,1050,0.1,1,10000.0,False
2026-09-25,other,69,42pd Medium Gun,Cannon,73,Little Cayman,1050,0.1,1,10000.0,False
2026-09-25,other,69,42pd Medium Gun,Cannon,8,Little Harbour,1050,0.1,1,10000.0,False
2026-09-25,other,69,42pd Medium Gun,Cannon,29,Little Inagua,1050,0.1,1,10000.0,False
2026-09-25,other,69,42pd Medium Gun,Cannon,362,Little Isaac Rocks,1050,0.1,1,10000.0,False
2026-09-25,other,69,42pd Medium Gun,Cannon,381,Little River,1050,0.1,1,10000.0,False
2026-09-25,other,69,42pd Medium Gun,Cannon,31,Lorimers,1050,0.1,1,10000.0,False
2026-09-25,other,69,42pd Medium Gun,Cannon,90,Léogane,1050,0.1,1,10000.0,False
2026-09-25,other,69,42pd Medium Gun,Cannon,186,Macanao,1050,0.1,1,10000.0,False
2026-09-25,other,69,42pd Medium Gun,Cannon,105,Macao,1050,0.1,1,9880.0,False
2026-09-25,other,69,42pd Medium Gun,Cannon,312,Manataca,1050,0.1,1,10000.0,False
2026-09-25,other,69,42pd Medium Gun,Cannon,219,Mandinga,1050,0.1,1,10000.0,False
2026-09-25,other,69,42pd Medium Gun,Cannon,358,Mangrove Cay,1050,0.1,1,10000.0,False
2026-09-25,other,69,42pd Medium Gun,Cannon,34,Mantua,1050,0.1,1,10000.0,False
2026-09-25,other,69,42pd Medium Gun,Cannon,55,Manzanillo,1050,0.1,1,10000.0,False
2026-09-25,other,69,42pd Medium Gun,Cannon,204,Maracaibo,1050,0.1,1,10000.0,False
2026-09-25,other,69,42pd Medium Gun,Cannon,37,Mariel,1050,0.1,1,10000.0,False
2026-09-25,other,69,42pd Medium Gun,Cannon,131,Marigot,1050,0.1,1,10000.0,False
2026-09-25,other,69,42pd Medium Gun,Cannon,155,Marin,1050,0.1,1,10000.0,False
2026-09-25,other,69,42pd Medium Gun,Cannon,9,Marsh Harbour,1050,0.1,1,10000.0,False
2026-09-25,other,69,42pd Medium Gun,Cannon,39,Matanzas,1050,0.1,1,10000.0,False
2026-09-25,other,69,42pd Medium Gun,Cannon,227,Matina,1050,0.1,1,10000.0,False
2026-09-25,other,69,42pd Medium Gun,Cannon,26,Mayaguana,1050,0.1,1,10000.0,False
2026-09-25,other,69,42pd Medium Gun,Cannon,11,Mimbres,1050,0.1,1,10000.0,False
2026-09-25,other,69,42pd Medium Gun,Cannon,347,Misteriosa,1050,0.1,1,10000.0,False
2026-09-25,other,69,42pd Medium Gun,Cannon,197,Mitara,1050,0.1,1,10000.0,False
2026-09-25,other,69,42pd Medium Gun,Cannon,300,Mobile,1050,0.1,1,10000.0,False
2026-09-25,other,69,42pd Medium Gun,Cannon,99,Montecristi,1050,0.1,1,10000.0,False
2026-09-25,other,69,42pd Medium Gun,Cannon,75,Montego Bay,1050,0.1,1,10000.0,False
2026-09-25,other,69,42pd Medium Gun,Cannon,12,Morgan's Bluff,1050,0.1,1,10000.0,False
2026-09-25,other,69,42pd Medium Gun,Cannon,248,Morro Chico,1050,0.1,1,10000.0,False
2026-09-25,other,69,42pd Medium Gun,Cannon,27,Mortimer Town,1050,0.1,1,10000.0,False
2026-09-25,other,69,42pd Medium Gun,Cannon,238,Mosquito Cay,1050,0.1,1,10000.0,False
2026-09-25,other,69,42pd Medium Gun,Cannon,345,Mugeres,1050,0.1,1,10000.0,False
2026-09-25,other,69,42pd Medium Gun,Cannon,168,Naparima,1050,0.1,1,10000.0,False
2026-09-25,other,69,42pd Medium Gun,Cannon,14,Nassau,1050,0.1,1,10000.0,False
2026-09-25,other,69,42pd Medium Gun,Cannon,217,New Edinburgh,1050,0.1,1,10000.0,False
2026-09-25,other,69,42pd Medium Gun,Cannon,324,New Smyrna,1050,0.1,1,10000.0,False
2026-09-25,other,69,42pd Medium Gun,Cannon,89,Nippes,1050,0.1,1,10000.0,False
2026-09-25,other,69,42pd Medium Gun,Cannon,356,North Inlet,1050,0.1,1,10000.0,False
2026-09-25,other,69,42pd Medium Gun,Cannon,297,Nouvelle-Orléans,1050,0.1,1,10000.0,False
2026-09-25,other,69,42pd Medium Gun,Cannon,190,Nueva Barcelona,1050,0.1,1,10000.0,False
2026-09-25,other,69,42pd Medium Gun,Cannon,46,Nuevitas,1050,0.1,1,10000.0,False
2026-09-25,other,69,42pd Medium Gun,Cannon,368,Ocean Bight,1050,0.1,1,10000.0,False
2026-09-25,other,69,42pd Medium Gun,Cannon,235,Old Providence,1050,0.1,1,10000.0,False
2026-09-25,other,69,42pd Medium Gun,Cannon,250,Omoa,1050,0.1,1,10000.0,False
2026-09-25,other,69,42pd Medium Gun,Cannon,136,Oranjestad,1050,0.1,1,10000.0,False
2026-09-25,other,69,42pd Medium Gun,Cannon,185,Pampatar,1050,0.1,1,10000.0,False
2026-09-25,other,69,42pd Medium Gun,Cannon,30,Parrot Cay,1050,0.1,1,10000.0,False
2026-09-25,other,69,42pd Medium Gun,Cannon,122,Pasaje,1050,0.1,1,10000.0,False
2026-09-25,other,69,42pd Medium Gun,Cannon,180,Pedernales,1050,0.1,1,10000.0,False
2026-09-25,other,69,42pd Medium Gun,Cannon,352,Pedro Cay,1050,0.1,1,10000.0,False
2026-09-25,other,69,42pd Medium Gun,Cannon,301,Penzacola,1050,0.1,1,10000.0,False
2026-09-25,other,69,42pd Medium Gun,Cannon,203,Perijá,1050,0.1,1,10000.0,False
2026-09-25,other,69,42pd Medium Gun,Cannon,132,Philipsburg,1050,0.1,1,10000.0,False
2026-09-25,other,69,42pd Medium Gun,Cannon,65,Pinar del Río,1050,0.1,1,10000.0,False
2026-09-25,other,69,42pd Medium Gun,Cannon,23,Pitt's Town,1050,0.1,1,10000.0,False
2026-09-25,other,69,42pd Medium Gun,Cannon,252,Placentia,1050,0.1,1,10000.0,False
2026-09-25,other,69,42pd Medium Gun,Cannon,346,Placer,1050,0.1,1,10000.0,False
2026-09-25,other,69,42pd Medium Gun,Cannon,218,Playón,1050,0.1,1,10000.0,False
2026-09-25,other,69,42pd Medium Gun,Cannon,369,Plymouth,1050,0.1,1,10000.0,False
2026-09-25,other,69,42pd Medium Gun,Cannon,145,Pointe-à-Pitre,1050,0.1,1,10000.0,False
2026-09-25,other,69,42pd Medium Gun,Cannon,118,Ponce,1050,0.1,1,10000.0,False
2026-09-25,other,69,42pd Medium Gun,Cannon,77,Port Antonio,1050,0.1,1,10000.0,False
2026-09-25,other,69,42pd Medium Gun,Cannon,19,Port Howe,1050,0.1,1,10000.0,False
2026-09-25,other,69,42pd Medium Gun,Cannon,78,Port Morant,1050,0.1,1,10000.0,False
2026-09-25,other,69,42pd Medium Gun,Cannon,91,Port-au-Prince,1050,0.1,1,10000.0,False
2026-09-25,other,69,42pd Medium Gun,Cannon,95,Port-de-Paix,1050,0.1,1,10000.0,False
2026-09-25,other,69,42pd Medium Gun,Cannon,142,Port-Louis,1050,0.1,1,10000.0,False
2026-09-25,other,69,42pd Medium Gun,Cannon,54,Portillo,1050,0.1,1,10000.0,False
2026-09-25,other,69,42pd Medium Gun,Cannon,220,Portobelo,1050,0.1,1,9970.0,False
2026-09-25,other,69,42pd Medium Gun,Cannon,234,Prinzapolka,1050,0.1,1,10000.0,False
2026-09-25,other,69,42pd Medium Gun,Cannon,194,Puerto Cabello,1050,0.1,1,10000.0,False
2026-09-25,other,69,42pd Medium Gun,Cannon,169,Puerto de España,1050,0.1,1,10000.0,False
2026-09-25,other,69,42pd Medium Gun,Cannon,49,Puerto de Nipe,1050,0.1,1,10000.0,False
2026-09-25,other,69,42pd Medium Gun,Cannon,47,Puerto del Padre,1050,0.1,1,10000.0,False
2026-09-25,other,69,42pd Medium Gun,Cannon,51,Puerto Escondido,1050,0.1,1,10000.0,False
2026-09-25,other,69,42pd Medium Gun,Cannon,101,Puerto Plata,1050,0.1,1,10000.0,False
2026-09-25,other,69,42pd Medium Gun,Cannon,271,Puerto Real,1050,0.1,1,10000.0,False
2026-09-25,other,69,42pd Medium Gun,Cannon,191,Píritu,1050,0.1,1,10000.0,False
2026-09-25,other,69,42pd Medium Gun,Cannon,21,Ragged Cay,1050,0.1,1,10000.0,False
2026-09-25,other,69,42pd Medium Gun,Cannon,43,Remedios,1050,0.1,1,10000.0,False
2026-09-25,other,69,42pd Medium Gun,Cannon,102,Rincón,1050,0.1,1,10000.0,False
2026-09-25,other,69,42pd Medium Gun,Cannon,5,Road Rocks,1050,0.1,1,10000.0,False
2026-09-25,other,69,42pd Medium Gun,Cannon,125,Road Town,1050,0.1,1,10000.0,False
2026-09-25,other,69,42pd Medium Gun,Cannon,64,Robras,1050,0.1,1,10000.0,False
2026-09-25,other,69,42pd Medium Gun,Cannon,151,Rosaly,1050,0.1,1,10000.0,False
2026-09-25,other,69,42pd Medium Gun,Cannon,152,Roseau,1050,0.1,1,10000.0,False
2026-09-25,other,69,42pd Medium Gun,Cannon,246,Ruatan,1050,0.1,1,10000.0,False
2026-09-25,other,69,42pd Medium Gun,Cannon,377,Rum Cove,1050,0.1,1,10000.0,False
2026-09-25,other,69,42pd Medium Gun,Cannon,192,Río Chico,1050,0.1,1,10000.0,False
2026-09-25,other,69,42pd Medium Gun,Cannon,209,Río de la Hacha,1050,0.1,1,10000.0,False
2026-09-25,other,69,42pd Medium Gun,Cannon,319,Río Seco,1050,0.1,1,10000.0,False
2026-09-25,other,69,42pd Medium Gun,Cannon,195,Río Tocuyo,1050,0.1,1,10000.0,False
2026-09-25,other,69,42pd Medium Gun,Cannon,290,Sabina,1050,0.1,1,10000.0,False
2026-09-25,other,69,42pd Medium Gun,Cannon,76,Saint Ann,1050,0.1,1,10000.0,False
2026-09-25,other,69,42pd Medium Gun,Cannon,164,Saint George,1050,0.1,1,9970.0,False
2026-09-25,other,69,42pd Medium Gun,Cannon,355,Saint George's Town,1050,0.1,1,10000.0,False
2026-09-25,other,69,42pd Medium Gun,Cannon,140,Saint John's,1050,0.1,1,10000.0,False
2026-09-25,other,69,42pd Medium Gun,Cannon,160,Saint Joseph,1050,0.1,1,10000.0,False
2026-09-25,other,69,42pd Medium Gun,Cannon,330,Saint Marys,1050,0.1,1,10000.0,False
2026-09-25,other,69,42pd Medium Gun,Cannon,144,Saint-François,1050,0.1,1,10000.0,False
2026-09-25,other,69,42pd Medium Gun,Cannon,84,Saint-Louis,1050,0.1,1,10000.0,False
2026-09-25,other,69,42pd Medium Gun,Cannon,296,Saint-Malo,1050,0.1,1,10000.0,False
2026-09-25,other,69,42pd Medium Gun,Cannon,92,Saint-Marc,1050,0.1,1,10000.0,False
2026-09-25,other,69,42pd Medium Gun,Cannon,94,Saint-Nicolas,1050,0.1,1,10000.0,False
2026-09-25,other,69,42pd Medium Gun,Cannon,157,Saint-Pierre,1050,0.1,1,10000.0,False
2026-09-25,other,69,42pd Medium Gun,Cannon,256,Salamanca,1050,0.1,1,10000.0,False
2026-09-25,other,69,42pd Medium Gun,Cannon,82,Sale-Trou,1050,0.1,1,10000.0,False
2026-09-25,other,69,42pd Medium Gun,Cannon,25,Salina Point,1050,0.1,1,10000.0,False
2026-09-25,other,69,42pd Medium Gun,Cannon,379,Salinas,1050,0.1,1,10000.0,False
2026-09-25,other,69,42pd Medium Gun,Cannon,104,Samaná,1050,0.1,1,10000.0,False
2026-09-25,other,69,42pd Medium Gun,Cannon,326,San Agustín,1050,0.1,1,10000.0,False
2026-09-25,other,69,42pd Medium Gun,Cannon,236,San Andrés,1050,0.1,1,10000.0,False
2026-09-25,other,69,42pd Medium Gun,Cannon,283,San Fernando,1050,0.1,1,10000.0,False
2026-09-25,other,69,42pd Medium Gun,Cannon,303,San José,1050,0.1,1,10000.0,False
2026-09-25,other,69,42pd Medium Gun,Cannon,115,San Juan,1050,0.1,1,10000.0,False
2026-09-25,other,69,42pd Medium Gun,Cannon,228,San Juan del Norte,1050,0.1,1,10000.0,False
2026-09-25,other,69,42pd Medium Gun,Cannon,62,San Lazaro,1050,0.1,1,10000.0,False
2026-09-25,other,69,42pd Medium Gun,Cannon,288,San Luis,1050,0.1,1,10000.0,False
2026-09-25,other,69,42pd Medium Gun,Cannon,305,San Marcos,1050,0.1,1,10000.0,False
2026-09-25,other,69,42pd Medium Gun,Cannon,327,San Mateo,1050,0.1,1,10000.0,False
2026-09-25,other,69,42pd Medium Gun,Cannon,322,San Sebastian,1050,0.1,1,10000.0,False
2026-09-25,other,69,42pd Medium Gun,Cannon,200,San Timoteo,1050,0.1,1,10000.0,False
2026-09-25,other,69,42pd Medium Gun,Cannon,58,Sancti Spíritus,1050,0.1,1,10000.0,False
2026-09-25,other,69,42pd Medium Gun,Cannon,239,Sandy Bay,1050,0.1,1,10000.0,False
2026-09-25,other,69,42pd Medium Gun,Cannon,371,Sandy Hill,1050,0.1,1,10000.0,False
2026-09-25,other,69,42pd Medium Gun,Cannon,7,Sandy Point,1050,0.1,1,10000.0,False
2026-09-25,other,69,42pd Medium Gun,Cannon,272,Santa Ana,1050,0.1,1,10000.0,False
2026-09-25,other,69,42pd Medium Gun,Cannon,56,Santa Cruz,1050,0.1,1,10000.0,False
2026-09-25,other,69,42pd Medium Gun,Cannon,68,Santa Fe,1050,0.1,1,10000.0,False
2026-09-25,other,69,42pd Medium Gun,Cannon,210,Santa Marta,1050,0.1,1,10000.0,False
2026-09-25,other,69,42pd Medium Gun,Cannon,57,Santa María,1050,0.1,1,10000.0,False
2026-09-25,other,69,42pd Medium Gun,Cannon,302,Santa Rosa,1050,0.1,1,10000.0,False
2026-09-25,other,69,42pd Medium Gun,Cannon,348,Santanillas,1050,0.1,1,10000.0,False
2026-09-25,other,69,42pd Medium Gun,Cannon,52,Santiago de Cuba,1050,0.1,1,10000.0,False
2026-09-25,other,69,42pd Medium Gun,Cannon,108,Santo Domingo,1050,0.1,1,10000.0,False
2026-09-25,other,69,42pd Medium Gun,Cannon,251,Santo Tomás,1050,0.1,1,10000.0,False
2026-09-25,other,69,42pd Medium Gun,Cannon,176,Santo Tomé de Guayana,1050,0.1,1,10000.0,False
2026-09-25,other,69,42pd Medium Gun,Cannon,310,Sarazota,1050,0.1,1,10000.0,False
2026-09-25,other,69,42pd Medium Gun,Cannon,81,Savanna la Mar,1050,0.1,1,10000.0,False
2026-09-25,other,69,42pd Medium Gun,Cannon,331,Savannah,1050,0.1,1,10000.0,False
2026-09-25,other,69,42pd Medium Gun,Cannon,165,Scarborough,1050,0.1,1,10000.0,False
2026-09-25,other,69,42pd Medium Gun,Cannon,266,Selam,1050,0.1,1,10000.0,False
2026-09-25,other,69,42pd Medium Gun,Cannon,349,Serrana,1050,0.1,1,10000.0,False
2026-09-25,other,69,42pd Medium Gun,Cannon,366,Shroud Cay,1050,0.1,1,10000.0,False
2026-09-25,other,69,42pd Medium Gun,Cannon,71,Siguanea,1050,0.1,1,10000.0,False
2026-09-25,other,69,42pd Medium Gun,Cannon,205,Sinamaica,1050,0.1,1,10000.0,False
2026-09-25,other,69,42pd Medium Gun,Cannon,268,Sisal,1050,0.1,1,10000.0,False
2026-09-25,other,69,42pd Medium Gun,Cannon,353,Somerset,1050,0.1,1,10000.0,False
2026-09-25,other,69,42pd Medium Gun,Cannon,282,Soto La Marina,1050,0.1,1,10000.0,False
2026-09-25,other,69,42pd Medium Gun,Cannon,127,Spanish Town,1050,0.1,1,10000.0,False
2026-09-25,other,69,42pd Medium Gun,Cannon,328,Sunbury,1050,0.1,1,10000.0,False
2026-09-25,other,69,42pd Medium Gun,Cannon,336,Swannsborough,1050,0.1,1,10000.0,False
2026-09-25,other,69,42pd Medium Gun,Cannon,226,Talamanca,1050,0.1,1,10000.0,False
2026-09-25,other,69,42pd Medium Gun,Cannon,281,Tamiagua,1050,0.1,1,10000.0,False
2026-09-25,other,69,42pd Medium Gun,Cannon,309,Tampa,1050,0.1,1,10000.0,False
2026-09-25,other,69,42pd Medium Gun,Cannon,280,Tampico,1050,0.1,1,10000.0,False
2026-09-25,other,69,42pd Medium Gun,Cannon,263,Tantun Cuzamil,1050,0.1,1,10000.0,False
2026-09-25,other,69,42pd Medium Gun,Cannon,148,Terre-de-Bas,1050,0.1,1,10000.0,False
2026-09-25,other,69,42pd Medium Gun,Cannon,295,Terrebonne,1050,0.1,1,10000.0,False
2026-09-25,other,69,42pd Medium Gun,Cannon,126,The Settlement,1050,0.1,1,10000.0,False
2026-09-25,other,69,42pd Medium Gun,Cannon,87,Tiburon,1050,0.1,1,10000.0,False
2026-09-25,other,69,42pd Medium Gun,Cannon,213,Tolú,1050,0.1,1,10000.0,False
2026-09-25,other,69,42pd Medium Gun,Cannon,380,Tordo,1050,0.1,1,10000.0,False
2026-09-25,other,69,42pd Medium Gun,Cannon,338,Triangulo,1050,0.1,1,10000.0,False
2026-09-25,other,69,42pd Medium Gun,Cannon,59,Trinidad,1050,0.1,1,10000.0,False
2026-09-25,other,69,42pd Medium Gun,Cannon,249,Triunfo de la Cruz,1050,0.1,1,10000.0,False
2026-09-25,other,69,42pd Medium Gun,Cannon,244,Truxillo,1050,0.1,1,10000.0,False
2026-09-25,other,69,42pd Medium Gun,Cannon,261,Tulum,1050,0.1,1,10000.0,False
2026-09-25,other,69,42pd Medium Gun,Cannon,343,Tumbado,1050,0.1,1,10000.0,False
2026-09-25,other,69,42pd Medium Gun,Cannon,254,Turneffe,1050,0.1,1,10000.0,False
2026-09-25,other,69,42pd Medium Gun,Cannon,6,Turtle Cay,1050,0.1,1,10000.0,False
2026-09-25,other,69,42pd Medium Gun,Cannon,279,Tuspan,1050,0.1,1,10000.0,False
2026-09-25,other,69,42pd Medium Gun,Cannon,276,Vera Cruz,1050,0.1,1,10000.0,False
2026-09-25,other,69,42pd Medium Gun,Cannon,293,Vermiou,1050,0.1,1,10000.0,False
2026-09-25,other,69,42pd Medium Gun,Cannon,273,Victoria,1050,0.1,1,10000.0,False
2026-09-25,other,69,42pd Medium Gun,Cannon,121,Vieques,1050,0.1,1,10000.0,False
2026-09-25,other,69,42pd Medium Gun,Cannon,159,Vieux-Fort,1050,0.1,1,10000.0,False
2026-09-25,other,69,42pd Medium Gun,Cannon,3,Walker's Cay,1050,0.1,1,10000.0,False
2026-09-25,other,69,42pd Medium Gun,Cannon,376,Wantlands Ferry,1050,0.1,1,10000.0,False
2026-09-25,other,69,42pd Medium Gun,Cannon,360,Water Bay,1050,0.1,1,10000.0,False
2026-09-25,other,69,42pd Medium Gun,Cannon,22,Watlings,1050,0.1,1,10000.0,False
2026-09-25,other,69,42pd Medium Gun,Cannon,4,West End,1050,0.1,1,10000.0,False
2026-09-25,other,69,42pd Medium Gun,Cannon,174,Willemstad,1050,0.1,1,9970.0,False
2026-09-25,other,69,42pd Medium Gun,Cannon,364,William's Bay,1050,0.1,1,10000.0,False
2026-09-25,other,69,42pd Medium Gun,Cannon,335,Wilmington,1050,0.1,1,10000.0,False
2026-09-25,other,69,42pd Medium Gun,Cannon,262,Xpu Ha,1050,0.1,1,10000.0,False
2026-09-25,other,69,42pd Medium Gun,Cannon,181,Yaguaraparo,1050,0.1,1,10000.0,False
2026-09-25,other,69,42pd Medium Gun,Cannon,267,Ysil,1050,0.1,1,10000.0,False
2026-09-25,other,69,42pd Medium Gun,Cannon,247,Útila,1050,0.1,1,10000.0,False
2026-09-25,other,70,4pd Medium Gun,Cannon,113,Aguadilla,100,0.1,1,10000.0,False
2026-09-25,other,70,4pd Medium Gun,Cannon,289,Ahumada,100,0.1,1,10000.0,False
2026-09-25,other,70,4pd Medium Gun,Cannon,365,Alabaster Rocks,100,0.1,1,10000.0,False
2026-09-25,other,70,4pd Medium Gun,Cannon,342,Alacranes,100,0.1,1,10000.0,False
2026-09-25,other,70,4pd Medium Gun,Cannon,375,All Saints,100,0.1,1,10000.0,False
2026-09-25,other,70,4pd Medium Gun,Cannon,278,Almeria,100,0.1,1,10000.0,False
2026-09-25,other,70,4pd Medium Gun,Cannon,225,Almirante,100,0.1,1,10000.0,False
2026-09-25,other,70,4pd Medium Gun,Cannon,275,Alvarado,100,0.1,1,10000.0,False
2026-09-25,other,70,4pd Medium Gun,Cannon,123,Amalienborg,100,0.1,1,10000.0,False
2026-09-25,other,70,4pd Medium Gun,Cannon,255,Ambergrease Cay,100,0.1,1,10000.0,False
2026-09-25,other,70,4pd Medium Gun,Cannon,304,Apalachicola,100,0.1,1,10000.0,False
2026-09-25,other,70,4pd Medium Gun,Cannon,285,Aransas,100,0.1,1,10000.0,False
2026-09-25,other,70,4pd Medium Gun,Cannon,337,Arcas,100,0.1,1,10000.0,False
2026-09-25,other,70,4pd Medium Gun,Cannon,114,Arecibo,100,0.1,1,10000.0,False
2026-09-25,other,70,4pd Medium Gun,Cannon,340,Arenas,100,0.1,1,10000.0,False
2026-09-25,other,70,4pd Medium Gun,Cannon,17,Arthur's Town,100,0.1,1,10000.0,False
2026-09-25,other,70,4pd Medium Gun,Cannon,260,Asunción,100,0.1,1,10000.0,False
2026-09-25,other,70,4pd Medium Gun,Cannon,294,Atchafalaya,100,0.1,1,10000.0,False
2026-09-25,other,70,4pd Medium Gun,Cannon,24,Atwoods,100,0.1,1,10000.0,False
2026-09-25,other,70,4pd Medium Gun,Cannon,150,Aves,100,0.1,1,10000.0,False
2026-09-25,other,70,4pd Medium Gun,Cannon,325,Ayamonte,100,0.1,1,10000.0,False
2026-09-25,other,70,4pd Medium Gun,Cannon,321,Ays,100,0.1,1,10000.0,False
2026-09-25,other,70,4pd Medium Gun,Cannon,110,Azua,100,0.1,1,10000.0,False
2026-09-25,other,70,4pd Medium Gun,Cannon,103,Bahía Escocesa,100,0.1,1,10000.0,False
2026-09-25,other,70,4pd Medium Gun,Cannon,36,Bahía Honda,100,0.1,1,10000.0,False
2026-09-25,other,70,4pd Medium Gun,Cannon,35,Baja,100,0.1,1,10000.0,False
2026-09-25,other,70,4pd Medium Gun,Cannon,109,Baní,100,0.1,1,10000.0,False
2026-09-25,other,70,4pd Medium Gun,Cannon,50,Baracoa,100,0.1,1,10034.0,False
2026-09-25,other,70,4pd Medium Gun,Cannon,111,Barahona,100,0.1,1,10000.0,False
2026-09-25,other,70,4pd Medium Gun,Cannon,298,Barataria,100,0.1,1,10000.0,False
2026-09-25,other,70,4pd Medium Gun,Cannon,67,Barcos,100,0.1,1,10000.0,False
2026-09-25,other,70,4pd Medium Gun,Cannon,211,Barranquilla,100,0.1,1,10000.0,False
2026-09-25,other,70,4pd Medium Gun,Cannon,146,Basse-Terre,100,0.1,1,10000.0,False
2026-09-25,other,70,4pd Medium Gun,Cannon,137,Basseterre Town,100,0.1,1,10000.0,False
2026-09-25,other,70,4pd Medium Gun,Cannon,63,Batabanó,100,0.1,1,10000.0,False
2026-09-25,other,70,4pd Medium Gun,Cannon,339,Baxo Nuevo,100,0.1,1,10000.0,False
2026-09-25,other,70,4pd Medium Gun,Cannon,332,Beaufort,100,0.1,1,10000.0,False
2026-09-25,other,70,4pd Medium Gun,Cannon,253,Belize,100,0.1,1,10000.0,False
2026-09-25,other,70,4pd Medium Gun,Cannon,257,Bensalem,100,0.1,1,10000.0,False
2026-09-25,other,70,4pd Medium Gun,Cannon,277,Bernal,100,0.1,1,10000.0,False
2026-09-25,other,70,4pd Medium Gun,Cannon,299,Biloxi,100,0.1,1,10000.0,False
2026-09-25,other,70,4pd Medium Gun,Cannon,10,Bimini,100,0.1,1,10000.0,False
2026-09-25,other,70,4pd Medium Gun,Cannon,243,Black River,100,0.1,1,10000.0,False
2026-09-25,other,70,4pd Medium Gun,Cannon,32,Blondel Cay,100,0.1,1,10000.0,False
2026-09-25,other,70,4pd Medium Gun,Cannon,230,Bluefields,100,0.1,1,10000.0,False
2026-09-25,other,70,4pd Medium Gun,Cannon,245,Bonacca,100,0.1,1,10000.0,False
2026-09-25,other,70,4pd Medium Gun,Cannon,350,Bone Cay,100,0.1,1,9998.0,False
2026-09-25,other,70,4pd Medium Gun,Cannon,237,Brangman's Bluff,100,0.1,1,10000.0,False
2026-09-25,other,70,4pd Medium Gun,Cannon,242,Brewers,100,0.1,1,10000.0,False
2026-09-25,other,70,4pd Medium Gun,Cannon,161,Bridgetown,100,0.1,1,10000.0,False
2026-09-25,other,70,4pd Medium Gun,Cannon,329,Brunswick,100,0.1,1,10000.0,False
2026-09-25,other,70,4pd Medium Gun,Cannon,215,Buena Vista,100,0.1,1,10000.0,False
2026-09-25,other,70,4pd Medium Gun,Cannon,351,Bugle Cay,100,0.1,1,10000.0,False
2026-09-25,other,70,4pd Medium Gun,Cannon,318,Cabo Cañaveral,100,0.1,1,10000.0,False
2026-09-25,other,70,4pd Medium Gun,Cannon,208,Cabo de la Vela,100,0.1,1,10000.0,False
2026-09-25,other,70,4pd Medium Gun,Cannon,120,Cabo Rojo,100,0.1,1,10000.0,False
2026-09-25,other,70,4pd Medium Gun,Cannon,291,Calcasieu,100,0.1,1,10000.0,False
2026-09-25,other,70,4pd Medium Gun,Cannon,222,Calobelo,100,0.1,1,10000.0,False
2026-09-25,other,70,4pd Medium Gun,Cannon,149,Camp du Roy,100,0.1,1,10000.0,False
2026-09-25,other,70,4pd Medium Gun,Cannon,269,Campeche,100,0.1,1,10000.0,False
2026-09-25,other,70,4pd Medium Gun,Cannon,216,Canalete,100,0.1,1,10000.0,False
2026-09-25,other,70,4pd Medium Gun,Cannon,97,Cap-Français,100,0.1,1,10000.0,False
2026-09-25,other,70,4pd Medium Gun,Cannon,193,Caracas,100,0.1,1,10000.0,False
2026-09-25,other,70,4pd Medium Gun,Cannon,40,Carahatas,100,0.1,1,10000.0,False
2026-09-25,other,70,4pd Medium Gun,Cannon,188,Cariaco,100,0.1,1,10000.0,False
2026-09-25,other,70,4pd Medium Gun,Cannon,80,Carlisle,100,0.1,1,9996.0,False
2026-09-25,other,70,4pd Medium Gun,Cannon,163,Carriacou,100,0.1,1,10000.0,False
2026-09-25,other,70,4pd Medium Gun,Cannon,212,Cartagena de Indias,100,0.1,1,10000.0,False
2026-09-25,other,70,4pd Medium Gun,Cannon,184,Carúpano,100,0.1,1,10000.0,False
2026-09-25,other,70,4pd Medium Gun,Cannon,198,Casigua,100,0.1,1,10000.0,False
2026-09-25,other,70,4pd Medium Gun,Cannon,158,Castries,100,0.1,1,10000.0,False
2026-09-25,other,70,4pd Medium Gun,Cannon,74,Cayman Brac,100,0.1,1,10000.0,False
2026-09-25,other,70,4pd Medium Gun,Cannon,323,Cayo Biscayno,100,0.1,1,10000.0,False
2026-09-25,other,70,4pd Medium Gun,Cannon,41,Cayo de Sal,100,0.1,1,10000.0,False
2026-09-25,other,70,4pd Medium Gun,Cannon,308,Cayo del Anclote,100,0.1,1,10000.0,False
2026-09-25,other,70,4pd Medium Gun,Cannon,317,Cayo Largo,100,0.1,1,10000.0,False
2026-09-25,other,70,4pd Medium Gun,Cannon,44,Cayo Romano,100,0.1,1,9998.0,False
2026-09-25,other,70,4pd Medium Gun,Cannon,315,Cayo Vacas,100,0.1,1,10000.0,False
2026-09-25,other,70,4pd Medium Gun,Cannon,178,Caño Araguabisi,100,0.1,1,10000.0,False
2026-09-25,other,70,4pd Medium Gun,Cannon,177,Caño Araguao,100,0.1,1,10000.0,False
2026-09-25,other,70,4pd Medium Gun,Cannon,167,Caño Macareo,100,0.1,1,10000.0,False
2026-09-25,other,70,4pd Medium Gun,Cannon,221,Chagres,100,0.1,1,10000.0,False
2026-09-25,other,70,4pd Medium Gun,Cannon,270,Champotón,100,0.1,1,10000.0,False
2026-09-25,other,70,4pd Medium Gun,Cannon,138,Charles Town,100,0.1,1,10000.0,False
2026-09-25,other,70,4pd Medium Gun,Cannon,333,Charleston,100,0.1,1,9913.0,False
2026-09-25,other,70,4pd Medium Gun,Cannon,258,Chinchorro,100,0.1,1,10000.0,False
2026-09-25,other,70,4pd Medium Gun,Cannon,224,Chiriquí,100,0.1,1,10000.0,False
2026-09-25,other,70,4pd Medium Gun,Cannon,129,Christiansted,100,0.1,1,9979.0,False
2026-09-25,other,70,4pd Medium Gun,Cannon,61,Cochinos,100,0.1,1,10000.0,False
2026-09-25,other,70,4pd Medium Gun,Cannon,70,Cocodrilo,100,0.1,1,10000.0,False
2026-09-25,other,70,4pd Medium Gun,Cannon,134,Codrington,100,0.1,1,10000.0,False
2026-09-25,other,70,4pd Medium Gun,Cannon,206,Cojoro,100,0.1,1,10000.0,False
2026-09-25,other,70,4pd Medium Gun,Cannon,223,Concepción,100,0.1,1,10000.0,False
2026-09-25,other,70,4pd Medium Gun,Cannon,259,Congrios,100,0.1,1,10000.0,False
2026-09-25,other,70,4pd Medium Gun,Cannon,264,Conil,100,0.1,1,10000.0,False
2026-09-25,other,70,4pd Medium Gun,Cannon,292,Constance,100,0.1,1,10000.0,False
2026-09-25,other,70,4pd Medium Gun,Cannon,344,Conttoy,100,0.1,1,10000.0,False
2026-09-25,other,70,4pd Medium Gun,Cannon,207,Coquibacoa,100,0.1,1,10000.0,False
2026-09-25,other,70,4pd Medium Gun,Cannon,124,Coral Bay,100,0.1,1,10000.0,False
2026-09-25,other,70,4pd Medium Gun,Cannon,196,Coro,100,0.1,1,10000.0,False
2026-09-25,other,70,4pd Medium Gun,Cannon,66,Corrientes,100,0.1,1,10000.0,False
2026-09-25,other,70,4pd Medium Gun,Cannon,241,Croata,100,0.1,1,10000.0,False
2026-09-25,other,70,4pd Medium Gun,Cannon,361,Crown Haven,100,0.1,1,9996.0,False
2026-09-25,other,70,4pd Medium Gun,Cannon,372,Cul-de-Sac,100,0.1,1,10000.0,False
2026-09-25,other,70,4pd Medium Gun,Cannon,189,Cumaná,100,0.1,1,10000.0,False
2026-09-25,other,70,4pd Medium Gun,Cannon,69,Daguilla,100,0.1,1,10000.0,False
2026-09-25,other,70,4pd Medium Gun,Cannon,214,Dariena,100,0.1,1,10000.0,False
2026-09-25,other,70,4pd Medium Gun,Cannon,20,Deadman's Cay,100,0.1,1,10000.0,False
2026-09-25,other,70,4pd Medium Gun,Cannon,147,Deshaies,100,0.1,1,10000.0,False
2026-09-25,other,70,4pd Medium Gun,Cannon,265,El Cuyo,100,0.1,1,10000.0,False
2026-09-25,other,70,4pd Medium Gun,Cannon,286,El Rancho,100,0.1,1,9998.0,False
2026-09-25,other,70,4pd Medium Gun,Cannon,107,El Soco,100,0.1,1,10000.0,False
2026-09-25,other,70,4pd Medium Gun,Cannon,166,El Toco,100,0.1,1,10000.0,False
2026-09-25,other,70,4pd Medium Gun,Cannon,202,Encontrados,100,0.1,1,10000.0,False
2026-09-25,other,70,4pd Medium Gun,Cannon,141,English Harbour,100,0.1,1,10000.0,False
2026-09-25,other,70,4pd Medium Gun,Cannon,274,Espíritu Santo,100,0.1,1,10000.0,False
2026-09-25,other,70,4pd Medium Gun,Cannon,284,Esteros,100,0.1,1,10000.0,False
2026-09-25,other,70,4pd Medium Gun,Cannon,116,Fajardo,100,0.1,1,10000.0,False
2026-09-25,other,70,4pd Medium Gun,Cannon,354,Flatts,100,0.1,1,10000.0,False
2026-09-25,other,70,4pd Medium Gun,Cannon,135,Fort Baai,100,0.1,1,10000.0,False
2026-09-25,other,70,4pd Medium Gun,Cannon,173,Fort Oranje,100,0.1,1,10000.0,False
2026-09-25,other,70,4pd Medium Gun,Cannon,175,Fort Zoutman,100,0.1,1,10000.0,False
2026-09-25,other,70,4pd Medium Gun,Cannon,98,Fort-Dauphin,100,0.1,1,10000.0,False
2026-09-25,other,70,4pd Medium Gun,Cannon,156,Fort-Royal,100,0.1,1,9980.0,False
2026-09-25,other,70,4pd Medium Gun,Cannon,128,Frederiksted,100,0.1,1,10000.0,False
2026-09-25,other,70,4pd Medium Gun,Cannon,359,Frozen Cay,100,0.1,1,10000.0,False
2026-09-25,other,70,4pd Medium Gun,Cannon,183,Galdonas,100,0.1,1,10000.0,False
2026-09-25,other,70,4pd Medium Gun,Cannon,311,Gasparilla,100,0.1,1,10000.0,False
2026-09-25,other,70,4pd Medium Gun,Cannon,72,George Town,100,0.1,1,10000.0,False
2026-09-25,other,70,4pd Medium Gun,Cannon,18,George's Town,100,0.1,1,10000.0,False
2026-09-25,other,70,4pd Medium Gun,Cannon,334,Georgetown,100,0.1,1,10000.0,False
2026-09-25,other,70,4pd Medium Gun,Cannon,201,Gibraltar,100,0.1,1,10000.0,False
2026-09-25,other,70,4pd Medium Gun,Cannon,16,Governor's Harbour,100,0.1,1,9998.0,False
2026-09-25,other,70,4pd Medium Gun,Cannon,240,Gracias a Dios,100,0.1,1,10000.0,False
2026-09-25,other,70,4pd Medium Gun,Cannon,153,Grand Anse,100,0.1,1,10000.0,False
2026-09-25,other,70,4pd Medium Gun,Cannon,33,Grand Turk,100,0.1,1,10000.0,False
2026-09-25,other,70,4pd Medium Gun,Cannon,231,Great Corn,100,0.1,1,10000.0,False
2026-09-25,other,70,4pd Medium Gun,Cannon,233,Great River,100,0.1,1,10000.0,False
2026-09-25,other,70,4pd Medium Gun,Cannon,367,Green Cay,100,0.1,1,10000.0,False
2026-09-25,other,70,4pd Medium Gun,Cannon,229,Grindstone,100,0.1,1,10000.0,False
2026-09-25,other,70,4pd Medium Gun,Cannon,374,Guacata,100,0.1,1,10000.0,False
2026-09-25,other,70,4pd Medium Gun,Cannon,53,Guamá Sevilla,100,0.1,1,10000.0,False
2026-09-25,other,70,4pd Medium Gun,Cannon,179,Guayaguayare,100,0.1,1,10000.0,False
2026-09-25,other,70,4pd Medium Gun,Cannon,117,Guayama,100,0.1,1,9996.0,False
2026-09-25,other,70,4pd Medium Gun,Cannon,48,Guibara,100,0.1,1,10000.0,False
2026-09-25,other,70,4pd Medium Gun,Cannon,133,Gustavia,100,0.1,1,9960.0,False
2026-09-25,other,70,4pd Medium Gun,Cannon,119,Guánica,100,0.1,1,10000.0,False
2026-09-25,other,70,4pd Medium Gun,Cannon,182,Güiria,100,0.1,1,10000.0,False
2026-09-25,other,70,4pd Medium Gun,Cannon,15,Harbour Island,100,0.1,1,10000.0,False
2026-09-25,other,70,4pd Medium Gun,Cannon,130,Hat Island,100,0.1,1,10000.0,False
2026-09-25,other,70,4pd Medium Gun,Cannon,232,Haulover,100,0.1,1,10000.0,False
2026-09-25,other,70,4pd Medium Gun,Cannon,106,Higüey,100,0.1,1,10000.0,False
2026-09-25,other,70,4pd Medium Gun,Cannon,306,Hitten Hatcha,100,0.1,1,10000.0,False
2026-09-25,other,70,4pd Medium Gun,Cannon,316,Islamorada,100,0.1,1,9976.0,False
2026-09-25,other,70,4pd Medium Gun,Cannon,370,Island Harbour,100,0.1,1,10000.0,False
2026-09-25,other,70,4pd Medium Gun,Cannon,28,Islet,100,0.1,1,10000.0,False
2026-09-25,other,70,4pd Medium Gun,Cannon,83,Jacmel,100,0.1,1,10000.0,False
2026-09-25,other,70,4pd Medium Gun,Cannon,60,Jagua,100,0.1,1,10000.0,False
2026-09-25,other,70,4pd Medium Gun,Cannon,320,Jobe,100,0.1,1,10000.0,False
2026-09-25,other,70,4pd Medium Gun,Cannon,88,Jérémie,100,0.1,1,9994.0,False
2026-09-25,other,70,4pd Medium Gun,Cannon,13,Kemp's Bay,100,0.1,1,10000.0,False
2026-09-25,other,70,4pd Medium Gun,Cannon,313,Key West,100,0.1,1,9996.0,False
2026-09-25,other,70,4pd Medium Gun,Cannon,357,Kidd's Harbour,100,0.1,1,10000.0,False
2026-09-25,other,70,4pd Medium Gun,Cannon,79,Kingston / Port Royal,100,0.1,1,9832.0,False
2026-09-25,other,70,4pd Medium Gun,Cannon,162,Kingstown,100,0.1,1,10000.0,False
2026-09-25,other,70,4pd Medium Gun,Cannon,42,La Anguila,100,0.1,1,10000.0,False
2026-09-25,other,70,4pd Medium Gun,Cannon,287,La Bahía,100,0.1,1,10000.0,False
2026-09-25,other,70,4pd Medium Gun,Cannon,341,La Bermeja,100,0.1,1,10000.0,False
2026-09-25,other,70,4pd Medium Gun,Cannon,170,La Blanquilla,100,0.1,1,10000.0,False
2026-09-25,other,70,4pd Medium Gun,Cannon,363,La Desconocida,100,0.1,1,10000.0,False
2026-09-25,other,70,4pd Medium Gun,Cannon,139,La Désirade,100,0.1,1,10000.0,False
2026-09-25,other,70,4pd Medium Gun,Cannon,45,La Guanaja,100,0.1,1,10000.0,False
2026-09-25,other,70,4pd Medium Gun,Cannon,38,La Habana,100,0.1,1,9951.0,False
2026-09-25,other,70,4pd Medium Gun,Cannon,100,La Isabela,100,0.1,1,9992.0,False
2026-09-25,other,70,4pd Medium Gun,Cannon,112,La Mona,100,0.1,1,10000.0,False
2026-09-25,other,70,4pd Medium Gun,Cannon,373,La Moussette,100,0.1,1,10000.0,False
2026-09-25,other,70,4pd Medium Gun,Cannon,85,La Navasse,100,0.1,1,9998.0,False
2026-09-25,other,70,4pd Medium Gun,Cannon,171,La Orchilla,100,0.1,1,10000.0,False
2026-09-25,other,70,4pd Medium Gun,Cannon,96,La Tortue,100,0.1,1,9990.0,False
2026-09-25,other,70,4pd Medium Gun,Cannon,187,La Tortuga,100,0.1,1,10000.0,False
2026-09-25,other,70,4pd Medium Gun,Cannon,154,La Trinité,100,0.1,1,10000.0,False
2026-09-25,other,70,4pd Medium Gun,Cannon,199,Lagunillas,100,0.1,1,10000.0,False
2026-09-25,other,70,4pd Medium Gun,Cannon,172,Las Aves,100,0.1,1,10000.0,False
2026-09-25,other,70,4pd Medium Gun,Cannon,307,Las Sabinas,100,0.1,1,10000.0,False
2026-09-25,other,70,4pd Medium Gun,Cannon,314,Las Tortugas,100,0.1,1,10000.0,False
2026-09-25,other,70,4pd Medium Gun,Cannon,143,Le Moule,100,0.1,1,10000.0,False
2026-09-25,other,70,4pd Medium Gun,Cannon,86,Les Cayes,100,0.1,1,10000.0,False
2026-09-25,other,70,4pd Medium Gun,Cannon,93,Les Gonaïves,100,0.1,1,10000.0,False
2026-09-25,other,70,4pd Medium Gun,Cannon,73,Little Cayman,100,0.1,1,10000.0,False
2026-09-25,other,70,4pd Medium Gun,Cannon,8,Little Harbour,100,0.1,1,10000.0,False
2026-09-25,other,70,4pd Medium Gun,Cannon,29,Little Inagua,100,0.1,1,10000.0,False
2026-09-25,other,70,4pd Medium Gun,Cannon,362,Little Isaac Rocks,100,0.1,1,10000.0,False
2026-09-25,other,70,4pd Medium Gun,Cannon,381,Little River,100,0.1,1,10000.0,False
2026-09-25,other,70,4pd Medium Gun,Cannon,31,Lorimers,100,0.1,1,10000.0,False
2026-09-25,other,70,4pd Medium Gun,Cannon,90,Léogane,100,0.1,1,10000.0,False
2026-09-25,other,70,4pd Medium Gun,Cannon,186,Macanao,100,0.1,1,10000.0,False
2026-09-25,other,70,4pd Medium Gun,Cannon,105,Macao,100,0.1,1,10000.0,False
2026-09-25,other,70,4pd Medium Gun,Cannon,312,Manataca,100,0.1,1,10000.0,False
2026-09-25,other,70,4pd Medium Gun,Cannon,219,Mandinga,100,0.1,1,10000.0,False
2026-09-25,other,70,4pd Medium Gun,Cannon,358,Mangrove Cay,100,0.1,1,10000.0,False
2026-09-25,other,70,4pd Medium Gun,Cannon,34,Mantua,100,0.1,1,10000.0,False
2026-09-25,other,70,4pd Medium Gun,Cannon,55,Manzanillo,100,0.1,1,10000.0,False
2026-09-25,other,70,4pd Medium Gun,Cannon,204,Maracaibo,100,0.1,1,10000.0,False
2026-09-25,other,70,4pd Medium Gun,Cannon,37,Mariel,100,0.1,1,9998.0,False
2026-09-25,other,70,4pd Medium Gun,Cannon,131,Marigot,100,0.1,1,10000.0,False
2026-09-25,other,70,4pd Medium Gun,Cannon,155,Marin,100,0.1,1,10000.0,False
2026-09-25,other,70,4pd Medium Gun,Cannon,9,Marsh Harbour,100,0.1,1,10000.0,False
2026-09-25,other,70,4pd Medium Gun,Cannon,39,Matanzas,100,0.1,1,10000.0,False
2026-09-25,other,70,4pd Medium Gun,Cannon,227,Matina,100,0.1,1,10000.0,False
2026-09-25,other,70,4pd Medium Gun,Cannon,26,Mayaguana,100,0.1,1,10000.0,False
2026-09-25,other,70,4pd Medium Gun,Cannon,11,Mimbres,100,0.1,1,10000.0,False
2026-09-25,other,70,4pd Medium Gun,Cannon,347,Misteriosa,100,0.1,1,10000.0,False
2026-09-25,other,70,4pd Medium Gun,Cannon,197,Mitara,100,0.1,1,9996.0,False
2026-09-25,other,70,4pd Medium Gun,Cannon,300,Mobile,100,0.1,1,10000.0,False
2026-09-25,other,70,4pd Medium Gun,Cannon,99,Montecristi,100,0.1,1,10000.0,False
2026-09-25,other,70,4pd Medium Gun,Cannon,75,Montego Bay,100,0.1,1,10000.0,False
2026-09-25,other,70,4pd Medium Gun,Cannon,12,Morgan's Bluff,100,0.1,1,10000.0,False
2026-09-25,other,70,4pd Medium Gun,Cannon,248,Morro Chico,100,0.1,1,10000.0,False
2026-09-25,other,70,4pd Medium Gun,Cannon,27,Mortimer Town,100,0.1,1,9916.0,False
2026-09-25,other,70,4pd Medium Gun,Cannon,238,Mosquito Cay,100,0.1,1,10000.0,False
2026-09-25,other,70,4pd Medium Gun,Cannon,345,Mugeres,100,0.1,1,10000.0,False
2026-09-25,other,70,4pd Medium Gun,Cannon,168,Naparima,100,0.1,1,10000.0,False
2026-09-25,other,70,4pd Medium Gun,Cannon,14,Nassau,100,0.1,1,9990.0,False
2026-09-25,other,70,4pd Medium Gun,Cannon,217,New Edinburgh,100,0.1,1,10000.0,False
2026-09-25,other,70,4pd Medium Gun,Cannon,324,New Smyrna,100,0.1,1,10000.0,False
2026-09-25,other,70,4pd Medium Gun,Cannon,89,Nippes,100,0.1,1,9996.0,False
2026-09-25,other,70,4pd Medium Gun,Cannon,356,North Inlet,100,0.1,1,10000.0,False
2026-09-25,other,70,4pd Medium Gun,Cannon,297,Nouvelle-Orléans,100,0.1,1,10000.0,False
2026-09-25,other,70,4pd Medium Gun,Cannon,190,Nueva Barcelona,100,0.1,1,10000.0,False
2026-09-25,other,70,4pd Medium Gun,Cannon,46,Nuevitas,100,0.1,1,10000.0,False
2026-09-25,other,70,4pd Medium Gun,Cannon,368,Ocean Bight,100,0.1,1,10000.0,False
2026-09-25,other,70,4pd Medium Gun,Cannon,235,Old Providence,100,0.1,1,10000.0,False
2026-09-25,other,70,4pd Medium Gun,Cannon,250,Omoa,100,0.1,1,10000.0,False
2026-09-25,other,70,4pd Medium Gun,Cannon,136,Oranjestad,100,0.1,1,10000.0,False
2026-09-25,other,70,4pd Medium Gun,Cannon,185,Pampatar,100,0.1,1,10000.0,False
2026-09-25,other,70,4pd Medium Gun,Cannon,30,Parrot Cay,100,0.1,1,10000.0,False
2026-09-25,other,70,4pd Medium Gun,Cannon,122,Pasaje,100,0.1,1,10000.0,False
2026-09-25,other,70,4pd Medium Gun,Cannon,180,Pedernales,100,0.1,1,10000.0,False
2026-09-25,other,70,4pd Medium Gun,Cannon,352,Pedro Cay,100,0.1,1,10000.0,False
2026-09-25,other,70,4pd Medium Gun,Cannon,301,Penzacola,100,0.1,1,9996.0,False
2026-09-25,other,70,4pd Medium Gun,Cannon,203,Perijá,100,0.1,1,10000.0,False
2026-09-25,other,70,4pd Medium Gun,Cannon,132,Philipsburg,100,0.1,1,10000.0,False
2026-09-25,other,70,4pd Medium Gun,Cannon,65,Pinar del Río,100,0.1,1,10000.0,False
2026-09-25,other,70,4pd Medium Gun,Cannon,23,Pitt's Town,100,0.1,1,9994.0,False
2026-09-25,other,70,4pd Medium Gun,Cannon,252,Placentia,100,0.1,1,10000.0,False
2026-09-25,other,70,4pd Medium Gun,Cannon,346,Placer,100,0.1,1,10000.0,False
2026-09-25,other,70,4pd Medium Gun,Cannon,218,Playón,100,0.1,1,10000.0,False
2026-09-25,other,70,4pd Medium Gun,Cannon,369,Plymouth,100,0.1,1,10000.0,False
2026-09-25,other,70,4pd Medium Gun,Cannon,145,Pointe-à-Pitre,100,0.1,1,10000.0,False
2026-09-25,other,70,4pd Medium Gun,Cannon,118,Ponce,100,0.1,1,10000.0,False
2026-09-25,other,70,4pd Medium Gun,Cannon,77,Port Antonio,100,0.1,1,10000.0,False
2026-09-25,other,70,4pd Medium Gun,Cannon,19,Port Howe,100,0.1,1,10000.0,False
2026-09-25,other,70,4pd Medium Gun,Cannon,78,Port Morant,100,0.1,1,10000.0,False
2026-09-25,other,70,4pd Medium Gun,Cannon,91,Port-au-Prince,100,0.1,1,10000.0,False
2026-09-25,other,70,4pd Medium Gun,Cannon,95,Port-de-Paix,100,0.1,1,10000.0,False
2026-09-25,other,70,4pd Medium Gun,Cannon,142,Port-Louis,100,0.1,1,10000.0,False
2026-09-25,other,70,4pd Medium Gun,Cannon,54,Portillo,100,0.1,1,10000.0,False
2026-09-25,other,70,4pd Medium Gun,Cannon,220,Portobelo,100,0.1,1,9996.0,False
2026-09-25,other,70,4pd Medium Gun,Cannon,234,Prinzapolka,100,0.1,1,10000.0,False
2026-09-25,other,70,4pd Medium Gun,Cannon,194,Puerto Cabello,100,0.1,1,10000.0,False
2026-09-25,other,70,4pd Medium Gun,Cannon,169,Puerto de España,100,0.1,1,10000.0,False
2026-09-25,other,70,4pd Medium Gun,Cannon,49,Puerto de Nipe,100,0.1,1,10000.0,False
2026-09-25,other,70,4pd Medium Gun,Cannon,47,Puerto del Padre,100,0.1,1,9998.0,False
2026-09-25,other,70,4pd Medium Gun,Cannon,51,Puerto Escondido,100,0.1,1,9998.0,False
2026-09-25,other,70,4pd Medium Gun,Cannon,101,Puerto Plata,100,0.1,1,10000.0,False
2026-09-25,other,70,4pd Medium Gun,Cannon,271,Puerto Real,100,0.1,1,10000.0,False
2026-09-25,other,70,4pd Medium Gun,Cannon,191,Píritu,100,0.1,1,10000.0,False
2026-09-25,other,70,4pd Medium Gun,Cannon,21,Ragged Cay,100,0.1,1,9972.0,False
2026-09-25,other,70,4pd Medium Gun,Cannon,43,Remedios,100,0.1,1,10000.0,False
2026-09-25,other,70,4pd Medium Gun,Cannon,102,Rincón,100,0.1,1,10000.0,False
2026-09-25,other,70,4pd Medium Gun,Cannon,5,Road Rocks,100,0.1,1,10000.0,False
2026-09-25,other,70,4pd Medium Gun,Cannon,125,Road Town,100,0.1,1,10000.0,False
2026-09-25,other,70,4pd Medium Gun,Cannon,64,Robras,100,0.1,1,10000.0,False
2026-09-25,other,70,4pd Medium Gun,Cannon,151,Rosaly,100,0.1,1,10000.0,False
2026-09-25,other,70,4pd Medium Gun,Cannon,152,Roseau,100,0.1,1,10000.0,False
2026-09-25,other,70,4pd Medium Gun,Cannon,246,Ruatan,100,0.1,1,10000.0,False
2026-09-25,other,70,4pd Medium Gun,Cannon,377,Rum Cove,100,0.1,1,10000.0,False
2026-09-25,other,70,4pd Medium Gun,Cannon,192,Río Chico,100,0.1,1,10000.0,False
2026-09-25,other,70,4pd Medium Gun,Cannon,209,Río de la Hacha,100,0.1,1,10000.0,False
2026-09-25,other,70,4pd Medium Gun,Cannon,319,Río Seco,100,0.1,1,10000.0,False
2026-09-25,other,70,4pd Medium Gun,Cannon,195,Río Tocuyo,100,0.1,1,10000.0,False
2026-09-25,other,70,4pd Medium Gun,Cannon,290,Sabina,100,0.1,1,10000.0,False
2026-09-25,other,70,4pd Medium Gun,Cannon,76,Saint Ann,100,0.1,1,10000.0,False
2026-09-25,other,70,4pd Medium Gun,Cannon,164,Saint George,100,0.1,1,10000.0,False
2026-09-25,other,70,4pd Medium Gun,Cannon,355,Saint George's Town,100,0.1,1,10000.0,False
2026-09-25,other,70,4pd Medium Gun,Cannon,140,Saint John's,100,0.1,1,10000.0,False
2026-09-25,other,70,4pd Medium Gun,Cannon,160,Saint Joseph,100,0.1,1,10000.0,False
2026-09-25,other,70,4pd Medium Gun,Cannon,330,Saint Marys,100,0.1,1,10000.0,False
2026-09-25,other,70,4pd Medium Gun,Cannon,144,Saint-François,100,0.1,1,10000.0,False
2026-09-25,other,70,4pd Medium Gun,Cannon,84,Saint-Louis,100,0.1,1,10000.0,False
2026-09-25,other,70,4pd Medium Gun,Cannon,296,Saint-Malo,100,0.1,1,10000.0,False
2026-09-25,other,70,4pd Medium Gun,Cannon,92,Saint-Marc,100,0.1,1,10000.0,False
2026-09-25,other,70,4pd Medium Gun,Cannon,94,Saint-Nicolas,100,0.1,1,10000.0,False
2026-09-25,other,70,4pd Medium Gun,Cannon,157,Saint-Pierre,100,0.1,1,10000.0,False
2026-09-25,other,70,4pd Medium Gun,Cannon,256,Salamanca,100,0.1,1,10000.0,False
2026-09-25,other,70,4pd Medium Gun,Cannon,82,Sale-Trou,100,0.1,1,10000.0,False
2026-09-25,other,70,4pd Medium Gun,Cannon,25,Salina Point,100,0.1,1,9992.0,False
2026-09-25,other,70,4pd Medium Gun,Cannon,379,Salinas,100,0.1,1,10000.0,False
2026-09-25,other,70,4pd Medium Gun,Cannon,104,Samaná,100,0.1,1,10000.0,False
2026-09-25,other,70,4pd Medium Gun,Cannon,326,San Agustín,100,0.1,1,10000.0,False
2026-09-25,other,70,4pd Medium Gun,Cannon,236,San Andrés,100,0.1,1,10000.0,False
2026-09-25,other,70,4pd Medium Gun,Cannon,283,San Fernando,100,0.1,1,10000.0,False
2026-09-25,other,70,4pd Medium Gun,Cannon,303,San José,100,0.1,1,10000.0,False
2026-09-25,other,70,4pd Medium Gun,Cannon,115,San Juan,100,0.1,1,10000.0,False
2026-09-25,other,70,4pd Medium Gun,Cannon,228,San Juan del Norte,100,0.1,1,10000.0,False
2026-09-25,other,70,4pd Medium Gun,Cannon,62,San Lazaro,100,0.1,1,10000.0,False
2026-09-25,other,70,4pd Medium Gun,Cannon,288,San Luis,100,0.1,1,10000.0,False
2026-09-25,other,70,4pd Medium Gun,Cannon,305,San Marcos,100,0.1,1,10000.0,False
2026-09-25,other,70,4pd Medium Gun,Cannon,327,San Mateo,100,0.1,1,10000.0,False
2026-09-25,other,70,4pd Medium Gun,Cannon,322,San Sebastian,100,0.1,1,10000.0,False
2026-09-25,other,70,4pd Medium Gun,Cannon,200,San Timoteo,100,0.1,1,10000.0,False
2026-09-25,other,70,4pd Medium Gun,Cannon,58,Sancti Spíritus,100,0.1,1,10000.0,False
2026-09-25,other,70,4pd Medium Gun,Cannon,239,Sandy Bay,100,0.1,1,10000.0,False
2026-09-25,other,70,4pd Medium Gun,Cannon,371,Sandy Hill,100,0.1,1,10000.0,False
2026-09-25,other,70,4pd Medium Gun,Cannon,7,Sandy Point,100,0.1,1,10000.0,False
2026-09-25,other,70,4pd Medium Gun,Cannon,272,Santa Ana,100,0.1,1,10000.0,False
2026-09-25,other,70,4pd Medium Gun,Cannon,56,Santa Cruz,100,0.1,1,10000.0,False
2026-09-25,other,70,4pd Medium Gun,Cannon,68,Santa Fe,100,0.1,1,10000.0,False
2026-09-25,other,70,4pd Medium Gun,Cannon,210,Santa Marta,100,0.1,1,10000.0,False
2026-09-25,other,70,4pd Medium Gun,Cannon,57,Santa María,100,0.1,1,10000.0,False
2026-09-25,other,70,4pd Medium Gun,Cannon,302,Santa Rosa,100,0.1,1,10000.0,False
2026-09-25,other,70,4pd Medium Gun,Cannon,348,Santanillas,100,0.1,1,10000.0,False
2026-09-25,other,70,4pd Medium Gun,Cannon,52,Santiago de Cuba,100,0.1,1,9998.0,False
2026-09-25,other,70,4pd Medium Gun,Cannon,108,Santo Domingo,100,0.1,1,10000.0,False
2026-09-25,other,70,4pd Medium Gun,Cannon,251,Santo Tomás,100,0.1,1,10000.0,False
2026-09-25,other,70,4pd Medium Gun,Cannon,176,Santo Tomé de Guayana,100,0.1,1,10000.0,False
2026-09-25,other,70,4pd Medium Gun,Cannon,310,Sarazota,100,0.1,1,10000.0,False
2026-09-25,other,70,4pd Medium Gun,Cannon,81,Savanna la Mar,100,0.1,1,10000.0,False
2026-09-25,other,70,4pd Medium Gun,Cannon,331,Savannah,100,0.1,1,10000.0,False
2026-09-25,other,70,4pd Medium Gun,Cannon,165,Scarborough,100,0.1,1,10000.0,False
2026-09-25,other,70,4pd Medium Gun,Cannon,266,Selam,100,0.1,1,10000.0,False
2026-09-25,other,70,4pd Medium Gun,Cannon,349,Serrana,100,0.1,1,10000.0,False
2026-09-25,other,70,4pd Medium Gun,Cannon,366,Shroud Cay,100,0.1,1,9949.0,False
2026-09-25,other,70,4pd Medium Gun,Cannon,71,Siguanea,100,0.1,1,10000.0,False
2026-09-25,other,70,4pd Medium Gun,Cannon,205,Sinamaica,100,0.1,1,10000.0,False
2026-09-25,other,70,4pd Medium Gun,Cannon,268,Sisal,100,0.1,1,10000.0,False
2026-09-25,other,70,4pd Medium Gun,Cannon,353,Somerset,100,0.1,1,10000.0,False
2026-09-25,other,70,4pd Medium Gun,Cannon,282,Soto La Marina,100,0.1,1,10000.0,False
2026-09-25,other,70,4pd Medium Gun,Cannon,127,Spanish Town,100,0.1,1,10000.0,False
2026-09-25,other,70,4pd Medium Gun,Cannon,328,Sunbury,100,0.1,1,10000.0,False
2026-09-25,other,70,4pd Medium Gun,Cannon,336,Swannsborough,100,0.1,1,10000.0,False
2026-09-25,other,70,4pd Medium Gun,Cannon,226,Talamanca,100,0.1,1,10000.0,False
2026-09-25,other,70,4pd Medium Gun,Cannon,281,Tamiagua,100,0.1,1,10000.0,False
2026-09-25,other,70,4pd Medium Gun,Cannon,309,Tampa,100,0.1,1,10000.0,False
2026-09-25,other,70,4pd Medium Gun,Cannon,280,Tampico,100,0.1,1,10000.0,False
2026-09-25,other,70,4pd Medium Gun,Cannon,263,Tantun Cuzamil,100,0.1,1,10000.0,False
2026-09-25,other,70,4pd Medium Gun,Cannon,148,Terre-de-Bas,100,0.1,1,10000.0,False
2026-09-25,other,70,4pd Medium Gun,Cannon,295,Terrebonne,100,0.1,1,10000.0,False
2026-09-25,other,70,4pd Medium Gun,Cannon,126,The Settlement,100,0.1,1,10000.0,False
2026-09-25,other,70,4pd Medium Gun,Cannon,87,Tiburon,100,0.1,1,10000.0,False
2026-09-25,other,70,4pd Medium Gun,Cannon,213,Tolú,100,0.1,1,10000.0,False
2026-09-25,other,70,4pd Medium Gun,Cannon,380,Tordo,100,0.1,1,10000.0,False
2026-09-25,other,70,4pd Medium Gun,Cannon,338,Triangulo,100,0.1,1,10000.0,False
2026-09-25,other,70,4pd Medium Gun,Cannon,59,Trinidad,100,0.1,1,10000.0,False
2026-09-25,other,70,4pd Medium Gun,Cannon,249,Triunfo de la Cruz,100,0.1,1,10000.0,False
2026-09-25,other,70,4pd Medium Gun,Cannon,244,Truxillo,100,0.1,1,10000.0,False
2026-09-25,other,70,4pd Medium Gun,Cannon,261,Tulum,100,0.1,1,10000.0,False
2026-09-25,other,70,4pd Medium Gun,Cannon,343,Tumbado,100,0.1,1,10000.0,False
2026-09-25,other,70,4pd Medium Gun,Cannon,254,Turneffe,100,0.1,1,10000.0,False
2026-09-25,other,70,4pd Medium Gun,Cannon,6,Turtle Cay,100,0.1,1,10000.0,False
2026-09-25,other,70,4pd Medium Gun,Cannon,279,Tuspan,100,0.1,1,10000.0,False
2026-09-25,other,70,4pd Medium Gun,Cannon,276,Vera Cruz,100,0.1,1,10000.0,False
2026-09-25,other,70,4pd Medium Gun,Cannon,293,Vermiou,100,0.1,1,9996.0,False
2026-09-25,other,70,4pd Medium Gun,Cannon,273,Victoria,100,0.1,1,10000.0,False
2026-09-25,other,70,4pd Medium Gun,Cannon,121,Vieques,100,0.1,1,9998.0,False
2026-09-25,other,70,4pd Medium Gun,Cannon,159,Vieux-Fort,100,0.1,1,10000.0,False
2026-09-25,other,70,4pd Medium Gun,Cannon,3,Walker's Cay,100,0.1,1,10000.0,False
2026-09-25,other,70,4pd Medium Gun,Cannon,376,Wantlands Ferry,100,0.1,1,10000.0,False
2026-09-25,other,70,4pd Medium Gun,Cannon,360,Water Bay,100,0.1,1,10000.0,False
2026-09-25,other,70,4pd Medium Gun,Cannon,22,Watlings,100,0.1,1,10000.0,False
2026-09-25,other,70,4pd Medium Gun,Cannon,4,West End,100,0.1,1,10000.0,False
2026-09-25,other,70,4pd Medium Gun,Cannon,174,Willemstad,100,0.1,1,9962.0,False
2026-09-25,other,70,4pd Medium Gun,Cannon,364,William's Bay,100,0.1,1,10000.0,False
2026-09-25,other,70,4pd Medium Gun,Cannon,335,Wilmington,100,0.1,1,10000.0,False
2026-09-25,other,70,4pd Medium Gun,Cannon,262,Xpu Ha,100,0.1,1,10000.0,False
2026-09-25,other,70,4pd Medium Gun,Cannon,181,Yaguaraparo,100,0.1,1,10000.0,False
2026-09-25,other,70,4pd Medium Gun,Cannon,267,Ysil,100,0.1,1,10000.0,False
2026-09-25,other,70,4pd Medium Gun,Cannon,247,Útila,100,0.1,1,10000.0,False
2026-09-25,other,72,6pd Medium Gun,Cannon,113,Aguadilla,150,0.1,1,10000.0,False
2026-09-25,other,72,6pd Medium Gun,Cannon,289,Ahumada,150,0.1,1,10000.0,False
2026-09-25,other,72,6pd Medium Gun,Cannon,365,Alabaster Rocks,150,0.1,1,10000.0,False
2026-09-25,other,72,6pd Medium Gun,Cannon,342,Alacranes,150,0.1,1,10000.0,False
2026-09-25,other,72,6pd Medium Gun,Cannon,375,All Saints,150,0.1,1,10000.0,False
2026-09-25,other,72,6pd Medium Gun,Cannon,278,Almeria,150,0.1,1,10000.0,False
2026-09-25,other,72,6pd Medium Gun,Cannon,225,Almirante,150,0.1,1,10000.0,False
2026-09-25,other,72,6pd Medium Gun,Cannon,275,Alvarado,150,0.1,1,10000.0,False
2026-09-25,other,72,6pd Medium Gun,Cannon,123,Amalienborg,150,0.1,1,9998.0,False
2026-09-25,other,72,6pd Medium Gun,Cannon,255,Ambergrease Cay,150,0.1,1,10000.0,False
2026-09-25,other,72,6pd Medium Gun,Cannon,304,Apalachicola,150,0.1,1,10000.0,False
2026-09-25,other,72,6pd Medium Gun,Cannon,285,Aransas,150,0.1,1,10000.0,False
2026-09-25,other,72,6pd Medium Gun,Cannon,337,Arcas,150,0.1,1,10000.0,False
2026-09-25,other,72,6pd Medium Gun,Cannon,114,Arecibo,150,0.1,1,10000.0,False
2026-09-25,other,72,6pd Medium Gun,Cannon,340,Arenas,150,0.1,1,10000.0,False
2026-09-25,other,72,6pd Medium Gun,Cannon,17,Arthur's Town,150,0.1,1,10000.0,False
2026-09-25,other,72,6pd Medium Gun,Cannon,260,Asunción,150,0.1,1,10000.0,False
2026-09-25,other,72,6pd Medium Gun,Cannon,294,Atchafalaya,150,0.1,1,10000.0,False
2026-09-25,other,72,6pd Medium Gun,Cannon,24,Atwoods,150,0.1,1,10000.0,False
2026-09-25,other,72,6pd Medium Gun,Cannon,150,Aves,150,0.1,1,9990.0,False
2026-09-25,other,72,6pd Medium Gun,Cannon,325,Ayamonte,150,0.1,1,9998.0,False
2026-09-25,other,72,6pd Medium Gun,Cannon,321,Ays,150,0.1,1,10000.0,False
2026-09-25,other,72,6pd Medium Gun,Cannon,110,Azua,150,0.1,1,10000.0,False
2026-09-25,other,72,6pd Medium Gun,Cannon,103,Bahía Escocesa,150,0.1,1,10000.0,False
2026-09-25,other,72,6pd Medium Gun,Cannon,36,Bahía Honda,150,0.1,1,10000.0,False
2026-09-25,other,72,6pd Medium Gun,Cannon,35,Baja,150,0.1,1,10038.0,False
2026-09-25,other,72,6pd Medium Gun,Cannon,109,Baní,150,0.1,1,10000.0,False
2026-09-25,other,72,6pd Medium Gun,Cannon,50,Baracoa,150,0.1,1,10042.0,False
2026-09-25,other,72,6pd Medium Gun,Cannon,111,Barahona,150,0.1,1,10000.0,False
2026-09-25,other,72,6pd Medium Gun,Cannon,298,Barataria,150,0.1,1,10000.0,False
2026-09-25,other,72,6pd Medium Gun,Cannon,67,Barcos,150,0.1,1,10000.0,False
2026-09-25,other,72,6pd Medium Gun,Cannon,211,Barranquilla,150,0.1,1,10000.0,False
2026-09-25,other,72,6pd Medium Gun,Cannon,146,Basse-Terre,150,0.1,1,10000.0,False
2026-09-25,other,72,6pd Medium Gun,Cannon,137,Basseterre Town,150,0.1,1,10000.0,False
2026-09-25,other,72,6pd Medium Gun,Cannon,63,Batabanó,150,0.1,1,10000.0,False
2026-09-25,other,72,6pd Medium Gun,Cannon,339,Baxo Nuevo,150,0.1,1,10000.0,False
2026-09-25,other,72,6pd Medium Gun,Cannon,332,Beaufort,150,0.1,1,10000.0,False
2026-09-25,other,72,6pd Medium Gun,Cannon,253,Belize,150,0.1,1,10000.0,False
2026-09-25,other,72,6pd Medium Gun,Cannon,257,Bensalem,150,0.1,1,10000.0,False
2026-09-25,other,72,6pd Medium Gun,Cannon,277,Bernal,150,0.1,1,10000.0,False
2026-09-25,other,72,6pd Medium Gun,Cannon,299,Biloxi,150,0.1,1,10000.0,False
2026-09-25,other,72,6pd Medium Gun,Cannon,10,Bimini,150,0.1,1,10000.0,False
2026-09-25,other,72,6pd Medium Gun,Cannon,243,Black River,150,0.1,1,10000.0,False
2026-09-25,other,72,6pd Medium Gun,Cannon,32,Blondel Cay,150,0.1,1,9998.0,False
2026-09-25,other,72,6pd Medium Gun,Cannon,230,Bluefields,150,0.1,1,10000.0,False
2026-09-25,other,72,6pd Medium Gun,Cannon,245,Bonacca,150,0.1,1,10000.0,False
2026-09-25,other,72,6pd Medium Gun,Cannon,350,Bone Cay,150,0.1,1,10000.0,False
2026-09-25,other,72,6pd Medium Gun,Cannon,237,Brangman's Bluff,150,0.1,1,10000.0,False
2026-09-25,other,72,6pd Medium Gun,Cannon,242,Brewers,150,0.1,1,10000.0,False
2026-09-25,other,72,6pd Medium Gun,Cannon,161,Bridgetown,150,0.1,1,10000.0,False
2026-09-25,other,72,6pd Medium Gun,Cannon,329,Brunswick,150,0.1,1,10000.0,False
2026-09-25,other,72,6pd Medium Gun,Cannon,215,Buena Vista,150,0.1,1,10000.0,False
2026-09-25,other,72,6pd Medium Gun,Cannon,351,Bugle Cay,150,0.1,1,10000.0,False
2026-09-25,other,72,6pd Medium Gun,Cannon,318,Cabo Cañaveral,150,0.1,1,10000.0,False
2026-09-25,other,72,6pd Medium Gun,Cannon,208,Cabo de la Vela,150,0.1,1,10000.0,False
2026-09-25,other,72,6pd Medium Gun,Cannon,120,Cabo Rojo,150,0.1,1,10000.0,False
2026-09-25,other,72,6pd Medium Gun,Cannon,291,Calcasieu,150,0.1,1,10000.0,False
2026-09-25,other,72,6pd Medium Gun,Cannon,222,Calobelo,150,0.1,1,10000.0,False
2026-09-25,other,72,6pd Medium Gun,Cannon,149,Camp du Roy,150,0.1,1,10016.0,False
2026-09-25,other,72,6pd Medium Gun,Cannon,269,Campeche,150,0.1,1,9968.0,False
2026-09-25,other,72,6pd Medium Gun,Cannon,216,Canalete,150,0.1,1,10000.0,False
2026-09-25,other,72,6pd Medium Gun,Cannon,97,Cap-Français,150,0.1,1,10016.0,False
2026-09-25,other,72,6pd Medium Gun,Cannon,193,Caracas,150,0.1,1,9988.0,False
2026-09-25,other,72,6pd Medium Gun,Cannon,40,Carahatas,150,0.1,1,10000.0,False
2026-09-25,other,72,6pd Medium Gun,Cannon,188,Cariaco,150,0.1,1,10000.0,False
2026-09-25,other,72,6pd Medium Gun,Cannon,80,Carlisle,150,0.1,1,9978.0,False
2026-09-25,other,72,6pd Medium Gun,Cannon,163,Carriacou,150,0.1,1,10000.0,False
2026-09-25,other,72,6pd Medium Gun,Cannon,212,Cartagena de Indias,150,0.1,1,10000.0,False
2026-09-25,other,72,6pd Medium Gun,Cannon,184,Carúpano,150,0.1,1,10000.0,False
2026-09-25,other,72,6pd Medium Gun,Cannon,198,Casigua,150,0.1,1,10000.0,False
2026-09-25,other,72,6pd Medium Gun,Cannon,158,Castries,150,0.1,1,10000.0,False
2026-09-25,other,72,6pd Medium Gun,Cannon,74,Cayman Brac,150,0.1,1,10000.0,False
2026-09-25,other,72,6pd Medium Gun,Cannon,323,Cayo Biscayno,150,0.1,1,9998.0,False
2026-09-25,other,72,6pd Medium Gun,Cannon,41,Cayo de Sal,150,0.1,1,10000.0,False
2026-09-25,other,72,6pd Medium Gun,Cannon,308,Cayo del Anclote,150,0.1,1,9990.0,False
2026-09-25,other,72,6pd Medium Gun,Cannon,317,Cayo Largo,150,0.1,1,10000.0,False
2026-09-25,other,72,6pd Medium Gun,Cannon,44,Cayo Romano,150,0.1,1,10000.0,False
2026-09-25,other,72,6pd Medium Gun,Cannon,315,Cayo Vacas,150,0.1,1,10000.0,False
2026-09-25,other,72,6pd Medium Gun,Cannon,178,Caño Araguabisi,150,0.1,1,10000.0,False
2026-09-25,other,72,6pd Medium Gun,Cannon,177,Caño Araguao,150,0.1,1,10000.0,False
2026-09-25,other,72,6pd Medium Gun,Cannon,167,Caño Macareo,150,0.1,1,10000.0,False
2026-09-25,other,72,6pd Medium Gun,Cannon,221,Chagres,150,0.1,1,10000.0,False
2026-09-25,other,72,6pd Medium Gun,Cannon,270,Champotón,150,0.1,1,10000.0,False
2026-09-25,other,72,6pd Medium Gun,Cannon,138,Charles Town,150,0.1,1,10000.0,False
2026-09-25,other,72,6pd Medium Gun,Cannon,333,Charleston,150,0.1,1,9188.0,False
2026-09-25,other,72,6pd Medium Gun,Cannon,258,Chinchorro,150,0.1,1,10000.0,False
2026-09-25,other,72,6pd Medium Gun,Cannon,224,Chiriquí,150,0.1,1,10000.0,False
2026-09-25,other,72,6pd Medium Gun,Cannon,129,Christiansted,150,0.1,1,9845.0,False
2026-09-25,other,72,6pd Medium Gun,Cannon,61,Cochinos,150,0.1,1,10000.0,False
2026-09-25,other,72,6pd Medium Gun,Cannon,70,Cocodrilo,150,0.1,1,10000.0,False
2026-09-25,other,72,6pd Medium Gun,Cannon,134,Codrington,150,0.1,1,10000.0,False
2026-09-25,other,72,6pd Medium Gun,Cannon,206,Cojoro,150,0.1,1,10000.0,False
2026-09-25,other,72,6pd Medium Gun,Cannon,223,Concepción,150,0.1,1,10000.0,False
2026-09-25,other,72,6pd Medium Gun,Cannon,259,Congrios,150,0.1,1,9998.0,False
2026-09-25,other,72,6pd Medium Gun,Cannon,264,Conil,150,0.1,1,10000.0,False
2026-09-25,other,72,6pd Medium Gun,Cannon,292,Constance,150,0.1,1,10000.0,False
2026-09-25,other,72,6pd Medium Gun,Cannon,344,Conttoy,150,0.1,1,10000.0,False
2026-09-25,other,72,6pd Medium Gun,Cannon,207,Coquibacoa,150,0.1,1,10000.0,False
2026-09-25,other,72,6pd Medium Gun,Cannon,124,Coral Bay,150,0.1,1,10000.0,False
2026-09-25,other,72,6pd Medium Gun,Cannon,196,Coro,150,0.1,1,10018.0,False
2026-09-25,other,72,6pd Medium Gun,Cannon,66,Corrientes,150,0.1,1,10000.0,False
2026-09-25,other,72,6pd Medium Gun,Cannon,241,Croata,150,0.1,1,10000.0,False
2026-09-25,other,72,6pd Medium Gun,Cannon,361,Crown Haven,150,0.1,1,10000.0,False
2026-09-25,other,72,6pd Medium Gun,Cannon,372,Cul-de-Sac,150,0.1,1,10000.0,False
2026-09-25,other,72,6pd Medium Gun,Cannon,189,Cumaná,150,0.1,1,10000.0,False
2026-09-25,other,72,6pd Medium Gun,Cannon,69,Daguilla,150,0.1,1,10000.0,False
2026-09-25,other,72,6pd Medium Gun,Cannon,214,Dariena,150,0.1,1,10000.0,False
2026-09-25,other,72,6pd Medium Gun,Cannon,20,Deadman's Cay,150,0.1,1,10000.0,False
2026-09-25,other,72,6pd Medium Gun,Cannon,147,Deshaies,150,0.1,1,10000.0,False
2026-09-25,other,72,6pd Medium Gun,Cannon,265,El Cuyo,150,0.1,1,10000.0,False
2026-09-25,other,72,6pd Medium Gun,Cannon,286,El Rancho,150,0.1,1,10000.0,False
2026-09-25,other,72,6pd Medium Gun,Cannon,107,El Soco,150,0.1,1,10000.0,False
2026-09-25,other,72,6pd Medium Gun,Cannon,166,El Toco,150,0.1,1,10000.0,False
2026-09-25,other,72,6pd Medium Gun,Cannon,202,Encontrados,150,0.1,1,10000.0,False
2026-09-25,other,72,6pd Medium Gun,Cannon,141,English Harbour,150,0.1,1,10000.0,False
2026-09-25,other,72,6pd Medium Gun,Cannon,274,Espíritu Santo,150,0.1,1,10000.0,False
2026-09-25,other,72,6pd Medium Gun,Cannon,284,Esteros,150,0.1,1,10000.0,False
2026-09-25,other,72,6pd Medium Gun,Cannon,116,Fajardo,150,0.1,1,10000.0,False
2026-09-25,other,72,6pd Medium Gun,Cannon,354,Flatts,150,0.1,1,10000.0,False
2026-09-25,other,72,6pd Medium Gun,Cannon,135,Fort Baai,150,0.1,1,10000.0,False
2026-09-25,other,72,6pd Medium Gun,Cannon,173,Fort Oranje,150,0.1,1,10012.0,False
2026-09-25,other,72,6pd Medium Gun,Cannon,175,Fort Zoutman,150,0.1,1,10000.0,False
2026-09-25,other,72,6pd Medium Gun,Cannon,98,Fort-Dauphin,150,0.1,1,10000.0,False
2026-09-25,other,72,6pd Medium Gun,Cannon,156,Fort-Royal,150,0.1,1,9598.0,False
2026-09-25,other,72,6pd Medium Gun,Cannon,128,Frederiksted,150,0.1,1,10000.0,False
2026-09-25,other,72,6pd Medium Gun,Cannon,359,Frozen Cay,150,0.1,1,10000.0,False
2026-09-25,other,72,6pd Medium Gun,Cannon,183,Galdonas,150,0.1,1,10000.0,False
2026-09-25,other,72,6pd Medium Gun,Cannon,311,Gasparilla,150,0.1,1,9998.0,False
2026-09-25,other,72,6pd Medium Gun,Cannon,72,George Town,150,0.1,1,10000.0,False
2026-09-25,other,72,6pd Medium Gun,Cannon,18,George's Town,150,0.1,1,10000.0,False
2026-09-25,other,72,6pd Medium Gun,Cannon,334,Georgetown,150,0.1,1,10000.0,False
2026-09-25,other,72,6pd Medium Gun,Cannon,201,Gibraltar,150,0.1,1,10000.0,False
2026-09-25,other,72,6pd Medium Gun,Cannon,16,Governor's Harbour,150,0.1,1,10000.0,False
2026-09-25,other,72,6pd Medium Gun,Cannon,240,Gracias a Dios,150,0.1,1,10000.0,False
2026-09-25,other,72,6pd Medium Gun,Cannon,153,Grand Anse,150,0.1,1,10000.0,False
2026-09-25,other,72,6pd Medium Gun,Cannon,33,Grand Turk,150,0.1,1,10000.0,False
2026-09-25,other,72,6pd Medium Gun,Cannon,231,Great Corn,150,0.1,1,10000.0,False
2026-09-25,other,72,6pd Medium Gun,Cannon,233,Great River,150,0.1,1,10000.0,False
2026-09-25,other,72,6pd Medium Gun,Cannon,367,Green Cay,150,0.1,1,10000.0,False
2026-09-25,other,72,6pd Medium Gun,Cannon,229,Grindstone,150,0.1,1,10000.0,False
2026-09-25,other,72,6pd Medium Gun,Cannon,374,Guacata,150,0.1,1,10000.0,False
2026-09-25,other,72,6pd Medium Gun,Cannon,53,Guamá Sevilla,150,0.1,1,10000.0,False
2026-09-25,other,72,6pd Medium Gun,Cannon,179,Guayaguayare,150,0.1,1,10000.0,False
2026-09-25,other,72,6pd Medium Gun,Cannon,117,Guayama,150,0.1,1,10000.0,False
2026-09-25,other,72,6pd Medium Gun,Cannon,48,Guibara,150,0.1,1,10016.0,False
2026-09-25,other,72,6pd Medium Gun,Cannon,133,Gustavia,150,0.1,1,9458.0,False
2026-09-25,other,72,6pd Medium Gun,Cannon,119,Guánica,150,0.1,1,10000.0,False
2026-09-25,other,72,6pd Medium Gun,Cannon,182,Güiria,150,0.1,1,10000.0,False
2026-09-25,other,72,6pd Medium Gun,Cannon,15,Harbour Island,150,0.1,1,10000.0,False
2026-09-25,other,72,6pd Medium Gun,Cannon,130,Hat Island,150,0.1,1,10000.0,False
2026-09-25,other,72,6pd Medium Gun,Cannon,232,Haulover,150,0.1,1,10000.0,False
2026-09-25,other,72,6pd Medium Gun,Cannon,106,Higüey,150,0.1,1,10000.0,False
2026-09-25,other,72,6pd Medium Gun,Cannon,306,Hitten Hatcha,150,0.1,1,10000.0,False
2026-09-25,other,72,6pd Medium Gun,Cannon,316,Islamorada,150,0.1,1,9902.0,False
2026-09-25,other,72,6pd Medium Gun,Cannon,370,Island Harbour,150,0.1,1,10000.0,False
2026-09-25,other,72,6pd Medium Gun,Cannon,28,Islet,150,0.1,1,10000.0,False
2026-09-25,other,72,6pd Medium Gun,Cannon,83,Jacmel,150,0.1,1,10000.0,False
2026-09-25,other,72,6pd Medium Gun,Cannon,60,Jagua,150,0.1,1,10000.0,False
2026-09-25,other,72,6pd Medium Gun,Cannon,320,Jobe,150,0.1,1,10000.0,False
2026-09-25,other,72,6pd Medium Gun,Cannon,88,Jérémie,150,0.1,1,10086.0,False
2026-09-25,other,72,6pd Medium Gun,Cannon,13,Kemp's Bay,150,0.1,1,10000.0,False
2026-09-25,other,72,6pd Medium Gun,Cannon,313,Key West,150,0.1,1,10012.0,False
2026-09-25,other,72,6pd Medium Gun,Cannon,357,Kidd's Harbour,150,0.1,1,10000.0,False
2026-09-25,other,72,6pd Medium Gun,Cannon,79,Kingston / Port Royal,150,0.1,1,9083.0,False
2026-09-25,other,72,6pd Medium Gun,Cannon,162,Kingstown,150,0.1,1,10000.0,False
2026-09-25,other,72,6pd Medium Gun,Cannon,42,La Anguila,150,0.1,1,10000.0,False
2026-09-25,other,72,6pd Medium Gun,Cannon,287,La Bahía,150,0.1,1,10000.0,False
2026-09-25,other,72,6pd Medium Gun,Cannon,341,La Bermeja,150,0.1,1,10000.0,False
2026-09-25,other,72,6pd Medium Gun,Cannon,170,La Blanquilla,150,0.1,1,10000.0,False
2026-09-25,other,72,6pd Medium Gun,Cannon,363,La Desconocida,150,0.1,1,10000.0,False
2026-09-25,other,72,6pd Medium Gun,Cannon,139,La Désirade,150,0.1,1,10000.0,False
2026-09-25,other,72,6pd Medium Gun,Cannon,45,La Guanaja,150,0.1,1,10000.0,False
2026-09-25,other,72,6pd Medium Gun,Cannon,38,La Habana,150,0.1,1,9576.0,False
2026-09-25,other,72,6pd Medium Gun,Cannon,100,La Isabela,150,0.1,1,9976.0,False
2026-09-25,other,72,6pd Medium Gun,Cannon,112,La Mona,150,0.1,1,9996.0,False
2026-09-25,other,72,6pd Medium Gun,Cannon,373,La Moussette,150,0.1,1,10000.0,False
2026-09-25,other,72,6pd Medium Gun,Cannon,85,La Navasse,150,0.1,1,9984.0,False
2026-09-25,other,72,6pd Medium Gun,Cannon,171,La Orchilla,150,0.1,1,10000.0,False
2026-09-25,other,72,6pd Medium Gun,Cannon,96,La Tortue,150,0.1,1,9960.0,False
2026-09-25,other,72,6pd Medium Gun,Cannon,187,La Tortuga,150,0.1,1,10000.0,False
2026-09-25,other,72,6pd Medium Gun,Cannon,154,La Trinité,150,0.1,1,10000.0,False
2026-09-25,other,72,6pd Medium Gun,Cannon,199,Lagunillas,150,0.1,1,10000.0,False
2026-09-25,other,72,6pd Medium Gun,Cannon,172,Las Aves,150,0.1,1,10000.0,False
2026-09-25,other,72,6pd Medium Gun,Cannon,307,Las Sabinas,150,0.1,1,10000.0,False
2026-09-25,other,72,6pd Medium Gun,Cannon,314,Las Tortugas,150,0.1,1,10000.0,False
2026-09-25,other,72,6pd Medium Gun,Cannon,143,Le Moule,150,0.1,1,10000.0,False
2026-09-25,other,72,6pd Medium Gun,Cannon,86,Les Cayes,150,0.1,1,10004.0,False
2026-09-25,other,72,6pd Medium Gun,Cannon,93,Les Gonaïves,150,0.1,1,10000.0,False
2026-09-25,other,72,6pd Medium Gun,Cannon,73,Little Cayman,150,0.1,1,10000.0,False
2026-09-25,other,72,6pd Medium Gun,Cannon,8,Little Harbour,150,0.1,1,10000.0,False
2026-09-25,other,72,6pd Medium Gun,Cannon,29,Little Inagua,150,0.1,1,10000.0,False
2026-09-25,other,72,6pd Medium Gun,Cannon,362,Little Isaac Rocks,150,0.1,1,10000.0,False
2026-09-25,other,72,6pd Medium Gun,Cannon,381,Little River,150,0.1,1,10000.0,False
2026-09-25,other,72,6pd Medium Gun,Cannon,31,Lorimers,150,0.1,1,10000.0,False
2026-09-25,other,72,6pd Medium Gun,Cannon,90,Léogane,150,0.1,1,10000.0,False
2026-09-25,other,72,6pd Medium Gun,Cannon,186,Macanao,150,0.1,1,10000.0,False
2026-09-25,other,72,6pd Medium Gun,Cannon,105,Macao,150,0.1,1,10000.0,False
2026-09-25,other,72,6pd Medium Gun,Cannon,312,Manataca,150,0.1,1,10000.0,False
2026-09-25,other,72,6pd Medium Gun,Cannon,219,Mandinga,150,0.1,1,10000.0,False
2026-09-25,other,72,6pd Medium Gun,Cannon,358,Mangrove Cay,150,0.1,1,10000.0,False
2026-09-25,other,72,6pd Medium Gun,Cannon,34,Mantua,150,0.1,1,9980.0,False
2026-09-25,other,72,6pd Medium Gun,Cannon,55,Manzanillo,150,0.1,1,10000.0,False
2026-09-25,other,72,6pd Medium Gun,Cannon,204,Maracaibo,150,0.1,1,10000.0,False
2026-09-25,other,72,6pd Medium Gun,Cannon,37,Mariel,150,0.1,1,9968.0,False
2026-09-25,other,72,6pd Medium Gun,Cannon,131,Marigot,150,0.1,1,10000.0,False
2026-09-25,other,72,6pd Medium Gun,Cannon,155,Marin,150,0.1,1,10000.0,False
2026-09-25,other,72,6pd Medium Gun,Cannon,9,Marsh Harbour,150,0.1,1,9998.0,False
2026-09-25,other,72,6pd Medium Gun,Cannon,39,Matanzas,150,0.1,1,10000.0,False
2026-09-25,other,72,6pd Medium Gun,Cannon,227,Matina,150,0.1,1,10000.0,False
2026-09-25,other,72,6pd Medium Gun,Cannon,26,Mayaguana,150,0.1,1,10000.0,False
2026-09-25,other,72,6pd Medium Gun,Cannon,11,Mimbres,150,0.1,1,10000.0,False
2026-09-25,other,72,6pd Medium Gun,Cannon,347,Misteriosa,150,0.1,1,10000.0,False
2026-09-25,other,72,6pd Medium Gun,Cannon,197,Mitara,150,0.1,1,10000.0,False
2026-09-25,other,72,6pd Medium Gun,Cannon,300,Mobile,150,0.1,1,10000.0,False
2026-09-25,other,72,6pd Medium Gun,Cannon,99,Montecristi,150,0.1,1,9996.0,False
2026-09-25,other,72,6pd Medium Gun,Cannon,75,Montego Bay,150,0.1,1,10000.0,False
2026-09-25,other,72,6pd Medium Gun,Cannon,12,Morgan's Bluff,150,0.1,1,10000.0,False
2026-09-25,other,72,6pd Medium Gun,Cannon,248,Morro Chico,150,0.1,1,10000.0,False
2026-09-25,other,72,6pd Medium Gun,Cannon,27,Mortimer Town,150,0.1,1,9308.0,False
2026-09-25,other,72,6pd Medium Gun,Cannon,238,Mosquito Cay,150,0.1,1,10000.0,False
2026-09-25,other,72,6pd Medium Gun,Cannon,345,Mugeres,150,0.1,1,10000.0,False
2026-09-25,other,72,6pd Medium Gun,Cannon,168,Naparima,150,0.1,1,10000.0,False
2026-09-25,other,72,6pd Medium Gun,Cannon,14,Nassau,150,0.1,1,9962.0,False
2026-09-25,other,72,6pd Medium Gun,Cannon,217,New Edinburgh,150,0.1,1,10000.0,False
2026-09-25,other,72,6pd Medium Gun,Cannon,324,New Smyrna,150,0.1,1,10000.0,False
2026-09-25,other,72,6pd Medium Gun,Cannon,89,Nippes,150,0.1,1,10000.0,False
2026-09-25,other,72,6pd Medium Gun,Cannon,356,North Inlet,150,0.1,1,10000.0,False
2026-09-25,other,72,6pd Medium Gun,Cannon,297,Nouvelle-Orléans,150,0.1,1,10000.0,False
2026-09-25,other,72,6pd Medium Gun,Cannon,190,Nueva Barcelona,150,0.1,1,10000.0,False
2026-09-25,other,72,6pd Medium Gun,Cannon,46,Nuevitas,150,0.1,1,10000.0,False
2026-09-25,other,72,6pd Medium Gun,Cannon,368,Ocean Bight,150,0.1,1,10006.0,False
2026-09-25,other,72,6pd Medium Gun,Cannon,235,Old Providence,150,0.1,1,10016.0,False
2026-09-25,other,72,6pd Medium Gun,Cannon,250,Omoa,150,0.1,1,10000.0,False
2026-09-25,other,72,6pd Medium Gun,Cannon,136,Oranjestad,150,0.1,1,10000.0,False
2026-09-25,other,72,6pd Medium Gun,Cannon,185,Pampatar,150,0.1,1,10000.0,False
2026-09-25,other,72,6pd Medium Gun,Cannon,30,Parrot Cay,150,0.1,1,10000.0,False
2026-09-25,other,72,6pd Medium Gun,Cannon,122,Pasaje,150,0.1,1,10000.0,False
2026-09-25,other,72,6pd Medium Gun,Cannon,180,Pedernales,150,0.1,1,10000.0,False
2026-09-25,other,72,6pd Medium Gun,Cannon,352,Pedro Cay,150,0.1,1,9998.0,False
2026-09-25,other,72,6pd Medium Gun,Cannon,301,Penzacola,150,0.1,1,10000.0,False
2026-09-25,other,72,6pd Medium Gun,Cannon,203,Perijá,150,0.1,1,10000.0,False
2026-09-25,other,72,6pd Medium Gun,Cannon,132,Philipsburg,150,0.1,1,10000.0,False
2026-09-25,other,72,6pd Medium Gun,Cannon,65,Pinar del Río,150,0.1,1,10000.0,False
2026-09-25,other,72,6pd Medium Gun,Cannon,23,Pitt's Town,150,0.1,1,9976.0,False
2026-09-25,other,72,6pd Medium Gun,Cannon,252,Placentia,150,0.1,1,10000.0,False
2026-09-25,other,72,6pd Medium Gun,Cannon,346,Placer,150,0.1,1,9988.0,False
2026-09-25,other,72,6pd Medium Gun,Cannon,218,Playón,150,0.1,1,10000.0,False
2026-09-25,other,72,6pd Medium Gun,Cannon,369,Plymouth,150,0.1,1,10000.0,False
2026-09-25,other,72,6pd Medium Gun,Cannon,145,Pointe-à-Pitre,150,0.1,1,10000.0,False
2026-09-25,other,72,6pd Medium Gun,Cannon,118,Ponce,150,0.1,1,10000.0,False
2026-09-25,other,72,6pd Medium Gun,Cannon,77,Port Antonio,150,0.1,1,10000.0,False
2026-09-25,other,72,6pd Medium Gun,Cannon,19,Port Howe,150,0.1,1,10032.0,False
2026-09-25,other,72,6pd Medium Gun,Cannon,78,Port Morant,150,0.1,1,10000.0,False
2026-09-25,other,72,6pd Medium Gun,Cannon,91,Port-au-Prince,150,0.1,1,10000.0,False
2026-09-25,other,72,6pd Medium Gun,Cannon,95,Port-de-Paix,150,0.1,1,10000.0,False
2026-09-25,other,72,6pd Medium Gun,Cannon,142,Port-Louis,150,0.1,1,10000.0,False
2026-09-25,other,72,6pd Medium Gun,Cannon,54,Portillo,150,0.1,1,10000.0,False
2026-09-25,other,72,6pd Medium Gun,Cannon,220,Portobelo,150,0.1,1,10000.0,False
2026-09-25,other,72,6pd Medium Gun,Cannon,234,Prinzapolka,150,0.1,1,10000.0,False
2026-09-25,other,72,6pd Medium Gun,Cannon,194,Puerto Cabello,150,0.1,1,10000.0,False
2026-09-25,other,72,6pd Medium Gun,Cannon,169,Puerto de España,150,0.1,1,10016.0,False
2026-09-25,other,72,6pd Medium Gun,Cannon,49,Puerto de Nipe,150,0.1,1,10000.0,False
2026-09-25,other,72,6pd Medium Gun,Cannon,47,Puerto del Padre,150,0.1,1,10032.0,False
2026-09-25,other,72,6pd Medium Gun,Cannon,51,Puerto Escondido,150,0.1,1,10000.0,False
2026-09-25,other,72,6pd Medium Gun,Cannon,101,Puerto Plata,150,0.1,1,10000.0,False
2026-09-25,other,72,6pd Medium Gun,Cannon,271,Puerto Real,150,0.1,1,10000.0,False
2026-09-25,other,72,6pd Medium Gun,Cannon,191,Píritu,150,0.1,1,10000.0,False
2026-09-25,other,72,6pd Medium Gun,Cannon,21,Ragged Cay,150,0.1,1,10018.0,False
2026-09-25,other,72,6pd Medium Gun,Cannon,43,Remedios,150,0.1,1,10000.0,False
2026-09-25,other,72,6pd Medium Gun,Cannon,102,Rincón,150,0.1,1,10000.0,False
2026-09-25,other,72,6pd Medium Gun,Cannon,5,Road Rocks,150,0.1,1,10000.0,False
2026-09-25,other,72,6pd Medium Gun,Cannon,125,Road Town,150,0.1,1,10000.0,False
2026-09-25,other,72,6pd Medium Gun,Cannon,64,Robras,150,0.1,1,10000.0,False
2026-09-25,other,72,6pd Medium Gun,Cannon,151,Rosaly,150,0.1,1,10000.0,False
2026-09-25,other,72,6pd Medium Gun,Cannon,152,Roseau,150,0.1,1,9986.0,False
2026-09-25,other,72,6pd Medium Gun,Cannon,246,Ruatan,150,0.1,1,10000.0,False
2026-09-25,other,72,6pd Medium Gun,Cannon,377,Rum Cove,150,0.1,1,10000.0,False
2026-09-25,other,72,6pd Medium Gun,Cannon,192,Río Chico,150,0.1,1,10000.0,False
2026-09-25,other,72,6pd Medium Gun,Cannon,209,Río de la Hacha,150,0.1,1,10000.0,False
2026-09-25,other,72,6pd Medium Gun,Cannon,319,Río Seco,150,0.1,1,10000.0,False
2026-09-25,other,72,6pd Medium Gun,Cannon,195,Río Tocuyo,150,0.1,1,9990.0,False
2026-09-25,other,72,6pd Medium Gun,Cannon,290,Sabina,150,0.1,1,10000.0,False
2026-09-25,other,72,6pd Medium Gun,Cannon,76,Saint Ann,150,0.1,1,10000.0,False
2026-09-25,other,72,6pd Medium Gun,Cannon,164,Saint George,150,0.1,1,10000.0,False
2026-09-25,other,72,6pd Medium Gun,Cannon,355,Saint George's Town,150,0.1,1,10000.0,False
2026-09-25,other,72,6pd Medium Gun,Cannon,140,Saint John's,150,0.1,1,10000.0,False
2026-09-25,other,72,6pd Medium Gun,Cannon,160,Saint Joseph,150,0.1,1,10000.0,False
2026-09-25,other,72,6pd Medium Gun,Cannon,330,Saint Marys,150,0.1,1,10000.0,False
2026-09-25,other,72,6pd Medium Gun,Cannon,144,Saint-François,150,0.1,1,10000.0,False
2026-09-25,other,72,6pd Medium Gun,Cannon,84,Saint-Louis,150,0.1,1,10000.0,False
2026-09-25,other,72,6pd Medium Gun,Cannon,296,Saint-Malo,150,0.1,1,10000.0,False
2026-09-25,other,72,6pd Medium Gun,Cannon,92,Saint-Marc,150,0.1,1,10000.0,False
2026-09-25,other,72,6pd Medium Gun,Cannon,94,Saint-Nicolas,150,0.1,1,10000.0,False
2026-09-25,other,72,6pd Medium Gun,Cannon,157,Saint-Pierre,150,0.1,1,10000.0,False
2026-09-25,other,72,6pd Medium Gun,Cannon,256,Salamanca,150,0.1,1,10000.0,False
2026-09-25,other,72,6pd Medium Gun,Cannon,82,Sale-Trou,150,0.1,1,10000.0,False
2026-09-25,other,72,6pd Medium Gun,Cannon,25,Salina Point,150,0.1,1,10000.0,False
2026-09-25,other,72,6pd Medium Gun,Cannon,379,Salinas,150,0.1,1,10000.0,False
2026-09-25,other,72,6pd Medium Gun,Cannon,104,Samaná,150,0.1,1,10000.0,False
2026-09-25,other,72,6pd Medium Gun,Cannon,326,San Agustín,150,0.1,1,10048.0,False
2026-09-25,other,72,6pd Medium Gun,Cannon,236,San Andrés,150,0.1,1,10000.0,False
2026-09-25,other,72,6pd Medium Gun,Cannon,283,San Fernando,150,0.1,1,10000.0,False
2026-09-25,other,72,6pd Medium Gun,Cannon,303,San José,150,0.1,1,10000.0,False
2026-09-25,other,72,6pd Medium Gun,Cannon,115,San Juan,150,0.1,1,10000.0,False
2026-09-25,other,72,6pd Medium Gun,Cannon,228,San Juan del Norte,150,0.1,1,10000.0,False
2026-09-25,other,72,6pd Medium Gun,Cannon,62,San Lazaro,150,0.1,1,10000.0,False
2026-09-25,other,72,6pd Medium Gun,Cannon,288,San Luis,150,0.1,1,10000.0,False
2026-09-25,other,72,6pd Medium Gun,Cannon,305,San Marcos,150,0.1,1,10000.0,False
2026-09-25,other,72,6pd Medium Gun,Cannon,327,San Mateo,150,0.1,1,10000.0,False
2026-09-25,other,72,6pd Medium Gun,Cannon,322,San Sebastian,150,0.1,1,10000.0,False
2026-09-25,other,72,6pd Medium Gun,Cannon,200,San Timoteo,150,0.1,1,10000.0,False
2026-09-25,other,72,6pd Medium Gun,Cannon,58,Sancti Spíritus,150,0.1,1,10000.0,False
2026-09-25,other,72,6pd Medium Gun,Cannon,239,Sandy Bay,150,0.1,1,10000.0,False
2026-09-25,other,72,6pd Medium Gun,Cannon,371,Sandy Hill,150,0.1,1,10000.0,False
2026-09-25,other,72,6pd Medium Gun,Cannon,7,Sandy Point,150,0.1,1,10000.0,False
2026-09-25,other,72,6pd Medium Gun,Cannon,272,Santa Ana,150,0.1,1,10000.0,False
2026-09-25,other,72,6pd Medium Gun,Cannon,56,Santa Cruz,150,0.1,1,10000.0,False
2026-09-25,other,72,6pd Medium Gun,Cannon,68,Santa Fe,150,0.1,1,10000.0,False
2026-09-25,other,72,6pd Medium Gun,Cannon,210,Santa Marta,150,0.1,1,10000.0,False
2026-09-25,other,72,6pd Medium Gun,Cannon,57,Santa María,150,0.1,1,10000.0,False
2026-09-25,other,72,6pd Medium Gun,Cannon,302,Santa Rosa,150,0.1,1,10000.0,False
2026-09-25,other,72,6pd Medium Gun,Cannon,348,Santanillas,150,0.1,1,10000.0,False
2026-09-25,other,72,6pd Medium Gun,Cannon,52,Santiago de Cuba,150,0.1,1,10000.0,False
2026-09-25,other,72,6pd Medium Gun,Cannon,108,Santo Domingo,150,0.1,1,10000.0,False
2026-09-25,other,72,6pd Medium Gun,Cannon,251,Santo Tomás,150,0.1,1,10000.0,False
2026-09-25,other,72,6pd Medium Gun,Cannon,176,Santo Tomé de Guayana,150,0.1,1,10000.0,False
2026-09-25,other,72,6pd Medium Gun,Cannon,310,Sarazota,150,0.1,1,10000.0,False
2026-09-25,other,72,6pd Medium Gun,Cannon,81,Savanna la Mar,150,0.1,1,10000.0,False
2026-09-25,other,72,6pd Medium Gun,Cannon,331,Savannah,150,0.1,1,10000.0,False
2026-09-25,other,72,6pd Medium Gun,Cannon,165,Scarborough,150,0.1,1,10000.0,False
2026-09-25,other,72,6pd Medium Gun,Cannon,266,Selam,150,0.1,1,10000.0,False
2026-09-25,other,72,6pd Medium Gun,Cannon,349,Serrana,150,0.1,1,10000.0,False
2026-09-25,other,72,6pd Medium Gun,Cannon,366,Shroud Cay,150,0.1,1,9636.0,False
2026-09-25,other,72,6pd Medium Gun,Cannon,71,Siguanea,150,0.1,1,10000.0,False
2026-09-25,other,72,6pd Medium Gun,Cannon,205,Sinamaica,150,0.1,1,10000.0,False
2026-09-25,other,72,6pd Medium Gun,Cannon,268,Sisal,150,0.1,1,10000.0,False
2026-09-25,other,72,6pd Medium Gun,Cannon,353,Somerset,150,0.1,1,10000.0,False
2026-09-25,other,72,6pd Medium Gun,Cannon,282,Soto La Marina,150,0.1,1,10000.0,False
2026-09-25,other,72,6pd Medium Gun,Cannon,127,Spanish Town,150,0.1,1,10000.0,False
2026-09-25,other,72,6pd Medium Gun,Cannon,328,Sunbury,150,0.1,1,9994.0,False
2026-09-25,other,72,6pd Medium Gun,Cannon,336,Swannsborough,150,0.1,1,10000.0,False
2026-09-25,other,72,6pd Medium Gun,Cannon,226,Talamanca,150,0.1,1,10000.0,False
2026-09-25,other,72,6pd Medium Gun,Cannon,281,Tamiagua,150,0.1,1,10000.0,False
2026-09-25,other,72,6pd Medium Gun,Cannon,309,Tampa,150,0.1,1,10000.0,False
2026-09-25,other,72,6pd Medium Gun,Cannon,280,Tampico,150,0.1,1,10000.0,False
2026-09-25,other,72,6pd Medium Gun,Cannon,263,Tantun Cuzamil,150,0.1,1,10000.0,False
2026-09-25,other,72,6pd Medium Gun,Cannon,148,Terre-de-Bas,150,0.1,1,10000.0,False
2026-09-25,other,72,6pd Medium Gun,Cannon,295,Terrebonne,150,0.1,1,10000.0,False
2026-09-25,other,72,6pd Medium Gun,Cannon,126,The Settlement,150,0.1,1,10000.0,False
2026-09-25,other,72,6pd Medium Gun,Cannon,87,Tiburon,150,0.1,1,10016.0,False
2026-09-25,other,72,6pd Medium Gun,Cannon,213,Tolú,150,0.1,1,10000.0,False
2026-09-25,other,72,6pd Medium Gun,Cannon,380,Tordo,150,0.1,1,10000.0,False
2026-09-25,other,72,6pd Medium Gun,Cannon,338,Triangulo,150,0.1,1,10000.0,False
2026-09-25,other,72,6pd Medium Gun,Cannon,59,Trinidad,150,0.1,1,10000.0,False
2026-09-25,other,72,6pd Medium Gun,Cannon,249,Triunfo de la Cruz,150,0.1,1,10000.0,False
2026-09-25,other,72,6pd Medium Gun,Cannon,244,Truxillo,150,0.1,1,10000.0,False
2026-09-25,other,72,6pd Medium Gun,Cannon,261,Tulum,150,0.1,1,10000.0,False
2026-09-25,other,72,6pd Medium Gun,Cannon,343,Tumbado,150,0.1,1,9998.0,False
2026-09-25,other,72,6pd Medium Gun,Cannon,254,Turneffe,150,0.1,1,10000.0,False
2026-09-25,other,72,6pd Medium Gun,Cannon,6,Turtle Cay,150,0.1,1,10000.0,False
2026-09-25,other,72,6pd Medium Gun,Cannon,279,Tuspan,150,0.1,1,10000.0,False
2026-09-25,other,72,6pd Medium Gun,Cannon,276,Vera Cruz,150,0.1,1,10020.0,False
2026-09-25,other,72,6pd Medium Gun,Cannon,293,Vermiou,150,0.1,1,9978.0,False
2026-09-25,other,72,6pd Medium Gun,Cannon,273,Victoria,150,0.1,1,10000.0,False
2026-09-25,other,72,6pd Medium Gun,Cannon,121,Vieques,150,0.1,1,10028.0,False
2026-09-25,other,72,6pd Medium Gun,Cannon,159,Vieux-Fort,150,0.1,1,10000.0,False
2026-09-25,other,72,6pd Medium Gun,Cannon,3,Walker's Cay,150,0.1,1,10000.0,False
2026-09-25,other,72,6pd Medium Gun,Cannon,376,Wantlands Ferry,150,0.1,1,10000.0,False
2026-09-25,other,72,6pd Medium Gun,Cannon,360,Water Bay,150,0.1,1,10000.0,False
2026-09-25,other,72,6pd Medium Gun,Cannon,22,Watlings,150,0.1,1,10000.0,False
2026-09-25,other,72,6pd Medium Gun,Cannon,4,West End,150,0.1,1,9976.0,False
2026-09-25,other,72,6pd Medium Gun,Cannon,174,Willemstad,150,0.1,1,9762.0,False
2026-09-25,other,72,6pd Medium Gun,Cannon,364,William's Bay,150,0.1,1,10000.0,False
2026-09-25,other,72,6pd Medium Gun,Cannon,335,Wilmington,150,0.1,1,10000.0,False
2026-09-25,other,72,6pd Medium Gun,Cannon,262,Xpu Ha,150,0.1,1,10000.0,False
2026-09-25,other,72,6pd Medium Gun,Cannon,181,Yaguaraparo,150,0.1,1,10000.0,False
2026-09-25,other,72,6pd Medium Gun,Cannon,267,Ysil,150,0.1,1,10000.0,False
2026-09-25,other,72,6pd Medium Gun,Cannon,247,Útila,150,0.1,1,10000.0,False
2026-09-25,other,73,9pd Medium Gun,Cannon,113,Aguadilla,225,0.1,1,10000.0,False
2026-09-25,other,73,9pd Medium Gun,Cannon,289,Ahumada,225,0.1,1,10000.0,False
2026-09-25,other,73,9pd Medium Gun,Cannon,365,Alabaster Rocks,225,0.1,1,10000.0,False
2026-09-25,other,73,9pd Medium Gun,Cannon,342,Alacranes,225,0.1,1,10000.0,False
2026-09-25,other,73,9pd Medium Gun,Cannon,375,All Saints,225,0.1,1,10000.0,False
2026-09-25,other,73,9pd Medium Gun,Cannon,278,Almeria,225,0.1,1,10000.0,False
2026-09-25,other,73,9pd Medium Gun,Cannon,225,Almirante,225,0.1,1,10000.0,False
2026-09-25,other,73,9pd Medium Gun,Cannon,275,Alvarado,225,0.1,1,10000.0,False
2026-09-25,other,73,9pd Medium Gun,Cannon,123,Amalienborg,225,0.1,1,10000.0,False
2026-09-25,other,73,9pd Medium Gun,Cannon,255,Ambergrease Cay,225,0.1,1,10030.0,False
2026-09-25,other,73,9pd Medium Gun,Cannon,304,Apalachicola,225,0.1,1,10000.0,False
2026-09-25,other,73,9pd Medium Gun,Cannon,285,Aransas,225,0.1,1,10000.0,False
2026-09-25,other,73,9pd Medium Gun,Cannon,337,Arcas,225,0.1,1,10000.0,False
2026-09-25,other,73,9pd Medium Gun,Cannon,114,Arecibo,225,0.1,1,10000.0,False
2026-09-25,other,73,9pd Medium Gun,Cannon,340,Arenas,225,0.1,1,10000.0,False
2026-09-25,other,73,9pd Medium Gun,Cannon,17,Arthur's Town,225,0.1,1,10000.0,False
2026-09-25,other,73,9pd Medium Gun,Cannon,260,Asunción,225,0.1,1,10000.0,False
2026-09-25,other,73,9pd Medium Gun,Cannon,294,Atchafalaya,225,0.1,1,10000.0,False
2026-09-25,other,73,9pd Medium Gun,Cannon,24,Atwoods,225,0.1,1,10000.0,False
2026-09-25,other,73,9pd Medium Gun,Cannon,150,Aves,225,0.1,1,9980.0,False
2026-09-25,other,73,9pd Medium Gun,Cannon,325,Ayamonte,225,0.1,1,10000.0,False
2026-09-25,other,73,9pd Medium Gun,Cannon,321,Ays,225,0.1,1,10000.0,False
2026-09-25,other,73,9pd Medium Gun,Cannon,110,Azua,225,0.1,1,10000.0,False
2026-09-25,other,73,9pd Medium Gun,Cannon,103,Bahía Escocesa,225,0.1,1,10000.0,False
2026-09-25,other,73,9pd Medium Gun,Cannon,36,Bahía Honda,225,0.1,1,10000.0,False
2026-09-25,other,73,9pd Medium Gun,Cannon,35,Baja,225,0.1,1,10000.0,False
2026-09-25,other,73,9pd Medium Gun,Cannon,109,Baní,225,0.1,1,10000.0,False
2026-09-25,other,73,9pd Medium Gun,Cannon,50,Baracoa,225,0.1,1,10018.0,False
2026-09-25,other,73,9pd Medium Gun,Cannon,111,Barahona,225,0.1,1,10000.0,False
2026-09-25,other,73,9pd Medium Gun,Cannon,298,Barataria,225,0.1,1,10000.0,False
2026-09-25,other,73,9pd Medium Gun,Cannon,67,Barcos,225,0.1,1,10000.0,False
2026-09-25,other,73,9pd Medium Gun,Cannon,211,Barranquilla,225,0.1,1,10000.0,False
2026-09-25,other,73,9pd Medium Gun,Cannon,146,Basse-Terre,225,0.1,1,10042.0,False
2026-09-25,other,73,9pd Medium Gun,Cannon,137,Basseterre Town,225,0.1,1,10000.0,False
2026-09-25,other,73,9pd Medium Gun,Cannon,63,Batabanó,225,0.1,1,10000.0,False
2026-09-25,other,73,9pd Medium Gun,Cannon,339,Baxo Nuevo,225,0.1,1,10000.0,False
2026-09-25,other,73,9pd Medium Gun,Cannon,332,Beaufort,225,0.1,1,9980.0,False
2026-09-25,other,73,9pd Medium Gun,Cannon,253,Belize,225,0.1,1,9804.0,False
2026-09-25,other,73,9pd Medium Gun,Cannon,257,Bensalem,225,0.1,1,10000.0,False
2026-09-25,other,73,9pd Medium Gun,Cannon,277,Bernal,225,0.1,1,10000.0,False
2026-09-25,other,73,9pd Medium Gun,Cannon,299,Biloxi,225,0.1,1,10000.0,False
2026-09-25,other,73,9pd Medium Gun,Cannon,10,Bimini,225,0.1,1,10000.0,False
2026-09-25,other,73,9pd Medium Gun,Cannon,243,Black River,225,0.1,1,10000.0,False
2026-09-25,other,73,9pd Medium Gun,Cannon,32,Blondel Cay,225,0.1,1,9976.0,False
2026-09-25,other,73,9pd Medium Gun,Cannon,230,Bluefields,225,0.1,1,10000.0,False
2026-09-25,other,73,9pd Medium Gun,Cannon,245,Bonacca,225,0.1,1,10000.0,False
2026-09-25,other,73,9pd Medium Gun,Cannon,350,Bone Cay,225,0.1,1,10004.0,False
2026-09-25,other,73,9pd Medium Gun,Cannon,237,Brangman's Bluff,225,0.1,1,10000.0,False
2026-09-25,other,73,9pd Medium Gun,Cannon,242,Brewers,225,0.1,1,10000.0,False
2026-09-25,other,73,9pd Medium Gun,Cannon,161,Bridgetown,225,0.1,1,10000.0,False
2026-09-25,other,73,9pd Medium Gun,Cannon,329,Brunswick,225,0.1,1,10000.0,False
2026-09-25,other,73,9pd Medium Gun,Cannon,215,Buena Vista,225,0.1,1,10020.0,False
2026-09-25,other,73,9pd Medium Gun,Cannon,351,Bugle Cay,225,0.1,1,10000.0,False
2026-09-25,other,73,9pd Medium Gun,Cannon,318,Cabo Cañaveral,225,0.1,1,10000.0,False
2026-09-25,other,73,9pd Medium Gun,Cannon,208,Cabo de la Vela,225,0.1,1,10000.0,False
2026-09-25,other,73,9pd Medium Gun,Cannon,120,Cabo Rojo,225,0.1,1,10000.0,False
2026-09-25,other,73,9pd Medium Gun,Cannon,291,Calcasieu,225,0.1,1,10000.0,False
2026-09-25,other,73,9pd Medium Gun,Cannon,222,Calobelo,225,0.1,1,10000.0,False
2026-09-25,other,73,9pd Medium Gun,Cannon,149,Camp du Roy,225,0.1,1,10000.0,False
2026-09-25,other,73,9pd Medium Gun,Cannon,269,Campeche,225,0.1,1,9926.0,False
2026-09-25,other,73,9pd Medium Gun,Cannon,216,Canalete,225,0.1,1,10000.0,False
2026-09-25,other,73,9pd Medium Gun,Cannon,97,Cap-Français,225,0.1,1,10000.0,False
2026-09-25,other,73,9pd Medium Gun,Cannon,193,Caracas,225,0.1,1,9934.0,False
2026-09-25,other,73,9pd Medium Gun,Cannon,40,Carahatas,225,0.1,1,10000.0,False
2026-09-25,other,73,9pd Medium Gun,Cannon,188,Cariaco,225,0.1,1,10000.0,False
2026-09-25,other,73,9pd Medium Gun,Cannon,80,Carlisle,225,0.1,1,9952.0,False
2026-09-25,other,73,9pd Medium Gun,Cannon,163,Carriacou,225,0.1,1,9976.0,False
2026-09-25,other,73,9pd Medium Gun,Cannon,212,Cartagena de Indias,225,0.1,1,10000.0,False
2026-09-25,other,73,9pd Medium Gun,Cannon,184,Carúpano,225,0.1,1,10000.0,False
2026-09-25,other,73,9pd Medium Gun,Cannon,198,Casigua,225,0.1,1,10000.0,False
2026-09-25,other,73,9pd Medium Gun,Cannon,158,Castries,225,0.1,1,10000.0,False
2026-09-25,other,73,9pd Medium Gun,Cannon,74,Cayman Brac,225,0.1,1,10000.0,False
2026-09-25,other,73,9pd Medium Gun,Cannon,323,Cayo Biscayno,225,0.1,1,10000.0,False
2026-09-25,other,73,9pd Medium Gun,Cannon,41,Cayo de Sal,225,0.1,1,10000.0,False
2026-09-25,other,73,9pd Medium Gun,Cannon,308,Cayo del Anclote,225,0.1,1,9980.0,False
2026-09-25,other,73,9pd Medium Gun,Cannon,317,Cayo Largo,225,0.1,1,10000.0,False
2026-09-25,other,73,9pd Medium Gun,Cannon,44,Cayo Romano,225,0.1,1,9974.0,False
2026-09-25,other,73,9pd Medium Gun,Cannon,315,Cayo Vacas,225,0.1,1,10000.0,False
2026-09-25,other,73,9pd Medium Gun,Cannon,178,Caño Araguabisi,225,0.1,1,10000.0,False
2026-09-25,other,73,9pd Medium Gun,Cannon,177,Caño Araguao,225,0.1,1,10000.0,False
2026-09-25,other,73,9pd Medium Gun,Cannon,167,Caño Macareo,225,0.1,1,10000.0,False
2026-09-25,other,73,9pd Medium Gun,Cannon,221,Chagres,225,0.1,1,10000.0,False
2026-09-25,other,73,9pd Medium Gun,Cannon,270,Champotón,225,0.1,1,10000.0,False
2026-09-25,other,73,9pd Medium Gun,Cannon,138,Charles Town,225,0.1,1,10000.0,False
2026-09-25,other,73,9pd Medium Gun,Cannon,333,Charleston,225,0.1,1,8800.0,False
2026-09-25,other,73,9pd Medium Gun,Cannon,258,Chinchorro,225,0.1,1,10000.0,False
2026-09-25,other,73,9pd Medium Gun,Cannon,224,Chiriquí,225,0.1,1,10000.0,False
2026-09-25,other,73,9pd Medium Gun,Cannon,129,Christiansted,225,0.1,1,9704.0,False
2026-09-25,other,73,9pd Medium Gun,Cannon,61,Cochinos,225,0.1,1,10000.0,False
2026-09-25,other,73,9pd Medium Gun,Cannon,70,Cocodrilo,225,0.1,1,10000.0,False
2026-09-25,other,73,9pd Medium Gun,Cannon,134,Codrington,225,0.1,1,9996.0,False
2026-09-25,other,73,9pd Medium Gun,Cannon,206,Cojoro,225,0.1,1,10000.0,False
2026-09-25,other,73,9pd Medium Gun,Cannon,223,Concepción,225,0.1,1,10000.0,False
2026-09-25,other,73,9pd Medium Gun,Cannon,259,Congrios,225,0.1,1,9930.0,False
2026-09-25,other,73,9pd Medium Gun,Cannon,264,Conil,225,0.1,1,10000.0,False
2026-09-25,other,73,9pd Medium Gun,Cannon,292,Constance,225,0.1,1,10000.0,False
2026-09-25,other,73,9pd Medium Gun,Cannon,344,Conttoy,225,0.1,1,10000.0,False
2026-09-25,other,73,9pd Medium Gun,Cannon,207,Coquibacoa,225,0.1,1,10000.0,False
2026-09-25,other,73,9pd Medium Gun,Cannon,124,Coral Bay,225,0.1,1,10000.0,False
2026-09-25,other,73,9pd Medium Gun,Cannon,196,Coro,225,0.1,1,10000.0,False
2026-09-25,other,73,9pd Medium Gun,Cannon,66,Corrientes,225,0.1,1,10000.0,False
2026-09-25,other,73,9pd Medium Gun,Cannon,241,Croata,225,0.1,1,10000.0,False
2026-09-25,other,73,9pd Medium Gun,Cannon,361,Crown Haven,225,0.1,1,10000.0,False
2026-09-25,other,73,9pd Medium Gun,Cannon,372,Cul-de-Sac,225,0.1,1,9988.0,False
2026-09-25,other,73,9pd Medium Gun,Cannon,189,Cumaná,225,0.1,1,10000.0,False
2026-09-25,other,73,9pd Medium Gun,Cannon,69,Daguilla,225,0.1,1,10000.0,False
2026-09-25,other,73,9pd Medium Gun,Cannon,214,Dariena,225,0.1,1,10000.0,False
2026-09-25,other,73,9pd Medium Gun,Cannon,20,Deadman's Cay,225,0.1,1,10000.0,False
2026-09-25,other,73,9pd Medium Gun,Cannon,147,Deshaies,225,0.1,1,10000.0,False
2026-09-25,other,73,9pd Medium Gun,Cannon,265,El Cuyo,225,0.1,1,10000.0,False
2026-09-25,other,73,9pd Medium Gun,Cannon,286,El Rancho,225,0.1,1,10000.0,False
2026-09-25,other,73,9pd Medium Gun,Cannon,107,El Soco,225,0.1,1,10000.0,False
2026-09-25,other,73,9pd Medium Gun,Cannon,166,El Toco,225,0.1,1,9982.0,False
2026-09-25,other,73,9pd Medium Gun,Cannon,202,Encontrados,225,0.1,1,10000.0,False
2026-09-25,other,73,9pd Medium Gun,Cannon,141,English Harbour,225,0.1,1,10000.0,False
2026-09-25,other,73,9pd Medium Gun,Cannon,274,Espíritu Santo,225,0.1,1,10000.0,False
2026-09-25,other,73,9pd Medium Gun,Cannon,284,Esteros,225,0.1,1,10000.0,False
2026-09-25,other,73,9pd Medium Gun,Cannon,116,Fajardo,225,0.1,1,9964.0,False
2026-09-25,other,73,9pd Medium Gun,Cannon,354,Flatts,225,0.1,1,10000.0,False
2026-09-25,other,73,9pd Medium Gun,Cannon,135,Fort Baai,225,0.1,1,10022.0,False
2026-09-25,other,73,9pd Medium Gun,Cannon,173,Fort Oranje,225,0.1,1,10000.0,False
2026-09-25,other,73,9pd Medium Gun,Cannon,175,Fort Zoutman,225,0.1,1,10000.0,False
2026-09-25,other,73,9pd Medium Gun,Cannon,98,Fort-Dauphin,225,0.1,1,10000.0,False
2026-09-25,other,73,9pd Medium Gun,Cannon,156,Fort-Royal,225,0.1,1,9186.0,False
2026-09-25,other,73,9pd Medium Gun,Cannon,128,Frederiksted,225,0.1,1,10000.0,False
2026-09-25,other,73,9pd Medium Gun,Cannon,359,Frozen Cay,225,0.1,1,10000.0,False
2026-09-25,other,73,9pd Medium Gun,Cannon,183,Galdonas,225,0.1,1,10000.0,False
2026-09-25,other,73,9pd Medium Gun,Cannon,311,Gasparilla,225,0.1,1,10000.0,False
2026-09-25,other,73,9pd Medium Gun,Cannon,72,George Town,225,0.1,1,10000.0,False
2026-09-25,other,73,9pd Medium Gun,Cannon,18,George's Town,225,0.1,1,10000.0,False
2026-09-25,other,73,9pd Medium Gun,Cannon,334,Georgetown,225,0.1,1,10000.0,False
2026-09-25,other,73,9pd Medium Gun,Cannon,201,Gibraltar,225,0.1,1,10000.0,False
2026-09-25,other,73,9pd Medium Gun,Cannon,16,Governor's Harbour,225,0.1,1,10000.0,False
2026-09-25,other,73,9pd Medium Gun,Cannon,240,Gracias a Dios,225,0.1,1,10000.0,False
2026-09-25,other,73,9pd Medium Gun,Cannon,153,Grand Anse,225,0.1,1,10000.0,False
2026-09-25,other,73,9pd Medium Gun,Cannon,33,Grand Turk,225,0.1,1,10000.0,False
2026-09-25,other,73,9pd Medium Gun,Cannon,231,Great Corn,225,0.1,1,10000.0,False
2026-09-25,other,73,9pd Medium Gun,Cannon,233,Great River,225,0.1,1,10000.0,False
2026-09-25,other,73,9pd Medium Gun,Cannon,367,Green Cay,225,0.1,1,10000.0,False
2026-09-25,other,73,9pd Medium Gun,Cannon,229,Grindstone,225,0.1,1,10000.0,False
2026-09-25,other,73,9pd Medium Gun,Cannon,374,Guacata,225,0.1,1,10000.0,False
2026-09-25,other,73,9pd Medium Gun,Cannon,53,Guamá Sevilla,225,0.1,1,10000.0,False
2026-09-25,other,73,9pd Medium Gun,Cannon,179,Guayaguayare,225,0.1,1,9974.0,False
2026-09-25,other,73,9pd Medium Gun,Cannon,117,Guayama,225,0.1,1,9938.0,False
2026-09-25,other,73,9pd Medium Gun,Cannon,48,Guibara,225,0.1,1,10000.0,False
2026-09-25,other,73,9pd Medium Gun,Cannon,133,Gustavia,225,0.1,1,8588.0,False
2026-09-25,other,73,9pd Medium Gun,Cannon,119,Guánica,225,0.1,1,10000.0,False
2026-09-25,other,73,9pd Medium Gun,Cannon,182,Güiria,225,0.1,1,10000.0,False
2026-09-25,other,73,9pd Medium Gun,Cannon,15,Harbour Island,225,0.1,1,10000.0,False
2026-09-25,other,73,9pd Medium Gun,Cannon,130,Hat Island,225,0.1,1,10000.0,False
2026-09-25,other,73,9pd Medium Gun,Cannon,232,Haulover,225,0.1,1,10000.0,False
2026-09-25,other,73,9pd Medium Gun,Cannon,106,Higüey,225,0.1,1,10000.0,False
2026-09-25,other,73,9pd Medium Gun,Cannon,306,Hitten Hatcha,225,0.1,1,10000.0,False
2026-09-25,other,73,9pd Medium Gun,Cannon,316,Islamorada,225,0.1,1,9530.0,False
2026-09-25,other,73,9pd Medium Gun,Cannon,370,Island Harbour,225,0.1,1,10000.0,False
2026-09-25,other,73,9pd Medium Gun,Cannon,28,Islet,225,0.1,1,10000.0,False
2026-09-25,other,73,9pd Medium Gun,Cannon,83,Jacmel,225,0.1,1,10000.0,False
2026-09-25,other,73,9pd Medium Gun,Cannon,60,Jagua,225,0.1,1,10000.0,False
2026-09-25,other,73,9pd Medium Gun,Cannon,320,Jobe,225,0.1,1,10000.0,False
2026-09-25,other,73,9pd Medium Gun,Cannon,88,Jérémie,225,0.1,1,9982.0,False
2026-09-25,other,73,9pd Medium Gun,Cannon,13,Kemp's Bay,225,0.1,1,10000.0,False
2026-09-25,other,73,9pd Medium Gun,Cannon,313,Key West,225,0.1,1,10000.0,False
2026-09-25,other,73,9pd Medium Gun,Cannon,357,Kidd's Harbour,225,0.1,1,10000.0,False
2026-09-25,other,73,9pd Medium Gun,Cannon,79,Kingston / Port Royal,225,0.1,1,8042.0,False
2026-09-25,other,73,9pd Medium Gun,Cannon,162,Kingstown,225,0.1,1,10000.0,False
2026-09-25,other,73,9pd Medium Gun,Cannon,42,La Anguila,225,0.1,1,10000.0,False
2026-09-25,other,73,9pd Medium Gun,Cannon,287,La Bahía,225,0.1,1,10000.0,False
2026-09-25,other,73,9pd Medium Gun,Cannon,341,La Bermeja,225,0.1,1,10000.0,False
2026-09-25,other,73,9pd Medium Gun,Cannon,170,La Blanquilla,225,0.1,1,10000.0,False
2026-09-25,other,73,9pd Medium Gun,Cannon,363,La Desconocida,225,0.1,1,10000.0,False
2026-09-25,other,73,9pd Medium Gun,Cannon,139,La Désirade,225,0.1,1,10000.0,False
2026-09-25,other,73,9pd Medium Gun,Cannon,45,La Guanaja,225,0.1,1,10000.0,False
2026-09-25,other,73,9pd Medium Gun,Cannon,38,La Habana,225,0.1,1,9218.0,False
2026-09-25,other,73,9pd Medium Gun,Cannon,100,La Isabela,225,0.1,1,9822.0,False
2026-09-25,other,73,9pd Medium Gun,Cannon,112,La Mona,225,0.1,1,9870.0,False
2026-09-25,other,73,9pd Medium Gun,Cannon,373,La Moussette,225,0.1,1,10000.0,False
2026-09-25,other,73,9pd Medium Gun,Cannon,85,La Navasse,225,0.1,1,9880.0,False
2026-09-25,other,73,9pd Medium Gun,Cannon,171,La Orchilla,225,0.1,1,10000.0,False
2026-09-25,other,73,9pd Medium Gun,Cannon,96,La Tortue,225,0.1,1,9413.0,False
2026-09-25,other,73,9pd Medium Gun,Cannon,187,La Tortuga,225,0.1,1,10000.0,False
2026-09-25,other,73,9pd Medium Gun,Cannon,154,La Trinité,225,0.1,1,10000.0,False
2026-09-25,other,73,9pd Medium Gun,Cannon,199,Lagunillas,225,0.1,1,10000.0,False
2026-09-25,other,73,9pd Medium Gun,Cannon,172,Las Aves,225,0.1,1,10000.0,False
2026-09-25,other,73,9pd Medium Gun,Cannon,307,Las Sabinas,225,0.1,1,10000.0,False
2026-09-25,other,73,9pd Medium Gun,Cannon,314,Las Tortugas,225,0.1,1,9974.0,False
2026-09-25,other,73,9pd Medium Gun,Cannon,143,Le Moule,225,0.1,1,10000.0,False
2026-09-25,other,73,9pd Medium Gun,Cannon,86,Les Cayes,225,0.1,1,9978.0,False
2026-09-25,other,73,9pd Medium Gun,Cannon,93,Les Gonaïves,225,0.1,1,9928.0,False
2026-09-25,other,73,9pd Medium Gun,Cannon,73,Little Cayman,225,0.1,1,10000.0,False
2026-09-25,other,73,9pd Medium Gun,Cannon,8,Little Harbour,225,0.1,1,10000.0,False
2026-09-25,other,73,9pd Medium Gun,Cannon,29,Little Inagua,225,0.1,1,10000.0,False
2026-09-25,other,73,9pd Medium Gun,Cannon,362,Little Isaac Rocks,225,0.1,1,10000.0,False
2026-09-25,other,73,9pd Medium Gun,Cannon,381,Little River,225,0.1,1,10000.0,False
2026-09-25,other,73,9pd Medium Gun,Cannon,31,Lorimers,225,0.1,1,10000.0,False
2026-09-25,other,73,9pd Medium Gun,Cannon,90,Léogane,225,0.1,1,10000.0,False
2026-09-25,other,73,9pd Medium Gun,Cannon,186,Macanao,225,0.1,1,10000.0,False
2026-09-25,other,73,9pd Medium Gun,Cannon,105,Macao,225,0.1,1,9922.0,False
2026-09-25,other,73,9pd Medium Gun,Cannon,312,Manataca,225,0.1,1,10000.0,False
2026-09-25,other,73,9pd Medium Gun,Cannon,219,Mandinga,225,0.1,1,10000.0,False
2026-09-25,other,73,9pd Medium Gun,Cannon,358,Mangrove Cay,225,0.1,1,10000.0,False
2026-09-25,other,73,9pd Medium Gun,Cannon,34,Mantua,225,0.1,1,9998.0,False
2026-09-25,other,73,9pd Medium Gun,Cannon,55,Manzanillo,225,0.1,1,10000.0,False
2026-09-25,other,73,9pd Medium Gun,Cannon,204,Maracaibo,225,0.1,1,10000.0,False
2026-09-25,other,73,9pd Medium Gun,Cannon,37,Mariel,225,0.1,1,9966.0,False
2026-09-25,other,73,9pd Medium Gun,Cannon,131,Marigot,225,0.1,1,10000.0,False
2026-09-25,other,73,9pd Medium Gun,Cannon,155,Marin,225,0.1,1,10000.0,False
2026-09-25,other,73,9pd Medium Gun,Cannon,9,Marsh Harbour,225,0.1,1,10000.0,False
2026-09-25,other,73,9pd Medium Gun,Cannon,39,Matanzas,225,0.1,1,10000.0,False
2026-09-25,other,73,9pd Medium Gun,Cannon,227,Matina,225,0.1,1,10000.0,False
2026-09-25,other,73,9pd Medium Gun,Cannon,26,Mayaguana,225,0.1,1,10000.0,False
2026-09-25,other,73,9pd Medium Gun,Cannon,11,Mimbres,225,0.1,1,10000.0,False
2026-09-25,other,73,9pd Medium Gun,Cannon,347,Misteriosa,225,0.1,1,10000.0,False
2026-09-25,other,73,9pd Medium Gun,Cannon,197,Mitara,225,0.1,1,10000.0,False
2026-09-25,other,73,9pd Medium Gun,Cannon,300,Mobile,225,0.1,1,10000.0,False
2026-09-25,other,73,9pd Medium Gun,Cannon,99,Montecristi,225,0.1,1,9906.0,False
2026-09-25,other,73,9pd Medium Gun,Cannon,75,Montego Bay,225,0.1,1,10000.0,False
2026-09-25,other,73,9pd Medium Gun,Cannon,12,Morgan's Bluff,225,0.1,1,10000.0,False
2026-09-25,other,73,9pd Medium Gun,Cannon,248,Morro Chico,225,0.1,1,10000.0,False
2026-09-25,other,73,9pd Medium Gun,Cannon,27,Mortimer Town,225,0.1,1,8932.0,False
2026-09-25,other,73,9pd Medium Gun,Cannon,238,Mosquito Cay,225,0.1,1,10000.0,False
2026-09-25,other,73,9pd Medium Gun,Cannon,345,Mugeres,225,0.1,1,10000.0,False
2026-09-25,other,73,9pd Medium Gun,Cannon,168,Naparima,225,0.1,1,10000.0,False
2026-09-25,other,73,9pd Medium Gun,Cannon,14,Nassau,225,0.1,1,9914.0,False
2026-09-25,other,73,9pd Medium Gun,Cannon,217,New Edinburgh,225,0.1,1,10000.0,False
2026-09-25,other,73,9pd Medium Gun,Cannon,324,New Smyrna,225,0.1,1,10000.0,False
2026-09-25,other,73,9pd Medium Gun,Cannon,89,Nippes,225,0.1,1,9986.0,False
2026-09-25,other,73,9pd Medium Gun,Cannon,356,North Inlet,225,0.1,1,10000.0,False
2026-09-25,other,73,9pd Medium Gun,Cannon,297,Nouvelle-Orléans,225,0.1,1,10000.0,False
2026-09-25,other,73,9pd Medium Gun,Cannon,190,Nueva Barcelona,225,0.1,1,10000.0,False
2026-09-25,other,73,9pd Medium Gun,Cannon,46,Nuevitas,225,0.1,1,10000.0,False
2026-09-25,other,73,9pd Medium Gun,Cannon,368,Ocean Bight,225,0.1,1,10000.0,False
2026-09-25,other,73,9pd Medium Gun,Cannon,235,Old Providence,225,0.1,1,10000.0,False
2026-09-25,other,73,9pd Medium Gun,Cannon,250,Omoa,225,0.1,1,10000.0,False
2026-09-25,other,73,9pd Medium Gun,Cannon,136,Oranjestad,225,0.1,1,10000.0,False
2026-09-25,other,73,9pd Medium Gun,Cannon,185,Pampatar,225,0.1,1,10000.0,False
2026-09-25,other,73,9pd Medium Gun,Cannon,30,Parrot Cay,225,0.1,1,10000.0,False
2026-09-25,other,73,9pd Medium Gun,Cannon,122,Pasaje,225,0.1,1,10000.0,False
2026-09-25,other,73,9pd Medium Gun,Cannon,180,Pedernales,225,0.1,1,9972.0,False
2026-09-25,other,73,9pd Medium Gun,Cannon,352,Pedro Cay,225,0.1,1,9976.0,False
2026-09-25,other,73,9pd Medium Gun,Cannon,301,Penzacola,225,0.1,1,10000.0,False
2026-09-25,other,73,9pd Medium Gun,Cannon,203,Perijá,225,0.1,1,10000.0,False
2026-09-25,other,73,9pd Medium Gun,Cannon,132,Philipsburg,225,0.1,1,9982.0,False
2026-09-25,other,73,9pd Medium Gun,Cannon,65,Pinar del Río,225,0.1,1,10020.0,False
2026-09-25,other,73,9pd Medium Gun,Cannon,23,Pitt's Town,225,0.1,1,9974.0,False
2026-09-25,other,73,9pd Medium Gun,Cannon,252,Placentia,225,0.1,1,10010.0,False
2026-09-25,other,73,9pd Medium Gun,Cannon,346,Placer,225,0.1,1,10000.0,False
2026-09-25,other,73,9pd Medium Gun,Cannon,218,Playón,225,0.1,1,10000.0,False
2026-09-25,other,73,9pd Medium Gun,Cannon,369,Plymouth,225,0.1,1,10000.0,False
2026-09-25,other,73,9pd Medium Gun,Cannon,145,Pointe-à-Pitre,225,0.1,1,10020.0,False
2026-09-25,other,73,9pd Medium Gun,Cannon,118,Ponce,225,0.1,1,10000.0,False
2026-09-25,other,73,9pd Medium Gun,Cannon,77,Port Antonio,225,0.1,1,10000.0,False
2026-09-25,other,73,9pd Medium Gun,Cannon,19,Port Howe,225,0.1,1,10006.0,False
2026-09-25,other,73,9pd Medium Gun,Cannon,78,Port Morant,225,0.1,1,10000.0,False
2026-09-25,other,73,9pd Medium Gun,Cannon,91,Port-au-Prince,225,0.1,1,10020.0,False
2026-09-25,other,73,9pd Medium Gun,Cannon,95,Port-de-Paix,225,0.1,1,10000.0,False
2026-09-25,other,73,9pd Medium Gun,Cannon,142,Port-Louis,225,0.1,1,10000.0,False
2026-09-25,other,73,9pd Medium Gun,Cannon,54,Portillo,225,0.1,1,10000.0,False
2026-09-25,other,73,9pd Medium Gun,Cannon,220,Portobelo,225,0.1,1,9966.0,False
2026-09-25,other,73,9pd Medium Gun,Cannon,234,Prinzapolka,225,0.1,1,10000.0,False
2026-09-25,other,73,9pd Medium Gun,Cannon,194,Puerto Cabello,225,0.1,1,10000.0,False
2026-09-25,other,73,9pd Medium Gun,Cannon,169,Puerto de España,225,0.1,1,9998.0,False
2026-09-25,other,73,9pd Medium Gun,Cannon,49,Puerto de Nipe,225,0.1,1,10000.0,False
2026-09-25,other,73,9pd Medium Gun,Cannon,47,Puerto del Padre,225,0.1,1,9980.0,False
2026-09-25,other,73,9pd Medium Gun,Cannon,51,Puerto Escondido,225,0.1,1,9996.0,False
2026-09-25,other,73,9pd Medium Gun,Cannon,101,Puerto Plata,225,0.1,1,10100.0,False
2026-09-25,other,73,9pd Medium Gun,Cannon,271,Puerto Real,225,0.1,1,10000.0,False
2026-09-25,other,73,9pd Medium Gun,Cannon,191,Píritu,225,0.1,1,10000.0,False
2026-09-25,other,73,9pd Medium Gun,Cannon,21,Ragged Cay,225,0.1,1,10000.0,False
2026-09-25,other,73,9pd Medium Gun,Cannon,43,Remedios,225,0.1,1,10000.0,False
2026-09-25,other,73,9pd Medium Gun,Cannon,102,Rincón,225,0.1,1,10000.0,False
2026-09-25,other,73,9pd Medium Gun,Cannon,5,Road Rocks,225,0.1,1,10000.0,False
2026-09-25,other,73,9pd Medium Gun,Cannon,125,Road Town,225,0.1,1,10000.0,False
2026-09-25,other,73,9pd Medium Gun,Cannon,64,Robras,225,0.1,1,10000.0,False
2026-09-25,other,73,9pd Medium Gun,Cannon,151,Rosaly,225,0.1,1,10212.0,False
2026-09-25,other,73,9pd Medium Gun,Cannon,152,Roseau,225,0.1,1,9888.0,False
2026-09-25,other,73,9pd Medium Gun,Cannon,246,Ruatan,225,0.1,1,10000.0,False
2026-09-25,other,73,9pd Medium Gun,Cannon,377,Rum Cove,225,0.1,1,10000.0,False
2026-09-25,other,73,9pd Medium Gun,Cannon,192,Río Chico,225,0.1,1,10000.0,False
2026-09-25,other,73,9pd Medium Gun,Cannon,209,Río de la Hacha,225,0.1,1,10000.0,False
2026-09-25,other,73,9pd Medium Gun,Cannon,319,Río Seco,225,0.1,1,10000.0,False
2026-09-25,other,73,9pd Medium Gun,Cannon,195,Río Tocuyo,225,0.1,1,9980.0,False
2026-09-25,other,73,9pd Medium Gun,Cannon,290,Sabina,225,0.1,1,10000.0,False
2026-09-25,other,73,9pd Medium Gun,Cannon,76,Saint Ann,225,0.1,1,10000.0,False
2026-09-25,other,73,9pd Medium Gun,Cannon,164,Saint George,225,0.1,1,9996.0,False
2026-09-25,other,73,9pd Medium Gun,Cannon,355,Saint George's Town,225,0.1,1,10000.0,False
2026-09-25,other,73,9pd Medium Gun,Cannon,140,Saint John's,225,0.1,1,10000.0,False
2026-09-25,other,73,9pd Medium Gun,Cannon,160,Saint Joseph,225,0.1,1,10000.0,False
2026-09-25,other,73,9pd Medium Gun,Cannon,330,Saint Marys,225,0.1,1,10000.0,False
2026-09-25,other,73,9pd Medium Gun,Cannon,144,Saint-François,225,0.1,1,10000.0,False
2026-09-25,other,73,9pd Medium Gun,Cannon,84,Saint-Louis,225,0.1,1,10000.0,False
2026-09-25,other,73,9pd Medium Gun,Cannon,296,Saint-Malo,225,0.1,1,10000.0,False
2026-09-25,other,73,9pd Medium Gun,Cannon,92,Saint-Marc,225,0.1,1,10000.0,False
2026-09-25,other,73,9pd Medium Gun,Cannon,94,Saint-Nicolas,225,0.1,1,10000.0,False
2026-09-25,other,73,9pd Medium Gun,Cannon,157,Saint-Pierre,225,0.1,1,10000.0,False
2026-09-25,other,73,9pd Medium Gun,Cannon,256,Salamanca,225,0.1,1,10000.0,False
2026-09-25,other,73,9pd Medium Gun,Cannon,82,Sale-Trou,225,0.1,1,10000.0,False
2026-09-25,other,73,9pd Medium Gun,Cannon,25,Salina Point,225,0.1,1,10000.0,False
2026-09-25,other,73,9pd Medium Gun,Cannon,379,Salinas,225,0.1,1,9990.0,False
2026-09-25,other,73,9pd Medium Gun,Cannon,104,Samaná,225,0.1,1,10000.0,False
2026-09-25,other,73,9pd Medium Gun,Cannon,326,San Agustín,225,0.1,1,10000.0,False
2026-09-25,other,73,9pd Medium Gun,Cannon,236,San Andrés,225,0.1,1,10000.0,False
2026-09-25,other,73,9pd Medium Gun,Cannon,283,San Fernando,225,0.1,1,10000.0,False
2026-09-25,other,73,9pd Medium Gun,Cannon,303,San José,225,0.1,1,10000.0,False
2026-09-25,other,73,9pd Medium Gun,Cannon,115,San Juan,225,0.1,1,9996.0,False
2026-09-25,other,73,9pd Medium Gun,Cannon,228,San Juan del Norte,225,0.1,1,10000.0,False
2026-09-25,other,73,9pd Medium Gun,Cannon,62,San Lazaro,225,0.1,1,10000.0,False
2026-09-25,other,73,9pd Medium Gun,Cannon,288,San Luis,225,0.1,1,10000.0,False
2026-09-25,other,73,9pd Medium Gun,Cannon,305,San Marcos,225,0.1,1,10000.0,False
2026-09-25,other,73,9pd Medium Gun,Cannon,327,San Mateo,225,0.1,1,10000.0,False
2026-09-25,other,73,9pd Medium Gun,Cannon,322,San Sebastian,225,0.1,1,10000.0,False
2026-09-25,other,73,9pd Medium Gun,Cannon,200,San Timoteo,225,0.1,1,10000.0,False
2026-09-25,other,73,9pd Medium Gun,Cannon,58,Sancti Spíritus,225,0.1,1,10000.0,False
2026-09-25,other,73,9pd Medium Gun,Cannon,239,Sandy Bay,225,0.1,1,10000.0,False
2026-09-25,other,73,9pd Medium Gun,Cannon,371,Sandy Hill,225,0.1,1,10000.0,False
2026-09-25,other,73,9pd Medium Gun,Cannon,7,Sandy Point,225,0.1,1,10000.0,False
2026-09-25,other,73,9pd Medium Gun,Cannon,272,Santa Ana,225,0.1,1,10000.0,False
2026-09-25,other,73,9pd Medium Gun,Cannon,56,Santa Cruz,225,0.1,1,10000.0,False
2026-09-25,other,73,9pd Medium Gun,Cannon,68,Santa Fe,225,0.1,1,10000.0,False
2026-09-25,other,73,9pd Medium Gun,Cannon,210,Santa Marta,225,0.1,1,10000.0,False
2026-09-25,other,73,9pd Medium Gun,Cannon,57,Santa María,225,0.1,1,10000.0,False
2026-09-25,other,73,9pd Medium Gun,Cannon,302,Santa Rosa,225,0.1,1,10000.0,False
2026-09-25,other,73,9pd Medium Gun,Cannon,348,Santanillas,225,0.1,1,10000.0,False
2026-09-25,other,73,9pd Medium Gun,Cannon,52,Santiago de Cuba,225,0.1,1,9946.0,False
2026-09-25,other,73,9pd Medium Gun,Cannon,108,Santo Domingo,225,0.1,1,10000.0,False
2026-09-25,other,73,9pd Medium Gun,Cannon,251,Santo Tomás,225,0.1,1,9960.0,False
2026-09-25,other,73,9pd Medium Gun,Cannon,176,Santo Tomé de Guayana,225,0.1,1,10000.0,False
2026-09-25,other,73,9pd Medium Gun,Cannon,310,Sarazota,225,0.1,1,10000.0,False
2026-09-25,other,73,9pd Medium Gun,Cannon,81,Savanna la Mar,225,0.1,1,10000.0,False
2026-09-25,other,73,9pd Medium Gun,Cannon,331,Savannah,225,0.1,1,9978.0,False
2026-09-25,other,73,9pd Medium Gun,Cannon,165,Scarborough,225,0.1,1,10000.0,False
2026-09-25,other,73,9pd Medium Gun,Cannon,266,Selam,225,0.1,1,10000.0,False
2026-09-25,other,73,9pd Medium Gun,Cannon,349,Serrana,225,0.1,1,10000.0,False
2026-09-25,other,73,9pd Medium Gun,Cannon,366,Shroud Cay,225,0.1,1,9414.0,False
2026-09-25,other,73,9pd Medium Gun,Cannon,71,Siguanea,225,0.1,1,10000.0,False
2026-09-25,other,73,9pd Medium Gun,Cannon,205,Sinamaica,225,0.1,1,10000.0,False
2026-09-25,other,73,9pd Medium Gun,Cannon,268,Sisal,225,0.1,1,10000.0,False
2026-09-25,other,73,9pd Medium Gun,Cannon,353,Somerset,225,0.1,1,10000.0,False
2026-09-25,other,73,9pd Medium Gun,Cannon,282,Soto La Marina,225,0.1,1,10000.0,False
2026-09-25,other,73,9pd Medium Gun,Cannon,127,Spanish Town,225,0.1,1,10000.0,False
2026-09-25,other,73,9pd Medium Gun,Cannon,328,Sunbury,225,0.1,1,10000.0,False
2026-09-25,other,73,9pd Medium Gun,Cannon,336,Swannsborough,225,0.1,1,10000.0,False
2026-09-25,other,73,9pd Medium Gun,Cannon,226,Talamanca,225,0.1,1,10000.0,False
2026-09-25,other,73,9pd Medium Gun,Cannon,281,Tamiagua,225,0.1,1,10000.0,False
2026-09-25,other,73,9pd Medium Gun,Cannon,309,Tampa,225,0.1,1,10000.0,False
2026-09-25,other,73,9pd Medium Gun,Cannon,280,Tampico,225,0.1,1,10000.0,False
2026-09-25,other,73,9pd Medium Gun,Cannon,263,Tantun Cuzamil,225,0.1,1,10000.0,False
2026-09-25,other,73,9pd Medium Gun,Cannon,148,Terre-de-Bas,225,0.1,1,10000.0,False
2026-09-25,other,73,9pd Medium Gun,Cannon,295,Terrebonne,225,0.1,1,10000.0,False
2026-09-25,other,73,9pd Medium Gun,Cannon,126,The Settlement,225,0.1,1,10000.0,False
2026-09-25,other,73,9pd Medium Gun,Cannon,87,Tiburon,225,0.1,1,10000.0,False
2026-09-25,other,73,9pd Medium Gun,Cannon,213,Tolú,225,0.1,1,10000.0,False
2026-09-25,other,73,9pd Medium Gun,Cannon,380,Tordo,225,0.1,1,10000.0,False
2026-09-25,other,73,9pd Medium Gun,Cannon,338,Triangulo,225,0.1,1,10000.0,False
2026-09-25,other,73,9pd Medium Gun,Cannon,59,Trinidad,225,0.1,1,10000.0,False
2026-09-25,other,73,9pd Medium Gun,Cannon,249,Triunfo de la Cruz,225,0.1,1,10000.0,False
2026-09-25,other,73,9pd Medium Gun,Cannon,244,Truxillo,225,0.1,1,10000.0,False
2026-09-25,other,73,9pd Medium Gun,Cannon,261,Tulum,225,0.1,1,10000.0,False
2026-09-25,other,73,9pd Medium Gun,Cannon,343,Tumbado,225,0.1,1,9964.0,False
2026-09-25,other,73,9pd Medium Gun,Cannon,254,Turneffe,225,0.1,1,10000.0,False
2026-09-25,other,73,9pd Medium Gun,Cannon,6,Turtle Cay,225,0.1,1,10000.0,False
2026-09-25,other,73,9pd Medium Gun,Cannon,279,Tuspan,225,0.1,1,10000.0,False
2026-09-25,other,73,9pd Medium Gun,Cannon,276,Vera Cruz,225,0.1,1,10000.0,False
2026-09-25,other,73,9pd Medium Gun,Cannon,293,Vermiou,225,0.1,1,9904.0,False
2026-09-25,other,73,9pd Medium Gun,Cannon,273,Victoria,225,0.1,1,10000.0,False
2026-09-25,other,73,9pd Medium Gun,Cannon,121,Vieques,225,0.1,1,9892.0,False
2026-09-25,other,73,9pd Medium Gun,Cannon,159,Vieux-Fort,225,0.1,1,10000.0,False
2026-09-25,other,73,9pd Medium Gun,Cannon,3,Walker's Cay,225,0.1,1,9998.0,False
2026-09-25,other,73,9pd Medium Gun,Cannon,376,Wantlands Ferry,225,0.1,1,10000.0,False
2026-09-25,other,73,9pd Medium Gun,Cannon,360,Water Bay,225,0.1,1,10000.0,False
2026-09-25,other,73,9pd Medium Gun,Cannon,22,Watlings,225,0.1,1,10000.0,False
2026-09-25,other,73,9pd Medium Gun,Cannon,4,West End,225,0.1,1,9978.0,False
2026-09-25,other,73,9pd Medium Gun,Cannon,174,Willemstad,225,0.1,1,9264.0,False
2026-09-25,other,73,9pd Medium Gun,Cannon,364,William's Bay,225,0.1,1,10000.0,False
2026-09-25,other,73,9pd Medium Gun,Cannon,335,Wilmington,225,0.1,1,10000.0,False
2026-09-25,other,73,9pd Medium Gun,Cannon,262,Xpu Ha,225,0.1,1,9972.0,False
2026-09-25,other,73,9pd Medium Gun,Cannon,181,Yaguaraparo,225,0.1,1,10000.0,False
2026-09-25,other,73,9pd Medium Gun,Cannon,267,Ysil,225,0.1,1,10000.0,False
2026-09-25,other,73,9pd Medium Gun,Cannon,247,Útila,225,0.1,1,10000.0,False
2026-09-25,other,1895,African Oak,Resource,138,Charles Town,10000,0.1,4545,136.0,False
2026-09-25,other,1895,African Oak,Resource,136,Oranjestad,10000,0.1,4545,9.0,False
2026-09-25,other,1895,African Oak,Resource,174,Willemstad,10000,0.1,4545,206.0,False
2026-09-25,other,1900,African Teak,Resource,138,Charles Town,10000,0.1,4545,101.0,False
2026-09-25,other,1900,African Teak,Resource,136,Oranjestad,10000,0.1,4545,24.0,False
2026-09-25,other,1900,African Teak,Resource,174,Willemstad,10000,0.1,4545,157.0,False
2026-09-25,other,1873,Aguayo cloth,Resource,212,Cartagena de Indias,3750,0.1,1705,54.0,False
2026-09-25,other,1873,Aguayo cloth,Resource,201,Gibraltar,3750,0.1,1705,60.0,False
2026-09-25,other,1873,Aguayo cloth,Resource,204,Maracaibo,3750,0.1,1705,53.0,False
2026-09-25,other,1873,Aguayo cloth,Resource,210,Santa Marta,3750,0.1,1705,57.0,False
2026-09-25,other,1873,Aguayo cloth,Resource,174,Willemstad,3750,0.1,1705,30.0,False
2026-09-25,other,1876,Akvavit,Resource,129,Christiansted,1776,0.1,807,62.0,False
2026-09-25,other,1876,Akvavit,Resource,141,English Harbour,1776,0.1,807,68.0,False
2026-09-25,other,1876,Akvavit,Resource,133,Gustavia,1776,0.1,807,56.0,False
2026-09-25,other,1876,Akvavit,Resource,136,Oranjestad,1776,0.1,807,68.0,False
2026-09-25,other,1876,Akvavit,Resource,140,Saint John's,1776,0.1,807,46.0,False
2026-09-25,other,1876,Akvavit,Resource,127,Spanish Town,1776,0.1,807,66.0,False
2026-09-25,other,1861,Alligator hides,Resource,321,Ays,4715,0.1,2144,56.0,False
2026-09-25,other,1861,Alligator hides,Resource,315,Cayo Vacas,4715,0.1,2144,52.0,False
2026-09-25,other,1861,Alligator hides,Resource,311,Gasparilla,4715,0.1,2144,50.0,False
2026-09-25,other,1861,Alligator hides,Resource,316,Islamorada,4715,0.1,2144,45.0,False
2026-09-25,other,1861,Alligator hides,Resource,326,San Agustín,4715,0.1,2144,47.0,False
2026-09-25,other,1861,Alligator hides,Resource,305,San Marcos,4715,0.1,2144,50.0,False
2026-09-25,other,1341,Almeria Saltpeter,Resource,278,Almeria,400,0.1,1,33.0,False
2026-09-25,other,1846,Ambergris,Resource,18,George's Town,6008,0.1,2731,51.0,False
2026-09-25,other,1846,Ambergris,Resource,33,Grand Turk,6008,0.1,2731,10.0,False
2026-09-25,other,1846,Ambergris,Resource,23,Pitt's Town,6008,0.1,2731,40.0,False
2026-09-25,other,1846,Ambergris,Resource,25,Salina Point,6008,0.1,2731,42.0,False
2026-09-25,other,31,American Cotton,Resource,333,Charleston,1778,0.1,808,50.0,False
2026-09-25,other,1857,Arabian books,Resource,50,Baracoa,5755,0.1,2616,24.0,False
2026-09-25,other,1857,Arabian books,Resource,46,Nuevitas,5755,0.1,2616,47.0,False
2026-09-25,other,1857,Arabian books,Resource,54,Portillo,5755,0.1,2616,2.0,False
2026-09-25,other,801,Arabian Coffee,Resource,50,Baracoa,3260,0.1,1482,54.0,False
2026-09-25,other,801,Arabian Coffee,Resource,46,Nuevitas,3260,0.1,1482,58.0,False
2026-09-25,other,801,Arabian Coffee,Resource,52,Santiago de Cuba,3260,0.1,1482,62.0,False
2026-09-25,other,832,Arctic Fox Pelts,Resource,133,Gustavia,6126,0.1,2785,26.0,False
2026-09-25,other,1837,Atlantic salmon,Resource,354,Flatts,3528,0.1,1604,61.0,False
2026-09-25,other,1837,Atlantic salmon,Resource,357,Kidd's Harbour,3528,0.1,1604,60.0,False
2026-09-25,other,1837,Atlantic salmon,Resource,377,Rum Cove,3528,0.1,1604,66.0,False
2026-09-25,other,1837,Atlantic salmon,Resource,355,Saint George's Town,3528,0.1,1604,64.0,False
2026-09-25,other,1842,Bananas,Resource,18,George's Town,542,0.1,246,72.0,False
2026-09-25,other,1842,Bananas,Resource,33,Grand Turk,542,0.1,246,72.0,False
2026-09-25,other,1842,Bananas,Resource,15,Harbour Island,542,0.1,246,100.0,False
2026-09-25,other,1842,Bananas,Resource,9,Marsh Harbour,542,0.1,246,85.0,False
2026-09-25,other,1842,Bananas,Resource,26,Mayaguana,542,0.1,246,72.0,False
2026-09-25,other,1842,Bananas,Resource,12,Morgan's Bluff,542,0.1,246,94.0,False
2026-09-25,other,1842,Bananas,Resource,27,Mortimer Town,542,0.1,246,74.0,False
2026-09-25,other,1842,Bananas,Resource,14,Nassau,542,0.1,246,102.0,False
2026-09-25,other,1842,Bananas,Resource,23,Pitt's Town,542,0.1,246,78.0,False
2026-09-25,other,1842,Bananas,Resource,366,Shroud Cay,542,0.1,246,94.0,False
2026-09-25,other,1842,Bananas,Resource,4,West End,542,0.1,246,106.0,False
2026-09-25,other,1342,Barbary Coast Canvas,Resource,27,Mortimer Town,800,0.1,364,16.0,False
2026-09-25,other,1342,Barbary Coast Canvas,Resource,14,Nassau,800,0.1,364,20.0,False
2026-09-25,other,1342,Barbary Coast Canvas,Resource,169,Puerto de España,800,0.1,1,35.0,False
2026-09-25,other,32,Batavian Spices,Resource,137,Basseterre Town,3701,0.1,1683,40.0,False
2026-09-25,other,32,Batavian Spices,Resource,129,Christiansted,3701,0.1,1683,52.0,False
2026-09-25,other,32,Batavian Spices,Resource,133,Gustavia,3701,0.1,1683,44.0,False
2026-09-25,other,32,Batavian Spices,Resource,136,Oranjestad,3701,0.1,1683,40.0,False
2026-09-25,other,32,Batavian Spices,Resource,140,Saint John's,3701,0.1,1683,64.0,False
2026-09-25,other,32,Batavian Spices,Resource,127,Spanish Town,3701,0.1,1683,64.0,False
2026-09-25,other,813,Bavarian wheat,Resource,366,Shroud Cay,774,0.1,352,76.0,False
2026-09-25,other,1847,Beans,Resource,375,All Saints,544,0.1,247,142.0,False
2026-09-25,other,1847,Beans,Resource,339,Baxo Nuevo,544,0.1,247,156.0,False
2026-09-25,other,1847,Beans,Resource,351,Bugle Cay,544,0.1,247,170.0,False
2026-09-25,other,1847,Beans,Resource,188,Cariaco,544,0.1,247,162.0,False
2026-09-25,other,1847,Beans,Resource,41,Cayo de Sal,544,0.1,247,184.0,False
2026-09-25,other,1847,Beans,Resource,167,Caño Macareo,544,0.1,247,144.0,False
2026-09-25,other,1847,Beans,Resource,61,Cochinos,544,0.1,247,156.0,False
2026-09-25,other,1847,Beans,Resource,70,Cocodrilo,544,0.1,247,172.0,False
2026-09-25,other,1847,Beans,Resource,259,Congrios,544,0.1,247,184.0,False
2026-09-25,other,1847,Beans,Resource,264,Conil,544,0.1,247,178.0,False
2026-09-25,other,1847,Beans,Resource,207,Coquibacoa,544,0.1,247,160.0,False
2026-09-25,other,1847,Beans,Resource,372,Cul-de-Sac,544,0.1,247,152.0,False
2026-09-25,other,1847,Beans,Resource,147,Deshaies,544,0.1,247,176.0,False
2026-09-25,other,1847,Beans,Resource,135,Fort Baai,544,0.1,247,142.0,False
2026-09-25,other,1847,Beans,Resource,156,Fort-Royal,544,0.1,247,151.0,False
2026-09-25,other,1847,Beans,Resource,128,Frederiksted,544,0.1,247,188.0,False
2026-09-25,other,1847,Beans,Resource,374,Guacata,544,0.1,247,150.0,False
2026-09-25,other,1847,Beans,Resource,117,Guayama,544,0.1,247,168.0,False
2026-09-25,other,1847,Beans,Resource,170,La Blanquilla,544,0.1,247,172.0,False
2026-09-25,other,1847,Beans,Resource,45,La Guanaja,544,0.1,247,154.0,False
2026-09-25,other,1847,Beans,Resource,199,Lagunillas,544,0.1,247,162.0,False
2026-09-25,other,1847,Beans,Resource,172,Las Aves,544,0.1,247,182.0,False
2026-09-25,other,1847,Beans,Resource,307,Las Sabinas,544,0.1,247,153.0,False
2026-09-25,other,1847,Beans,Resource,29,Little Inagua,544,0.1,247,174.0,False
2026-09-25,other,1847,Beans,Resource,362,Little Isaac Rocks,544,0.1,247,168.0,False
2026-09-25,other,1847,Beans,Resource,381,Little River,544,0.1,247,170.0,False
2026-09-25,other,1847,Beans,Resource,31,Lorimers,544,0.1,247,160.0,False
2026-09-25,other,1847,Beans,Resource,358,Mangrove Cay,544,0.1,247,158.0,False
2026-09-25,other,1847,Beans,Resource,37,Mariel,544,0.1,247,128.0,False
2026-09-25,other,1847,Beans,Resource,238,Mosquito Cay,544,0.1,247,184.0,False
2026-09-25,other,1847,Beans,Resource,19,Port Howe,544,0.1,247,150.0,False
2026-09-25,other,1847,Beans,Resource,78,Port Morant,544,0.1,247,146.0,False
2026-09-25,other,1847,Beans,Resource,95,Port-de-Paix,544,0.1,247,159.0,False
2026-09-25,other,1847,Beans,Resource,49,Puerto de Nipe,544,0.1,247,182.0,False
2026-09-25,other,1847,Beans,Resource,101,Puerto Plata,544,0.1,247,182.0,False
2026-09-25,other,1847,Beans,Resource,152,Roseau,544,0.1,247,174.0,False
2026-09-25,other,1847,Beans,Resource,246,Ruatan,544,0.1,247,148.0,False
2026-09-25,other,1847,Beans,Resource,319,Río Seco,544,0.1,247,190.0,False
2026-09-25,other,1847,Beans,Resource,76,Saint Ann,544,0.1,247,178.0,False
2026-09-25,other,1847,Beans,Resource,330,Saint Marys,544,0.1,247,146.0,False
2026-09-25,other,1847,Beans,Resource,82,Sale-Trou,544,0.1,247,174.0,False
2026-09-25,other,1847,Beans,Resource,236,San Andrés,544,0.1,247,166.0,False
2026-09-25,other,1847,Beans,Resource,371,Sandy Hill,544,0.1,247,157.0,False
2026-09-25,other,1847,Beans,Resource,302,Santa Rosa,544,0.1,247,168.0,False
2026-09-25,other,1847,Beans,Resource,348,Santanillas,544,0.1,247,184.0,False
2026-09-25,other,1847,Beans,Resource,226,Talamanca,544,0.1,247,158.0,False
2026-09-25,other,1847,Beans,Resource,380,Tordo,544,0.1,247,152.0,False
2026-09-25,other,1847,Beans,Resource,244,Truxillo,544,0.1,247,188.0,False
2026-09-25,other,1847,Beans,Resource,6,Turtle Cay,544,0.1,247,146.0,False
2026-09-25,other,1847,Beans,Resource,159,Vieux-Fort,544,0.1,247,146.0,False
2026-09-25,other,851,Black Ironwood,Resource,298,Barataria,4963,0.1,2256,57.0,False
2026-09-25,other,851,Black Ironwood,Resource,287,La Bahía,4963,0.1,2256,50.0,False
2026-09-25,other,851,Black Ironwood,Resource,297,Nouvelle-Orléans,4963,0.1,2256,50.0,False
2026-09-25,other,851,Black Ironwood,Resource,301,Penzacola,4963,0.1,2256,44.0,False
2026-09-25,other,1877,Black Pepper,Resource,38,La Habana,2848,0.1,1295,58.0,False
2026-09-25,other,1877,Black Pepper,Resource,65,Pinar del Río,2848,0.1,1295,62.0,False
2026-09-25,other,1877,Black Pepper,Resource,43,Remedios,2848,0.1,1295,54.0,False
2026-09-25,other,1877,Black Pepper,Resource,64,Robras,2848,0.1,1295,67.0,False
2026-09-25,other,1877,Black Pepper,Resource,68,Santa Fe,2848,0.1,1295,65.0,False
2026-09-25,other,1877,Black Pepper,Resource,59,Trinidad,2848,0.1,1295,56.0,False
2026-09-25,other,1839,Black Salt,Resource,333,Charleston,4247,0.1,1931,31.0,False
2026-09-25,other,1839,Black Salt,Resource,331,Savannah,4247,0.1,1931,49.0,False
2026-09-25,other,1839,Black Salt,Resource,335,Wilmington,4247,0.1,1931,43.0,False
2026-09-25,other,1344,British Running Rigging,Resource,161,Bridgetown,400,0.1,1,35.0,False
2026-09-25,other,1344,British Running Rigging,Resource,14,Nassau,400,0.1,182,28.0,False
2026-09-25,other,1841,Buffalo hides,Resource,321,Ays,2976,0.1,1353,60.0,False
2026-09-25,other,1841,Buffalo hides,Resource,333,Charleston,2976,0.1,1353,64.0,False
2026-09-25,other,1841,Buffalo hides,Resource,311,Gasparilla,2976,0.1,1353,52.0,False
2026-09-25,other,1841,Buffalo hides,Resource,316,Islamorada,2976,0.1,1353,52.0,False
2026-09-25,other,1841,Buffalo hides,Resource,313,Key West,2976,0.1,1353,57.0,False
2026-09-25,other,1841,Buffalo hides,Resource,326,San Agustín,2976,0.1,1353,56.0,False
2026-09-25,other,1841,Buffalo hides,Resource,305,San Marcos,2976,0.1,1353,45.0,False
2026-09-25,other,1841,Buffalo hides,Resource,331,Savannah,2976,0.1,1353,64.0,False
2026-09-25,other,1841,Buffalo hides,Resource,335,Wilmington,2976,0.1,1353,59.0,False
2026-09-25,other,821,Burgundian Wine,Resource,146,Basse-Terre,2969,0.1,1350,60.0,False
2026-09-25,other,821,Burgundian Wine,Resource,156,Fort-Royal,2969,0.1,1350,64.0,False
2026-09-25,other,821,Burgundian Wine,Resource,143,Le Moule,2969,0.1,1350,55.0,False
2026-09-25,other,821,Burgundian Wine,Resource,145,Pointe-à-Pitre,2969,0.1,1350,60.0,False
2026-09-25,other,821,Burgundian Wine,Resource,152,Roseau,2969,0.1,1350,59.0,False
2026-09-25,other,1860,Cactus,Resource,292,Constance,546,0.1,248,86.0,False
2026-09-25,other,1860,Cactus,Resource,287,La Bahía,546,0.1,248,72.0,False
2026-09-25,other,1860,Cactus,Resource,297,Nouvelle-Orléans,546,0.1,248,88.0,False
2026-09-25,other,1860,Cactus,Resource,301,Penzacola,546,0.1,248,88.0,False
2026-09-25,other,1860,Cactus,Resource,290,Sabina,546,0.1,248,80.0,False
2026-09-25,other,797,Carolina Tobacco,Resource,333,Charleston,824,0.1,375,78.0,False
2026-09-25,other,797,Carolina Tobacco,Resource,331,Savannah,824,0.1,375,82.0,False
2026-09-25,other,797,Carolina Tobacco,Resource,335,Wilmington,824,0.1,375,66.0,False
2026-09-25,other,789,Catalonian Olive Oil,Resource,38,La Habana,1326,0.1,603,84.0,False
2026-09-25,other,803,Cheshire Cheese,Resource,357,Kidd's Harbour,990,0.1,450,93.0,False
2026-09-25,other,803,Cheshire Cheese,Resource,355,Saint George's Town,990,0.1,450,104.0,False
2026-09-25,other,805,Chile saltpeter,Resource,212,Cartagena de Indias,3601,0.1,1637,56.0,False
2026-09-25,other,805,Chile saltpeter,Resource,201,Gibraltar,3601,0.1,1637,64.0,False
2026-09-25,other,805,Chile saltpeter,Resource,204,Maracaibo,3601,0.1,1637,62.0,False
2026-09-25,other,805,Chile saltpeter,Resource,197,Mitara,3601,0.1,1637,40.0,False
2026-09-25,other,805,Chile saltpeter,Resource,210,Santa Marta,3601,0.1,1637,25.0,False
2026-09-25,other,805,Chile saltpeter,Resource,213,Tolú,3601,0.1,1637,56.0,False
2026-09-25,other,805,Chile saltpeter,Resource,174,Willemstad,3601,0.1,1637,62.0,False
2026-09-25,other,1887,Chinese books,Resource,79,Kingston / Port Royal,5819,0.1,2645,21.0,False
2026-09-25,other,1875,Chinese tea,Resource,138,Charles Town,3906,0.1,1775,51.0,False
2026-09-25,other,1875,Chinese tea,Resource,129,Christiansted,3906,0.1,1775,59.0,False
2026-09-25,other,1875,Chinese tea,Resource,133,Gustavia,3906,0.1,1775,56.0,False
2026-09-25,other,1875,Chinese tea,Resource,136,Oranjestad,3906,0.1,1775,40.0,False
2026-09-25,other,1875,Chinese tea,Resource,140,Saint John's,3906,0.1,1775,50.0,False
2026-09-25,other,1875,Chinese tea,Resource,127,Spanish Town,3906,0.1,1775,60.0,False
2026-09-25,other,853,Cocoa,Resource,340,Arenas,1120,0.1,509,74.0,False
2026-09-25,other,853,Cocoa,Resource,269,Campeche,1120,0.1,509,84.0,False
2026-09-25,other,853,Cocoa,Resource,270,Champotón,1120,0.1,509,98.0,False
2026-09-25,other,853,Cocoa,Resource,256,Salamanca,1120,0.1,509,82.0,False
2026-09-25,other,853,Cocoa,Resource,268,Sisal,1120,0.1,509,94.0,False
2026-09-25,other,1843,Coconut Fibres,Resource,18,George's Town,2346,0.1,1066,64.0,False
2026-09-25,other,1843,Coconut Fibres,Resource,33,Grand Turk,2346,0.1,1066,66.0,False
2026-09-25,other,1843,Coconut Fibres,Resource,9,Marsh Harbour,2346,0.1,1066,82.0,False
2026-09-25,other,1843,Coconut Fibres,Resource,12,Morgan's Bluff,2346,0.1,1066,70.0,False
2026-09-25,other,1843,Coconut Fibres,Resource,27,Mortimer Town,2346,0.1,1066,54.0,False
2026-09-25,other,1843,Coconut Fibres,Resource,14,Nassau,2346,0.1,1066,73.0,False
2026-09-25,other,1843,Coconut Fibres,Resource,23,Pitt's Town,2346,0.1,1066,68.0,False
2026-09-25,other,1843,Coconut Fibres,Resource,21,Ragged Cay,2346,0.1,1066,60.0,False
2026-09-25,other,1843,Coconut Fibres,Resource,366,Shroud Cay,2346,0.1,1066,66.0,False
2026-09-25,other,1843,Coconut Fibres,Resource,4,West End,2346,0.1,1066,68.0,False
2026-09-25,other,1869,Coconuts,Resource,225,Almirante,535,0.1,244,190.0,False
2026-09-25,other,1869,Coconuts,Resource,35,Baja,535,0.1,244,180.0,False
2026-09-25,other,1869,Coconuts,Resource,50,Baracoa,535,0.1,244,172.0,False
2026-09-25,other,1869,Coconuts,Resource,67,Barcos,535,0.1,244,140.0,False
2026-09-25,other,1869,Coconuts,Resource,299,Biloxi,535,0.1,244,190.0,False
2026-09-25,other,1869,Coconuts,Resource,32,Blondel Cay,535,0.1,244,170.0,False
2026-09-25,other,1869,Coconuts,Resource,242,Brewers,535,0.1,244,152.0,False
2026-09-25,other,1869,Coconuts,Resource,208,Cabo de la Vela,535,0.1,244,178.0,False
2026-09-25,other,1869,Coconuts,Resource,97,Cap-Français,535,0.1,244,146.0,False
2026-09-25,other,1869,Coconuts,Resource,40,Carahatas,535,0.1,244,165.0,False
2026-09-25,other,1869,Coconuts,Resource,158,Castries,535,0.1,244,178.0,False
2026-09-25,other,1869,Coconuts,Resource,308,Cayo del Anclote,535,0.1,244,146.0,False
2026-09-25,other,1869,Coconuts,Resource,333,Charleston,535,0.1,244,122.0,False
2026-09-25,other,1869,Coconuts,Resource,372,Cul-de-Sac,535,0.1,244,158.0,False
2026-09-25,other,1869,Coconuts,Resource,189,Cumaná,535,0.1,244,180.0,False
2026-09-25,other,1869,Coconuts,Resource,20,Deadman's Cay,535,0.1,244,166.0,False
2026-09-25,other,1869,Coconuts,Resource,284,Esteros,535,0.1,244,171.0,False
2026-09-25,other,1869,Coconuts,Resource,175,Fort Zoutman,535,0.1,244,180.0,False
2026-09-25,other,1869,Coconuts,Resource,128,Frederiksted,535,0.1,244,144.0,False
2026-09-25,other,1869,Coconuts,Resource,72,George Town,535,0.1,244,158.0,False
2026-09-25,other,1869,Coconuts,Resource,153,Grand Anse,535,0.1,244,184.0,False
2026-09-25,other,1869,Coconuts,Resource,130,Hat Island,535,0.1,244,185.0,False
2026-09-25,other,1869,Coconuts,Resource,306,Hitten Hatcha,535,0.1,244,154.0,False
2026-09-25,other,1869,Coconuts,Resource,83,Jacmel,535,0.1,244,150.0,False
2026-09-25,other,1869,Coconuts,Resource,79,Kingston / Port Royal,535,0.1,244,303.0,False
2026-09-25,other,1869,Coconuts,Resource,187,La Tortuga,535,0.1,244,170.0,False
2026-09-25,other,1869,Coconuts,Resource,154,La Trinité,535,0.1,244,184.0,False
2026-09-25,other,1869,Coconuts,Resource,105,Macao,535,0.1,244,182.0,False
2026-09-25,other,1869,Coconuts,Resource,131,Marigot,535,0.1,244,148.0,False
2026-09-25,other,1869,Coconuts,Resource,12,Morgan's Bluff,535,0.1,244,152.0,False
2026-09-25,other,1869,Coconuts,Resource,27,Mortimer Town,535,0.1,244,142.0,False
2026-09-25,other,1869,Coconuts,Resource,235,Old Providence,535,0.1,244,178.0,False
2026-09-25,other,1869,Coconuts,Resource,250,Omoa,535,0.1,244,176.0,False
2026-09-25,other,1869,Coconuts,Resource,180,Pedernales,535,0.1,244,146.0,False
2026-09-25,other,1869,Coconuts,Resource,352,Pedro Cay,535,0.1,244,173.0,False
2026-09-25,other,1869,Coconuts,Resource,203,Perijá,535,0.1,244,182.0,False
2026-09-25,other,1869,Coconuts,Resource,47,Puerto del Padre,535,0.1,244,184.0,False
2026-09-25,other,1869,Coconuts,Resource,322,San Sebastian,535,0.1,244,176.0,False
2026-09-25,other,1869,Coconuts,Resource,239,Sandy Bay,535,0.1,244,144.0,False
2026-09-25,other,1869,Coconuts,Resource,7,Sandy Point,535,0.1,244,164.0,False
2026-09-25,other,1869,Coconuts,Resource,57,Santa María,535,0.1,244,156.0,False
2026-09-25,other,1869,Coconuts,Resource,81,Savanna la Mar,535,0.1,244,184.0,False
2026-09-25,other,1869,Coconuts,Resource,328,Sunbury,535,0.1,244,150.0,False
2026-09-25,other,1869,Coconuts,Resource,148,Terre-de-Bas,535,0.1,244,154.0,False
2026-09-25,other,1869,Coconuts,Resource,338,Triangulo,535,0.1,244,156.0,False
2026-09-25,other,1869,Coconuts,Resource,121,Vieques,535,0.1,244,152.0,False
2026-09-25,other,1869,Coconuts,Resource,4,West End,535,0.1,244,168.0,False
2026-09-25,other,1869,Coconuts,Resource,335,Wilmington,535,0.1,244,180.0,False
2026-09-25,other,1869,Coconuts,Resource,262,Xpu Ha,535,0.1,244,160.0,False
2026-09-25,other,1869,Coconuts,Resource,267,Ysil,535,0.1,244,156.0,False
2026-09-25,other,865,Coffee,Resource,216,Canalete,1103,0.1,502,70.0,False
2026-09-25,other,865,Coffee,Resource,212,Cartagena de Indias,1103,0.1,502,72.0,False
2026-09-25,other,865,Coffee,Resource,201,Gibraltar,1103,0.1,502,72.0,False
2026-09-25,other,865,Coffee,Resource,204,Maracaibo,1103,0.1,502,74.0,False
2026-09-25,other,865,Coffee,Resource,210,Santa Marta,1103,0.1,502,73.0,False
2026-09-25,other,865,Coffee,Resource,174,Willemstad,1103,0.1,502,82.0,False
2026-09-25,other,822,Cognac,Resource,97,Cap-Français,2816,0.1,1280,60.0,False
2026-09-25,other,822,Cognac,Resource,107,El Soco,2816,0.1,1280,62.0,False
2026-09-25,other,822,Cognac,Resource,86,Les Cayes,2816,0.1,1280,65.0,False
2026-09-25,other,822,Cognac,Resource,91,Port-au-Prince,2816,0.1,1280,53.0,False
2026-09-25,other,822,Cognac,Resource,101,Puerto Plata,2816,0.1,1280,66.0,False
2026-09-25,other,822,Cognac,Resource,108,Santo Domingo,2816,0.1,1280,66.0,False
2026-09-25,other,834,Contraband Goods,Resource,27,Mortimer Town,3627,0.1,1649,46.0,False
2026-09-25,other,362,Copper Ingots,Material,193,Caracas,100,0.1,45,94.0,False
2026-09-25,other,362,Copper Ingots,Material,284,Esteros,100,0.1,45,713.0,False
2026-09-25,other,362,Copper Ingots,Material,8,Little Harbour,100,0.1,45,728.0,False
2026-09-25,other,1848,Corals,Resource,365,Alabaster Rocks,5308,0.1,2413,64.0,False
2026-09-25,other,1848,Corals,Resource,9,Marsh Harbour,5308,0.1,2413,42.0,False
2026-09-25,other,1848,Corals,Resource,12,Morgan's Bluff,5308,0.1,2413,68.0,False
2026-09-25,other,1848,Corals,Resource,14,Nassau,5308,0.1,2413,53.0,False
2026-09-25,other,1848,Corals,Resource,366,Shroud Cay,5308,0.1,2413,68.0,False
2026-09-25,other,1848,Corals,Resource,4,West End,5308,0.1,2413,62.0,False
2026-09-25,other,823,Corsican Mint,Resource,146,Basse-Terre,713,0.1,325,201.0,False
2026-09-25,other,823,Corsican Mint,Resource,156,Fort-Royal,713,0.1,325,87.0,False
2026-09-25,other,823,Corsican Mint,Resource,145,Pointe-à-Pitre,713,0.1,325,76.0,False
2026-09-25,other,823,Corsican Mint,Resource,142,Port-Louis,713,0.1,325,70.0,False
2026-09-25,other,823,Corsican Mint,Resource,152,Roseau,713,0.1,325,70.0,False
2026-09-25,other,1347,Crooked Cedar,Resource,357,Kidd's Harbour,800,0.1,1,32.0,False
2026-09-25,other,1347,Crooked Cedar,Resource,23,Pitt's Town,800,0.1,1,34.0,False
2026-09-25,other,1347,Crooked Cedar,Resource,355,Saint George's Town,800,0.1,1,31.0,False
2026-09-25,other,854,Cuban Tobacco,Resource,38,La Habana,549,0.1,250,89.0,False
2026-09-25,other,854,Cuban Tobacco,Resource,65,Pinar del Río,549,0.1,250,50.0,False
2026-09-25,other,854,Cuban Tobacco,Resource,43,Remedios,549,0.1,250,80.0,False
2026-09-25,other,854,Cuban Tobacco,Resource,62,San Lazaro,549,0.1,250,82.0,False
2026-09-25,other,854,Cuban Tobacco,Resource,68,Santa Fe,549,0.1,250,68.0,False
2026-09-25,other,854,Cuban Tobacco,Resource,59,Trinidad,549,0.1,250,88.0,False
2026-09-25,other,1902,Cuirass,Resource,333,Charleston,3991,0.1,1815,45.0,False
2026-09-25,other,1902,Cuirass,Resource,129,Christiansted,3991,0.1,1815,52.0,False
2026-09-25,other,1902,Cuirass,Resource,156,Fort-Royal,3991,0.1,1815,48.0,False
2026-09-25,other,1902,Cuirass,Resource,133,Gustavia,3991,0.1,1815,48.0,False
2026-09-25,other,1902,Cuirass,Resource,38,La Habana,3991,0.1,1815,55.0,False
2026-09-25,other,1902,Cuirass,Resource,27,Mortimer Town,3991,0.1,1815,25.0,False
2026-09-25,other,1902,Cuirass,Resource,366,Shroud Cay,3991,0.1,1815,41.0,False
2026-09-25,other,1902,Cuirass,Resource,174,Willemstad,3991,0.1,1815,24.0,False
2026-09-25,other,33,Danish Beer,Resource,129,Christiansted,2023,0.1,920,60.0,False
2026-09-25,other,33,Danish Beer,Resource,134,Codrington,2023,0.1,920,68.0,False
2026-09-25,other,33,Danish Beer,Resource,133,Gustavia,2023,0.1,920,56.0,False
2026-09-25,other,33,Danish Beer,Resource,136,Oranjestad,2023,0.1,920,52.0,False
2026-09-25,other,33,Danish Beer,Resource,140,Saint John's,2023,0.1,920,67.0,False
2026-09-25,other,33,Danish Beer,Resource,127,Spanish Town,2023,0.1,920,72.0,False
2026-09-25,other,814,Danish Pickled Herring,Resource,129,Christiansted,550,0.1,250,70.0,False
2026-09-25,other,816,Danish Yeasts,Resource,129,Christiansted,587,0.1,267,84.0,False
2026-09-25,other,1894,Danzic Oak,Resource,204,Maracaibo,10000,0.1,4545,224.0,False
2026-09-25,other,1894,Danzic Oak,Resource,169,Puerto de España,10000,0.1,4545,204.0,False
2026-09-25,other,1894,Danzic Oak,Resource,127,Spanish Town,10000,0.1,4545,204.0,False
2026-09-25,other,989,Doubloons,MarkItem,372,Cul-de-Sac,4,0.1,4,820.0,False
2026-09-25,other,989,Doubloons,MarkItem,355,Saint George's Town,4,0.1,4,300.0,False
2026-09-25,other,838,Dutch Cacao,Resource,174,Willemstad,2466,0.1,1121,72.0,False
2026-09-25,other,839,Dutch Laudanum,Resource,174,Willemstad,3083,0.1,1402,60.0,False
2026-09-25,other,840,Dutch Peanut Butter,Resource,216,Canalete,653,0.1,297,80.0,False
2026-09-25,other,840,Dutch Peanut Butter,Resource,212,Cartagena de Indias,653,0.1,297,78.0,False
2026-09-25,other,840,Dutch Peanut Butter,Resource,198,Casigua,653,0.1,297,65.0,False
2026-09-25,other,840,Dutch Peanut Butter,Resource,201,Gibraltar,653,0.1,297,68.0,False
2026-09-25,other,840,Dutch Peanut Butter,Resource,204,Maracaibo,653,0.1,297,76.0,False
2026-09-25,other,840,Dutch Peanut Butter,Resource,210,Santa Marta,653,0.1,297,80.0,False
2026-09-25,other,840,Dutch Peanut Butter,Resource,174,Willemstad,653,0.1,297,82.0,False
2026-09-25,other,1878,East Indian spices,Resource,66,Corrientes,2993,0.1,1361,62.0,False
2026-09-25,other,1878,East Indian spices,Resource,38,La Habana,2993,0.1,1361,54.0,False
2026-09-25,other,1878,East Indian spices,Resource,65,Pinar del Río,2993,0.1,1361,64.0,False
2026-09-25,other,1878,East Indian spices,Resource,43,Remedios,2993,0.1,1361,51.0,False
2026-09-25,other,1878,East Indian spices,Resource,68,Santa Fe,2993,0.1,1361,68.0,False
2026-09-25,other,1878,East Indian spices,Resource,59,Trinidad,2993,0.1,1361,66.0,False
2026-09-25,other,1924,European books,Resource,333,Charleston,3906,0.1,1775,52.0,False
2026-09-25,other,1924,European books,Resource,129,Christiansted,3906,0.1,1775,60.0,False
2026-09-25,other,1924,European books,Resource,156,Fort-Royal,3906,0.1,1775,48.0,False
2026-09-25,other,1924,European books,Resource,133,Gustavia,3906,0.1,1775,60.0,False
2026-09-25,other,1924,European books,Resource,79,Kingston / Port Royal,3906,0.1,1775,41.0,False
2026-09-25,other,1924,European books,Resource,38,La Habana,3906,0.1,1775,62.0,False
2026-09-25,other,1924,European books,Resource,27,Mortimer Town,3906,0.1,1775,56.0,False
2026-09-25,other,1924,European books,Resource,366,Shroud Cay,3906,0.1,1775,60.0,False
2026-09-25,other,1924,European books,Resource,174,Willemstad,3906,0.1,1775,52.0,False
2026-09-25,other,824,Fine Fabrics,Resource,333,Charleston,2642,0.1,1201,65.0,False
2026-09-25,other,824,Fine Fabrics,Resource,129,Christiansted,2642,0.1,1201,60.0,False
2026-09-25,other,824,Fine Fabrics,Resource,156,Fort-Royal,2642,0.1,1201,54.0,False
2026-09-25,other,824,Fine Fabrics,Resource,133,Gustavia,2642,0.1,1201,59.0,False
2026-09-25,other,824,Fine Fabrics,Resource,79,Kingston / Port Royal,2642,0.1,1201,66.0,False
2026-09-25,other,824,Fine Fabrics,Resource,38,La Habana,2642,0.1,1201,56.0,False
2026-09-25,other,824,Fine Fabrics,Resource,27,Mortimer Town,2642,0.1,1201,66.0,False
2026-09-25,other,824,Fine Fabrics,Resource,366,Shroud Cay,2642,0.1,1201,64.0,False
2026-09-25,other,824,Fine Fabrics,Resource,174,Willemstad,2642,0.1,1201,70.0,False
2026-09-25,other,858,Fine Leather,Resource,325,Ayamonte,2608,0.1,1185,71.0,False
2026-09-25,other,858,Fine Leather,Resource,321,Ays,2608,0.1,1185,64.0,False
2026-09-25,other,858,Fine Leather,Resource,311,Gasparilla,2608,0.1,1185,65.0,False
2026-09-25,other,858,Fine Leather,Resource,316,Islamorada,2608,0.1,1185,60.0,False
2026-09-25,other,858,Fine Leather,Resource,326,San Agustín,2608,0.1,1185,51.0,False
2026-09-25,other,858,Fine Leather,Resource,305,San Marcos,2608,0.1,1185,54.0,False
2026-09-25,other,1840,Flannel,Resource,321,Ays,2033,0.1,925,62.0,False
2026-09-25,other,1840,Flannel,Resource,317,Cayo Largo,2033,0.1,925,69.0,False
2026-09-25,other,1840,Flannel,Resource,311,Gasparilla,2033,0.1,925,59.0,False
2026-09-25,other,1840,Flannel,Resource,316,Islamorada,2033,0.1,925,74.0,False
2026-09-25,other,1840,Flannel,Resource,324,New Smyrna,2033,0.1,925,70.0,False
2026-09-25,other,1840,Flannel,Resource,326,San Agustín,2033,0.1,925,79.0,False
2026-09-25,other,1840,Flannel,Resource,305,San Marcos,2033,0.1,925,64.0,False
2026-09-25,other,844,French perfume,Resource,109,Baní,3135,0.1,1425,64.0,False
2026-09-25,other,844,French perfume,Resource,97,Cap-Français,3135,0.1,1425,64.0,False
2026-09-25,other,844,French perfume,Resource,86,Les Cayes,3135,0.1,1425,51.0,False
2026-09-25,other,844,French perfume,Resource,89,Nippes,3135,0.1,1425,67.0,False
2026-09-25,other,844,French perfume,Resource,91,Port-au-Prince,3135,0.1,1425,60.0,False
2026-09-25,other,844,French perfume,Resource,101,Puerto Plata,3135,0.1,1425,54.0,False
2026-09-25,other,844,French perfume,Resource,108,Santo Domingo,3135,0.1,1425,58.0,False
2026-09-25,other,1349,French Sail Cloth,Resource,297,Nouvelle-Orléans,400,0.1,1,43.0,False
2026-09-25,other,1349,French Sail Cloth,Resource,91,Port-au-Prince,400,0.1,182,12.0,False
2026-09-25,other,1854,Garlic,Resource,230,Bluefields,520,0.1,236,72.0,False
2026-09-25,other,1854,Garlic,Resource,219,Mandinga,520,0.1,236,70.0,False
2026-09-25,other,1854,Garlic,Resource,227,Matina,520,0.1,236,72.0,False
2026-09-25,other,1854,Garlic,Resource,235,Old Providence,520,0.1,236,78.0,False
2026-09-25,other,1854,Garlic,Resource,220,Portobelo,520,0.1,236,84.0,False
2026-09-25,other,1864,Gin,Resource,72,George Town,1204,0.1,547,56.0,False
2026-09-25,other,1864,Gin,Resource,79,Kingston / Port Royal,1204,0.1,547,64.0,False
2026-09-25,other,1864,Gin,Resource,352,Pedro Cay,1204,0.1,547,60.0,False
2026-09-25,other,1864,Gin,Resource,81,Savanna la Mar,1204,0.1,547,54.0,False
2026-09-25,other,1855,Gobelins tapestry,Resource,146,Basse-Terre,5000,0.1,2273,24.0,False
2026-09-25,other,1855,Gobelins tapestry,Resource,149,Camp du Roy,5000,0.1,2273,58.0,False
2026-09-25,other,1855,Gobelins tapestry,Resource,145,Pointe-à-Pitre,5000,0.1,2273,55.0,False
2026-09-25,other,1855,Gobelins tapestry,Resource,152,Roseau,5000,0.1,2273,51.0,False
2026-09-25,other,846,Gold ingots,Resource,278,Almeria,7671,0.1,3487,44.0,False
2026-09-25,other,846,Gold ingots,Resource,282,Soto La Marina,7671,0.1,3487,38.0,False
2026-09-25,other,846,Gold ingots,Resource,276,Vera Cruz,7671,0.1,3487,42.0,False
2026-09-25,other,1866,Grapefruit,Resource,161,Bridgetown,1017,0.1,463,88.0,False
2026-09-25,other,1866,Grapefruit,Resource,163,Carriacou,1017,0.1,463,82.0,False
2026-09-25,other,1866,Grapefruit,Resource,158,Castries,1017,0.1,463,92.0,False
2026-09-25,other,1440,Greenheart,Resource,161,Bridgetown,10000,0.1,4545,202.0,False
2026-09-25,other,1440,Greenheart,Resource,79,Kingston / Port Royal,10000,0.1,4545,149.0,False
2026-09-25,other,1440,Greenheart,Resource,160,Saint Joseph,10000,0.1,4545,208.0,False
2026-09-25,other,1350,Grietje van Dijk,Resource,269,Campeche,400,0.1,1,38.0,False
2026-09-25,other,1350,Grietje van Dijk,Resource,101,Puerto Plata,400,0.1,1,36.0,False
2026-09-25,other,1350,Grietje van Dijk,Resource,174,Willemstad,400,0.1,1,46.0,False
2026-09-25,other,1351,Guacata Saltpeter,Resource,374,Guacata,400,0.1,1,32.0,False
2026-09-25,other,1863,Gunpowder,Resource,274,Espíritu Santo,1024,0.1,465,68.0,False
2026-09-25,other,1863,Gunpowder,Resource,282,Soto La Marina,1024,0.1,465,47.0,False
2026-09-25,other,1863,Gunpowder,Resource,276,Vera Cruz,1024,0.1,465,71.0,False
2026-09-25,other,38,Historical Artifact,Resource,253,Belize,4568,0.1,2076,57.0,False
2026-09-25,other,38,Historical Artifact,Resource,243,Black River,4568,0.1,2076,38.0,False
2026-09-25,other,38,Historical Artifact,Resource,230,Bluefields,4568,0.1,2076,60.0,False
2026-09-25,other,38,Historical Artifact,Resource,237,Brangman's Bluff,4568,0.1,2076,32.0,False
2026-09-25,other,38,Historical Artifact,Resource,232,Haulover,4568,0.1,2076,49.0,False
2026-09-25,other,38,Historical Artifact,Resource,227,Matina,4568,0.1,2076,50.0,False
2026-09-25,other,38,Historical Artifact,Resource,235,Old Providence,4568,0.1,2076,60.0,False
2026-09-25,other,38,Historical Artifact,Resource,250,Omoa,4568,0.1,2076,60.0,False
2026-09-25,other,38,Historical Artifact,Resource,252,Placentia,4568,0.1,2076,60.0,False
2026-09-25,other,38,Historical Artifact,Resource,220,Portobelo,4568,0.1,2076,50.0,False
2026-09-25,other,833,Honey,Resource,193,Caracas,2163,0.1,984,65.0,False
2026-09-25,other,833,Honey,Resource,212,Cartagena de Indias,2163,0.1,984,70.0,False
2026-09-25,other,833,Honey,Resource,196,Coro,2163,0.1,984,74.0,False
2026-09-25,other,833,Honey,Resource,189,Cumaná,2163,0.1,984,66.0,False
2026-09-25,other,833,Honey,Resource,201,Gibraltar,2163,0.1,984,68.0,False
2026-09-25,other,833,Honey,Resource,204,Maracaibo,2163,0.1,984,66.0,False
2026-09-25,other,833,Honey,Resource,185,Pampatar,2163,0.1,984,62.0,False
2026-09-25,other,833,Honey,Resource,169,Puerto de España,2163,0.1,984,62.0,False
2026-09-25,other,833,Honey,Resource,210,Santa Marta,2163,0.1,984,62.0,False
2026-09-25,other,833,Honey,Resource,176,Santo Tomé de Guayana,2163,0.1,984,62.0,False
2026-09-25,other,833,Honey,Resource,205,Sinamaica,2163,0.1,984,56.0,False
2026-09-25,other,833,Honey,Resource,174,Willemstad,2163,0.1,984,134.0,False
2026-09-25,other,833,Honey,Resource,168,Naparima,2168,0.1,986,58.0,False
2026-09-25,other,1826,Horses,Resource,333,Charleston,1246,0.1,566,82.0,False
2026-09-25,other,1826,Horses,Resource,129,Christiansted,1246,0.1,566,70.0,False
2026-09-25,other,1826,Horses,Resource,156,Fort-Royal,1246,0.1,566,67.0,False
2026-09-25,other,1826,Horses,Resource,133,Gustavia,1246,0.1,566,110.0,False
2026-09-25,other,1826,Horses,Resource,79,Kingston / Port Royal,1246,0.1,566,54.0,False
2026-09-25,other,1826,Horses,Resource,38,La Habana,1246,0.1,566,52.0,False
2026-09-25,other,1826,Horses,Resource,27,Mortimer Town,1246,0.1,566,54.0,False
2026-09-25,other,1826,Horses,Resource,366,Shroud Cay,1246,0.1,566,62.0,False
2026-09-25,other,1826,Horses,Resource,174,Willemstad,1246,0.1,566,65.0,False
2026-09-25,other,1124,Hull Repairs,Material,333,Charleston,146,0.1,40,1231.0,False
2026-09-25,other,1124,Hull Repairs,Material,129,Christiansted,146,0.1,40,1240.0,False
2026-09-25,other,1124,Hull Repairs,Material,156,Fort-Royal,146,0.1,40,1147.0,False
2026-09-25,other,1124,Hull Repairs,Material,79,Kingston / Port Royal,146,0.1,40,848.0,False
2026-09-25,other,1124,Hull Repairs,Material,38,La Habana,146,0.1,40,1223.0,False
2026-09-25,other,1124,Hull Repairs,Material,27,Mortimer Town,146,0.1,40,1174.0,False
2026-09-25,other,1124,Hull Repairs,Material,366,Shroud Cay,146,0.1,40,850.0,False
2026-09-25,other,1124,Hull Repairs,Material,174,Willemstad,146,0.1,40,1301.0,False
2026-09-25,other,790,Iberian Dried Pork,Resource,38,La Habana,540,0.1,245,84.0,False
2026-09-25,other,1886,Indian Bay Leaf,Resource,79,Kingston / Port Royal,2351,0.1,1069,60.0,False
2026-09-25,other,802,Indian tea,Resource,161,Bridgetown,5248,0.1,2385,46.0,False
2026-09-25,other,802,Indian tea,Resource,158,Castries,5248,0.1,2385,29.0,False
2026-09-25,other,857,Indigo,Resource,340,Arenas,1540,0.1,700,94.0,False
2026-09-25,other,857,Indigo,Resource,269,Campeche,1540,0.1,700,73.0,False
2026-09-25,other,857,Indigo,Resource,256,Salamanca,1540,0.1,700,68.0,False
2026-09-25,other,857,Indigo,Resource,268,Sisal,1540,0.1,700,74.0,False
2026-09-25,other,857,Indigo,Resource,273,Victoria,1540,0.1,700,92.0,False
2026-09-25,other,1901,Italian Larch,Resource,333,Charleston,10000,0.1,4545,108.0,False
2026-09-25,other,1901,Italian Larch,Resource,331,Savannah,10000,0.1,4545,119.0,False
2026-09-25,other,1901,Italian Larch,Resource,328,Sunbury,10000,0.1,4545,224.0,False
2026-09-25,other,1879,Ivory,Resource,38,La Habana,4930,0.1,2241,52.0,False
2026-09-25,other,1879,Ivory,Resource,65,Pinar del Río,4930,0.1,2241,37.0,False
2026-09-25,other,1879,Ivory,Resource,43,Remedios,4930,0.1,2241,38.0,False
2026-09-25,other,1879,Ivory,Resource,68,Santa Fe,4930,0.1,2241,57.0,False
2026-09-25,other,817,Jutland Amber,Resource,129,Christiansted,5428,0.1,2467,49.0,False
2026-09-25,other,798,Kentucky Bourbon,Resource,333,Charleston,3972,0.1,1805,49.0,False
2026-09-25,other,818,Kurland Oak,Resource,366,Shroud Cay,2373,0.1,1079,72.0,False
2026-09-25,other,806,Lancashire Iron,Resource,72,George Town,3305,0.1,1503,49.0,False
2026-09-25,other,806,Lancashire Iron,Resource,79,Kingston / Port Royal,3305,0.1,1503,48.0,False
2026-09-25,other,806,Lancashire Iron,Resource,352,Pedro Cay,3305,0.1,1503,40.0,False
2026-09-25,other,806,Lancashire Iron,Resource,81,Savanna la Mar,3305,0.1,1503,52.0,False
2026-09-25,other,825,Languedoc Violins,Resource,97,Cap-Français,5900,0.1,2682,50.0,False
2026-09-25,other,825,Languedoc Violins,Resource,90,Léogane,5900,0.1,2682,45.0,False
2026-09-25,other,825,Languedoc Violins,Resource,91,Port-au-Prince,5900,0.1,2682,50.0,False
2026-09-25,other,825,Languedoc Violins,Resource,101,Puerto Plata,5900,0.1,2682,50.0,False
2026-09-25,other,825,Languedoc Violins,Resource,108,Santo Domingo,5900,0.1,2682,27.0,False
2026-09-25,other,1853,Lemons,Resource,230,Bluefields,522,0.1,237,68.0,False
2026-09-25,other,1853,Lemons,Resource,221,Chagres,522,0.1,237,76.0,False
2026-09-25,other,1853,Lemons,Resource,233,Great River,522,0.1,237,88.0,False
2026-09-25,other,1853,Lemons,Resource,227,Matina,522,0.1,237,82.0,False
2026-09-25,other,1853,Lemons,Resource,235,Old Providence,522,0.1,237,80.0,False
2026-09-25,other,1853,Lemons,Resource,220,Portobelo,522,0.1,237,74.0,False
2026-09-25,other,30,Lignum Vitae Log,Resource,129,Christiansted,61,0.1,16,1.0,False
2026-09-25,other,1849,Limes,Resource,367,Green Cay,709,0.1,323,102.0,False
2026-09-25,other,1849,Limes,Resource,9,Marsh Harbour,709,0.1,323,101.0,False
2026-09-25,other,1849,Limes,Resource,12,Morgan's Bluff,709,0.1,323,83.0,False
2026-09-25,other,1849,Limes,Resource,14,Nassau,709,0.1,323,88.0,False
2026-09-25,other,1849,Limes,Resource,366,Shroud Cay,709,0.1,323,88.0,False
2026-09-25,other,1849,Limes,Resource,4,West End,709,0.1,323,96.0,False
2026-09-25,other,1859,Liqueur ,Resource,289,Ahumada,1234,0.1,561,76.0,False
2026-09-25,other,1859,Liqueur ,Resource,294,Atchafalaya,1234,0.1,561,60.0,False
2026-09-25,other,1859,Liqueur ,Resource,277,Bernal,1234,0.1,561,70.0,False
2026-09-25,other,1859,Liqueur ,Resource,287,La Bahía,1234,0.1,561,64.0,False
2026-09-25,other,1859,Liqueur ,Resource,297,Nouvelle-Orléans,1234,0.1,561,60.0,False
2026-09-25,other,1859,Liqueur ,Resource,301,Penzacola,1234,0.1,561,60.0,False
2026-09-25,other,1859,Liqueur ,Resource,282,Soto La Marina,1234,0.1,561,80.0,False
2026-09-25,other,1859,Liqueur ,Resource,276,Vera Cruz,1234,0.1,561,63.0,False
2026-09-25,other,300,Live Oak Log,Resource,326,San Agustín,1000,0.1,455,4160.0,False
2026-09-25,other,1858,Livestock,Resource,304,Apalachicola,1054,0.1,479,168.0,False
2026-09-25,other,1858,Livestock,Resource,260,Asunción,1054,0.1,479,144.0,False
2026-09-25,other,1858,Livestock,Resource,211,Barranquilla,1054,0.1,479,167.0,False
2026-09-25,other,1858,Livestock,Resource,146,Basse-Terre,1054,0.1,479,158.0,False
2026-09-25,other,1858,Livestock,Resource,332,Beaufort,1054,0.1,479,144.0,False
2026-09-25,other,1858,Livestock,Resource,10,Bimini,1054,0.1,479,158.0,False
2026-09-25,other,1858,Livestock,Resource,350,Bone Cay,1054,0.1,479,152.0,False
2026-09-25,other,1858,Livestock,Resource,237,Brangman's Bluff,1054,0.1,479,158.0,False
2026-09-25,other,1858,Livestock,Resource,318,Cabo Cañaveral,1054,0.1,479,121.0,False
2026-09-25,other,1858,Livestock,Resource,80,Carlisle,1054,0.1,479,146.0,False
2026-09-25,other,1858,Livestock,Resource,44,Cayo Romano,1054,0.1,479,154.0,False
2026-09-25,other,1858,Livestock,Resource,129,Christiansted,1054,0.1,479,164.0,False
2026-09-25,other,1858,Livestock,Resource,223,Concepción,1054,0.1,479,172.0,False
2026-09-25,other,1858,Livestock,Resource,173,Fort Oranje,1054,0.1,479,164.0,False
2026-09-25,other,1858,Livestock,Resource,183,Galdonas,1054,0.1,479,166.0,False
2026-09-25,other,1858,Livestock,Resource,33,Grand Turk,1054,0.1,479,162.0,False
2026-09-25,other,1858,Livestock,Resource,48,Guibara,1054,0.1,479,160.0,False
2026-09-25,other,1858,Livestock,Resource,133,Gustavia,1054,0.1,479,171.0,False
2026-09-25,other,1858,Livestock,Resource,60,Jagua,1054,0.1,479,158.0,False
2026-09-25,other,1858,Livestock,Resource,341,La Bermeja,1054,0.1,479,158.0,False
2026-09-25,other,1858,Livestock,Resource,363,La Desconocida,1054,0.1,479,176.0,False
2026-09-25,other,1858,Livestock,Resource,38,La Habana,1054,0.1,479,131.0,False
2026-09-25,other,1858,Livestock,Resource,373,La Moussette,1054,0.1,479,176.0,False
2026-09-25,other,1858,Livestock,Resource,85,La Navasse,1054,0.1,479,152.0,False
2026-09-25,other,1858,Livestock,Resource,186,Macanao,1054,0.1,479,146.0,False
2026-09-25,other,1858,Livestock,Resource,155,Marin,1054,0.1,479,152.0,False
2026-09-25,other,1858,Livestock,Resource,75,Montego Bay,1054,0.1,479,162.0,False
2026-09-25,other,1858,Livestock,Resource,345,Mugeres,1054,0.1,479,166.0,False
2026-09-25,other,1858,Livestock,Resource,46,Nuevitas,1054,0.1,479,142.0,False
2026-09-25,other,1858,Livestock,Resource,368,Ocean Bight,1054,0.1,479,148.0,False
2026-09-25,other,1858,Livestock,Resource,136,Oranjestad,1054,0.1,479,117.0,False
2026-09-25,other,1858,Livestock,Resource,301,Penzacola,1054,0.1,479,142.0,False
2026-09-25,other,1858,Livestock,Resource,346,Placer,1054,0.1,479,135.0,False
2026-09-25,other,1858,Livestock,Resource,118,Ponce,1054,0.1,479,166.0,False
2026-09-25,other,1858,Livestock,Resource,5,Road Rocks,1054,0.1,479,160.0,False
2026-09-25,other,1858,Livestock,Resource,151,Rosaly,1054,0.1,479,166.0,False
2026-09-25,other,1858,Livestock,Resource,94,Saint-Nicolas,1054,0.1,479,166.0,False
2026-09-25,other,1858,Livestock,Resource,104,Samaná,1054,0.1,479,180.0,False
2026-09-25,other,1858,Livestock,Resource,200,San Timoteo,1054,0.1,479,148.0,False
2026-09-25,other,1858,Livestock,Resource,251,Santo Tomás,1054,0.1,479,176.0,False
2026-09-25,other,1858,Livestock,Resource,331,Savannah,1054,0.1,479,144.0,False
2026-09-25,other,1858,Livestock,Resource,349,Serrana,1054,0.1,479,174.0,False
2026-09-25,other,1858,Livestock,Resource,71,Siguanea,1054,0.1,479,180.0,False
2026-09-25,other,1858,Livestock,Resource,309,Tampa,1054,0.1,479,156.0,False
2026-09-25,other,1858,Livestock,Resource,280,Tampico,1054,0.1,479,136.0,False
2026-09-25,other,1858,Livestock,Resource,126,The Settlement,1054,0.1,479,142.0,False
2026-09-25,other,1858,Livestock,Resource,376,Wantlands Ferry,1054,0.1,479,136.0,False
2026-09-25,other,1858,Livestock,Resource,22,Watlings,1054,0.1,479,168.0,False
2026-09-25,other,1858,Livestock,Resource,181,Yaguaraparo,1054,0.1,479,156.0,False
2026-09-25,other,1858,Livestock,Resource,247,Útila,1054,0.1,479,180.0,False
2026-09-25,other,1345,Locust Log,Resource,193,Caracas,1000,0.1,455,4179.0,False
2026-09-25,other,1345,Locust Log,Resource,140,Saint John's,1000,0.1,455,4140.0,False
2026-09-25,other,1850,Logwood,Resource,255,Ambergrease Cay,3684,0.1,1675,56.0,False
2026-09-25,other,1850,Logwood,Resource,253,Belize,3684,0.1,1675,62.0,False
2026-09-25,other,1850,Logwood,Resource,243,Black River,3684,0.1,1675,56.0,False
2026-09-25,other,1850,Logwood,Resource,237,Brangman's Bluff,3684,0.1,1675,56.0,False
2026-09-25,other,1850,Logwood,Resource,250,Omoa,3684,0.1,1675,50.0,False
2026-09-25,other,1352,Longleaf Pine Log,Resource,289,Ahumada,100,0.1,45,504.0,False
2026-09-25,other,1352,Longleaf Pine Log,Resource,374,Guacata,100,0.1,45,504.0,False
2026-09-25,other,1352,Longleaf Pine Log,Resource,100,La Isabela,100,0.1,45,504.0,False
2026-09-25,other,1352,Longleaf Pine Log,Resource,307,Las Sabinas,100,0.1,45,504.0,False
2026-09-25,other,1352,Longleaf Pine Log,Resource,312,Manataca,100,0.1,45,504.0,False
2026-09-25,other,1352,Longleaf Pine Log,Resource,300,Mobile,100,0.1,45,504.0,False
2026-09-25,other,1352,Longleaf Pine Log,Resource,99,Montecristi,100,0.1,45,502.0,False
2026-09-25,other,1352,Longleaf Pine Log,Resource,326,San Agustín,100,0.1,45,501.0,False
2026-09-25,other,1352,Longleaf Pine Log,Resource,288,San Luis,100,0.1,45,508.0,False
2026-09-25,other,1352,Longleaf Pine Log,Resource,305,San Marcos,100,0.1,45,504.0,False
2026-09-25,other,1352,Longleaf Pine Log,Resource,327,San Mateo,100,0.1,45,508.0,False
2026-09-25,other,1352,Longleaf Pine Log,Resource,302,Santa Rosa,100,0.1,45,503.0,False
2026-09-25,other,1845,Lumber,Resource,24,Atwoods,1158,0.1,526,82.0,False
2026-09-25,other,1845,Lumber,Resource,18,George's Town,1158,0.1,526,68.0,False
2026-09-25,other,1845,Lumber,Resource,33,Grand Turk,1158,0.1,526,70.0,False
2026-09-25,other,1845,Lumber,Resource,27,Mortimer Town,1158,0.1,526,80.0,False
2026-09-25,other,1845,Lumber,Resource,23,Pitt's Town,1158,0.1,526,82.0,False
2026-09-25,other,845,Madagascar Jewels,Resource,357,Kidd's Harbour,10124,0.1,4602,29.0,False
2026-09-25,other,845,Madagascar Jewels,Resource,356,North Inlet,10124,0.1,4602,40.0,False
2026-09-25,other,845,Madagascar Jewels,Resource,355,Saint George's Town,10124,0.1,4602,36.0,False
2026-09-25,other,845,Madagascar Jewels,Resource,353,Somerset,10124,0.1,4602,39.0,False
2026-09-25,other,826,Madagascar Tallow,Resource,156,Fort-Royal,3377,0.1,1535,53.0,False
2026-09-25,other,791,Madeira Wine,Resource,38,La Habana,2651,0.1,1205,62.0,False
2026-09-25,other,791,Madeira Wine,Resource,34,Mantua,2651,0.1,1205,60.0,False
2026-09-25,other,791,Madeira Wine,Resource,65,Pinar del Río,2651,0.1,1205,66.0,False
2026-09-25,other,791,Madeira Wine,Resource,43,Remedios,2651,0.1,1205,60.0,False
2026-09-25,other,791,Madeira Wine,Resource,68,Santa Fe,2651,0.1,1205,58.0,False
2026-09-25,other,791,Madeira Wine,Resource,59,Trinidad,2651,0.1,1205,58.0,False
2026-09-25,other,894,Mahogany Log,Resource,52,Santiago de Cuba,500,0.1,227,4100.0,False
2026-09-25,other,894,Mahogany Log,Resource,108,Santo Domingo,500,0.1,227,4100.0,False
2026-09-25,other,859,Maize,Resource,340,Arenas,535,0.1,244,148.0,False
2026-09-25,other,859,Maize,Resource,321,Ays,535,0.1,244,158.0,False
2026-09-25,other,859,Maize,Resource,36,Bahía Honda,535,0.1,244,163.0,False
2026-09-25,other,859,Maize,Resource,146,Basse-Terre,535,0.1,244,203.0,False
2026-09-25,other,859,Maize,Resource,32,Blondel Cay,535,0.1,244,152.0,False
2026-09-25,other,859,Maize,Resource,245,Bonacca,535,0.1,244,180.0,False
2026-09-25,other,859,Maize,Resource,350,Bone Cay,535,0.1,244,151.0,False
2026-09-25,other,859,Maize,Resource,97,Cap-Français,535,0.1,244,186.0,False
2026-09-25,other,859,Maize,Resource,74,Cayman Brac,535,0.1,244,168.0,False
2026-09-25,other,859,Maize,Resource,333,Charleston,535,0.1,244,124.0,False
2026-09-25,other,859,Maize,Resource,344,Conttoy,535,0.1,244,175.0,False
2026-09-25,other,859,Maize,Resource,124,Coral Bay,535,0.1,244,180.0,False
2026-09-25,other,859,Maize,Resource,372,Cul-de-Sac,535,0.1,244,166.0,False
2026-09-25,other,859,Maize,Resource,69,Daguilla,535,0.1,244,179.0,False
2026-09-25,other,859,Maize,Resource,175,Fort Zoutman,535,0.1,244,178.0,False
2026-09-25,other,859,Maize,Resource,128,Frederiksted,535,0.1,244,158.0,False
2026-09-25,other,859,Maize,Resource,311,Gasparilla,535,0.1,244,174.0,False
2026-09-25,other,859,Maize,Resource,18,George's Town,535,0.1,244,182.0,False
2026-09-25,other,859,Maize,Resource,201,Gibraltar,535,0.1,244,154.0,False
2026-09-25,other,859,Maize,Resource,48,Guibara,535,0.1,244,190.0,False
2026-09-25,other,859,Maize,Resource,119,Guánica,535,0.1,244,144.0,False
2026-09-25,other,859,Maize,Resource,306,Hitten Hatcha,535,0.1,244,186.0,False
2026-09-25,other,859,Maize,Resource,79,Kingston / Port Royal,535,0.1,244,188.0,False
2026-09-25,other,859,Maize,Resource,42,La Anguila,535,0.1,244,184.0,False
2026-09-25,other,859,Maize,Resource,100,La Isabela,535,0.1,244,145.0,False
2026-09-25,other,859,Maize,Resource,373,La Moussette,535,0.1,244,184.0,False
2026-09-25,other,859,Maize,Resource,154,La Trinité,535,0.1,244,142.0,False
2026-09-25,other,859,Maize,Resource,8,Little Harbour,535,0.1,244,156.0,False
2026-09-25,other,859,Maize,Resource,131,Marigot,535,0.1,244,178.0,False
2026-09-25,other,859,Maize,Resource,11,Mimbres,535,0.1,244,184.0,False
2026-09-25,other,859,Maize,Resource,75,Montego Bay,535,0.1,244,186.0,False
2026-09-25,other,859,Maize,Resource,27,Mortimer Town,535,0.1,244,117.0,False
2026-09-25,other,859,Maize,Resource,190,Nueva Barcelona,535,0.1,244,148.0,False
2026-09-25,other,859,Maize,Resource,46,Nuevitas,535,0.1,244,154.0,False
2026-09-25,other,859,Maize,Resource,185,Pampatar,535,0.1,244,184.0,False
2026-09-25,other,859,Maize,Resource,234,Prinzapolka,535,0.1,244,156.0,False
2026-09-25,other,859,Maize,Resource,151,Rosaly,535,0.1,244,168.0,False
2026-09-25,other,859,Maize,Resource,84,Saint-Louis,535,0.1,244,142.0,False
2026-09-25,other,859,Maize,Resource,296,Saint-Malo,535,0.1,244,162.0,False
2026-09-25,other,859,Maize,Resource,283,San Fernando,535,0.1,244,168.0,False
2026-09-25,other,859,Maize,Resource,228,San Juan del Norte,535,0.1,244,168.0,False
2026-09-25,other,859,Maize,Resource,56,Santa Cruz,535,0.1,244,188.0,False
2026-09-25,other,859,Maize,Resource,210,Santa Marta,535,0.1,244,188.0,False
2026-09-25,other,859,Maize,Resource,176,Santo Tomé de Guayana,535,0.1,244,170.0,False
2026-09-25,other,859,Maize,Resource,349,Serrana,535,0.1,244,184.0,False
2026-09-25,other,859,Maize,Resource,328,Sunbury,535,0.1,244,136.0,False
2026-09-25,other,859,Maize,Resource,263,Tantun Cuzamil,535,0.1,244,156.0,False
2026-09-25,other,859,Maize,Resource,249,Triunfo de la Cruz,535,0.1,244,176.0,False
2026-09-25,other,859,Maize,Resource,3,Walker's Cay,535,0.1,244,185.0,False
2026-09-25,other,859,Maize,Resource,335,Wilmington,535,0.1,244,178.0,False
2026-09-25,other,807,Malabar Teak,Resource,161,Bridgetown,10000,0.1,4545,175.0,False
2026-09-25,other,807,Malabar Teak,Resource,79,Kingston / Port Royal,10000,0.1,4545,72.0,False
2026-09-25,other,807,Malabar Teak,Resource,160,Saint Joseph,10000,0.1,4545,183.0,False
2026-09-25,other,1871,Mangoes,Resource,193,Caracas,577,0.1,263,59.0,False
2026-09-25,other,1871,Mangoes,Resource,189,Cumaná,577,0.1,263,76.0,False
2026-09-25,other,1871,Mangoes,Resource,166,El Toco,577,0.1,263,69.0,False
2026-09-25,other,1871,Mangoes,Resource,185,Pampatar,577,0.1,263,66.0,False
2026-09-25,other,1871,Mangoes,Resource,169,Puerto de España,577,0.1,263,70.0,False
2026-09-25,other,1871,Mangoes,Resource,176,Santo Tomé de Guayana,577,0.1,263,80.0,False
2026-09-25,other,1889,Marble,Resource,38,La Habana,3386,0.1,1539,70.0,False
2026-09-25,other,1844,Medicinal bark,Resource,18,George's Town,2522,0.1,1146,54.0,False
2026-09-25,other,1844,Medicinal bark,Resource,33,Grand Turk,2522,0.1,1146,62.0,False
2026-09-25,other,1844,Medicinal bark,Resource,27,Mortimer Town,2522,0.1,1146,56.0,False
2026-09-25,other,1844,Medicinal bark,Resource,23,Pitt's Town,2522,0.1,1146,52.0,False
2026-09-25,other,792,Merino Wool,Resource,291,Calcasieu,856,0.1,389,74.0,False
2026-09-25,other,792,Merino Wool,Resource,287,La Bahía,856,0.1,389,76.0,False
2026-09-25,other,792,Merino Wool,Resource,297,Nouvelle-Orléans,856,0.1,389,79.0,False
2026-09-25,other,792,Merino Wool,Resource,301,Penzacola,856,0.1,389,64.0,False
2026-09-25,other,1890,Molasses,Resource,16,Governor's Harbour,1768,0.1,804,84.0,False
2026-09-25,other,1890,Molasses,Resource,9,Marsh Harbour,1768,0.1,804,72.0,False
2026-09-25,other,1890,Molasses,Resource,12,Morgan's Bluff,1768,0.1,804,76.0,False
2026-09-25,other,1890,Molasses,Resource,14,Nassau,1768,0.1,804,80.0,False
2026-09-25,other,1890,Molasses,Resource,366,Shroud Cay,1768,0.1,804,80.0,False
2026-09-25,other,1890,Molasses,Resource,4,West End,1768,0.1,804,70.0,False
2026-09-25,other,2426,Money Locker,Resource,333,Charleston,1500000,0.1,1,120.0,False
2026-09-25,other,2426,Money Locker,Resource,129,Christiansted,1500000,0.1,1,120.0,False
2026-09-25,other,2426,Money Locker,Resource,156,Fort-Royal,1500000,0.1,1,120.0,False
2026-09-25,other,2426,Money Locker,Resource,133,Gustavia,1500000,0.1,1,120.0,False
2026-09-25,other,2426,Money Locker,Resource,79,Kingston / Port Royal,1500000,0.1,1,120.0,False
2026-09-25,other,2426,Money Locker,Resource,38,La Habana,1500000,0.1,1,120.0,False
2026-09-25,other,2426,Money Locker,Resource,27,Mortimer Town,1500000,0.1,1,120.0,False
2026-09-25,other,2426,Money Locker,Resource,366,Shroud Cay,1500000,0.1,1,120.0,False
2026-09-25,other,2426,Money Locker,Resource,174,Willemstad,1500000,0.1,1,120.0,False
2026-09-25,other,1870,Mosaic,Resource,113,Aguadilla,2507,0.1,1140,56.0,False
2026-09-25,other,1870,Mosaic,Resource,118,Ponce,2507,0.1,1140,60.0,False
2026-09-25,other,1870,Mosaic,Resource,115,San Juan,2507,0.1,1140,58.0,False
2026-09-25,other,1891,Muskets,Resource,333,Charleston,4191,0.1,1905,36.0,False
2026-09-25,other,1891,Muskets,Resource,129,Christiansted,4191,0.1,1905,57.0,False
2026-09-25,other,1891,Muskets,Resource,156,Fort-Royal,4191,0.1,1905,38.0,False
2026-09-25,other,1891,Muskets,Resource,133,Gustavia,4191,0.1,1905,36.0,False
2026-09-25,other,1891,Muskets,Resource,79,Kingston / Port Royal,4191,0.1,1905,59.0,False
2026-09-25,other,1891,Muskets,Resource,38,La Habana,4191,0.1,1905,47.0,False
2026-09-25,other,1891,Muskets,Resource,27,Mortimer Town,4191,0.1,1905,48.0,False
2026-09-25,other,1891,Muskets,Resource,366,Shroud Cay,4191,0.1,1905,58.0,False
2026-09-25,other,1891,Muskets,Resource,174,Willemstad,4191,0.1,1905,51.0,False
2026-09-25,other,1353,Nassau Quartermaster,Resource,14,Nassau,400,0.1,1,36.0,False
2026-09-25,other,1898,New England Fir,Resource,333,Charleston,10000,0.1,4545,220.0,False
2026-09-25,other,1898,New England Fir,Resource,331,Savannah,10000,0.1,4545,118.0,False
2026-09-25,other,1898,New England Fir,Resource,328,Sunbury,10000,0.1,4545,214.0,False
2026-09-25,other,827,Normandy Cider,Resource,146,Basse-Terre,1042,0.1,474,63.0,False
2026-09-25,other,827,Normandy Cider,Resource,156,Fort-Royal,1042,0.1,474,62.0,False
2026-09-25,other,827,Normandy Cider,Resource,139,La Désirade,1042,0.1,474,70.0,False
2026-09-25,other,827,Normandy Cider,Resource,145,Pointe-à-Pitre,1042,0.1,474,59.0,False
2026-09-25,other,827,Normandy Cider,Resource,152,Roseau,1042,0.1,474,81.0,False
2026-09-25,other,819,Norwegian Fox Fur,Resource,129,Christiansted,6003,0.1,2729,50.0,False
2026-09-25,other,1852,Olmec stone mask,Resource,230,Bluefields,5757,0.1,2617,54.0,False
2026-09-25,other,1852,Olmec stone mask,Resource,229,Grindstone,5757,0.1,2617,48.0,False
2026-09-25,other,1852,Olmec stone mask,Resource,227,Matina,5757,0.1,2617,54.0,False
2026-09-25,other,1852,Olmec stone mask,Resource,217,New Edinburgh,5757,0.1,2617,47.0,False
2026-09-25,other,1852,Olmec stone mask,Resource,235,Old Providence,5757,0.1,2617,45.0,False
2026-09-25,other,1852,Olmec stone mask,Resource,220,Portobelo,5757,0.1,2617,46.0,False
2026-09-25,other,799,Oregon Beaver Coats,Resource,333,Charleston,5525,0.1,2512,48.0,False
2026-09-25,other,1888,Pearl necklaces,Resource,27,Mortimer Town,4108,0.1,1867,48.0,False
2026-09-25,other,1867,Pearls,Resource,116,Fajardo,5771,0.1,2624,54.0,False
2026-09-25,other,1867,Pearls,Resource,118,Ponce,5771,0.1,2624,37.0,False
2026-09-25,other,1867,Pearls,Resource,115,San Juan,5771,0.1,2624,52.0,False
2026-09-25,other,1872,Pineapples,Resource,193,Caracas,514,0.1,234,76.0,False
2026-09-25,other,1872,Pineapples,Resource,189,Cumaná,514,0.1,234,74.0,False
2026-09-25,other,1872,Pineapples,Resource,185,Pampatar,514,0.1,234,72.0,False
2026-09-25,other,1872,Pineapples,Resource,194,Puerto Cabello,514,0.1,234,78.0,False
2026-09-25,other,1872,Pineapples,Resource,169,Puerto de España,514,0.1,234,86.0,False
2026-09-25,other,1872,Pineapples,Resource,176,Santo Tomé de Guayana,514,0.1,234,66.0,False
2026-09-25,other,1872,Pineapples,Resource,165,Scarborough,514,0.1,234,72.0,False
2026-09-25,other,1354,Pino Ocote Log,Resource,257,Bensalem,100,0.1,45,510.0,False
2026-09-25,other,1354,Pino Ocote Log,Resource,70,Cocodrilo,100,0.1,45,504.0,False
2026-09-25,other,1354,Pino Ocote Log,Resource,107,El Soco,100,0.1,45,504.0,False
2026-09-25,other,1354,Pino Ocote Log,Resource,106,Higüey,100,0.1,45,512.0,False
2026-09-25,other,1354,Pino Ocote Log,Resource,314,Las Tortugas,100,0.1,45,510.0,False
2026-09-25,other,1354,Pino Ocote Log,Resource,248,Morro Chico,100,0.1,45,507.0,False
2026-09-25,other,1354,Pino Ocote Log,Resource,238,Mosquito Cay,100,0.1,45,506.0,False
2026-09-25,other,1354,Pino Ocote Log,Resource,64,Robras,100,0.1,45,510.0,False
2026-09-25,other,1354,Pino Ocote Log,Resource,246,Ruatan,100,0.1,45,507.0,False
2026-09-25,other,1354,Pino Ocote Log,Resource,239,Sandy Bay,100,0.1,45,510.0,False
2026-09-25,other,1354,Pino Ocote Log,Resource,71,Siguanea,100,0.1,45,504.0,False
2026-09-25,other,1354,Pino Ocote Log,Resource,249,Triunfo de la Cruz,100,0.1,45,504.0,False
2026-09-25,other,1354,Pino Ocote Log,Resource,254,Turneffe,100,0.1,45,510.0,False
2026-09-25,other,1354,Pino Ocote Log,Resource,247,Útila,100,0.1,45,510.0,False
2026-09-25,other,1913,Porcelain,Resource,333,Charleston,6090,0.1,2768,25.0,False
2026-09-25,other,1913,Porcelain,Resource,129,Christiansted,6090,0.1,2768,50.0,False
2026-09-25,other,1913,Porcelain,Resource,156,Fort-Royal,6090,0.1,2768,20.0,False
2026-09-25,other,1913,Porcelain,Resource,133,Gustavia,6090,0.1,2768,38.0,False
2026-09-25,other,1913,Porcelain,Resource,38,La Habana,6090,0.1,2768,24.0,False
2026-09-25,other,1913,Porcelain,Resource,27,Mortimer Town,6090,0.1,2768,26.0,False
2026-09-25,other,1913,Porcelain,Resource,366,Shroud Cay,6090,0.1,2768,47.0,False
2026-09-25,other,1883,Potato,Resource,340,Arenas,590,0.1,268,92.0,False
2026-09-25,other,1883,Potato,Resource,269,Campeche,590,0.1,268,94.0,False
2026-09-25,other,1883,Potato,Resource,256,Salamanca,590,0.1,268,94.0,False
2026-09-25,other,1883,Potato,Resource,268,Sisal,590,0.1,268,84.0,False
2026-09-25,other,829,Provence Oak,Resource,156,Fort-Royal,1792,0.1,815,58.0,False
2026-09-25,other,1868,Quartz,Resource,114,Arecibo,1250,0.1,568,64.0,False
2026-09-25,other,1868,Quartz,Resource,118,Ponce,1250,0.1,568,74.0,False
2026-09-25,other,1868,Quartz,Resource,115,San Juan,1250,0.1,568,76.0,False
2026-09-25,other,863,Rangoon Teak,Resource,161,Bridgetown,10000,0.1,4545,110.0,False
2026-09-25,other,863,Rangoon Teak,Resource,79,Kingston / Port Royal,10000,0.1,4545,181.0,False
2026-09-25,other,863,Rangoon Teak,Resource,160,Saint Joseph,10000,0.1,4545,218.0,False
2026-09-25,other,842,Red Chilli,Resource,193,Caracas,3760,0.1,1709,25.0,False
2026-09-25,other,842,Red Chilli,Resource,189,Cumaná,3760,0.1,1709,50.0,False
2026-09-25,other,842,Red Chilli,Resource,185,Pampatar,3760,0.1,1709,60.0,False
2026-09-25,other,842,Red Chilli,Resource,169,Puerto de España,3760,0.1,1709,53.0,False
2026-09-25,other,842,Red Chilli,Resource,192,Río Chico,3760,0.1,1709,64.0,False
2026-09-25,other,842,Red Chilli,Resource,176,Santo Tomé de Guayana,3760,0.1,1709,66.0,False
2026-09-25,other,1885,Rice,Resource,79,Kingston / Port Royal,915,0.1,416,82.0,False
2026-09-25,other,1122,Rig Repairs,Material,333,Charleston,105,0.1,28,1052.0,False
2026-09-25,other,1122,Rig Repairs,Material,129,Christiansted,105,0.1,28,1246.0,False
2026-09-25,other,1122,Rig Repairs,Material,156,Fort-Royal,105,0.1,28,1294.0,False
2026-09-25,other,1122,Rig Repairs,Material,79,Kingston / Port Royal,105,0.1,28,864.0,False
2026-09-25,other,1122,Rig Repairs,Material,38,La Habana,105,0.1,28,1149.0,False
2026-09-25,other,1122,Rig Repairs,Material,27,Mortimer Town,105,0.1,28,1103.0,False
2026-09-25,other,1122,Rig Repairs,Material,366,Shroud Cay,105,0.1,28,689.0,False
2026-09-25,other,1122,Rig Repairs,Material,174,Willemstad,105,0.1,28,1178.0,False
2026-09-25,other,1896,Riga Fir,Resource,204,Maracaibo,10000,0.1,4545,44.0,False
2026-09-25,other,1896,Riga Fir,Resource,169,Puerto de España,10000,0.1,4545,111.0,False
2026-09-25,other,1896,Riga Fir,Resource,127,Spanish Town,10000,0.1,4545,142.0,False
2026-09-25,other,1355,Royal Naval College Graduate,Resource,161,Bridgetown,400,0.1,1,45.0,False
2026-09-25,other,1851,Rubber,Resource,253,Belize,2372,0.1,1078,54.0,False
2026-09-25,other,1851,Rubber,Resource,257,Bensalem,2372,0.1,1078,66.0,False
2026-09-25,other,1851,Rubber,Resource,243,Black River,2372,0.1,1078,54.0,False
2026-09-25,other,1851,Rubber,Resource,230,Bluefields,2372,0.1,1078,62.0,False
2026-09-25,other,1851,Rubber,Resource,237,Brangman's Bluff,2372,0.1,1078,63.0,False
2026-09-25,other,1851,Rubber,Resource,222,Calobelo,2372,0.1,1078,62.0,False
2026-09-25,other,1851,Rubber,Resource,232,Haulover,2372,0.1,1078,66.0,False
2026-09-25,other,1851,Rubber,Resource,227,Matina,2372,0.1,1078,62.0,False
2026-09-25,other,1851,Rubber,Resource,235,Old Providence,2372,0.1,1078,66.0,False
2026-09-25,other,1851,Rubber,Resource,250,Omoa,2372,0.1,1078,64.0,False
2026-09-25,other,1851,Rubber,Resource,220,Portobelo,2372,0.1,1078,58.0,False
2026-09-25,other,835,Russian Vodka,Resource,366,Shroud Cay,1390,0.1,632,80.0,False
2026-09-25,other,1356,Sabicu Log,Resource,14,Nassau,500,0.1,227,4163.0,False
2026-09-25,other,1356,Sabicu Log,Resource,91,Port-au-Prince,500,0.1,227,4095.0,False
2026-09-25,other,820,Sail duck,Resource,161,Bridgetown,1559,0.1,709,84.0,False
2026-09-25,other,820,Sail duck,Resource,158,Castries,1559,0.1,709,95.0,False
2026-09-25,other,820,Sail duck,Resource,162,Kingstown,1559,0.1,709,88.0,False
2026-09-25,other,815,Salted pork,Resource,253,Belize,550,0.1,250,97.0,False
2026-09-25,other,815,Salted pork,Resource,243,Black River,550,0.1,250,72.0,False
2026-09-25,other,815,Salted pork,Resource,237,Brangman's Bluff,550,0.1,250,80.0,False
2026-09-25,other,815,Salted pork,Resource,250,Omoa,550,0.1,250,88.0,False
2026-09-25,other,794,Sevilla Muskets,Resource,97,Cap-Français,6112,0.1,2778,23.0,False
2026-09-25,other,794,Sevilla Muskets,Resource,106,Higüey,6112,0.1,2778,42.0,False
2026-09-25,other,794,Sevilla Muskets,Resource,86,Les Cayes,6112,0.1,2778,23.0,False
2026-09-25,other,794,Sevilla Muskets,Resource,91,Port-au-Prince,6112,0.1,2778,23.0,False
2026-09-25,other,794,Sevilla Muskets,Resource,101,Puerto Plata,6112,0.1,2778,40.0,False
2026-09-25,other,794,Sevilla Muskets,Resource,92,Saint-Marc,6112,0.1,2778,46.0,False
2026-09-25,other,830,Sevres Stained Glass,Resource,146,Basse-Terre,5506,0.1,2503,46.0,False
2026-09-25,other,830,Sevres Stained Glass,Resource,156,Fort-Royal,5506,0.1,2503,48.0,False
2026-09-25,other,830,Sevres Stained Glass,Resource,145,Pointe-à-Pitre,5506,0.1,2503,25.0,False
2026-09-25,other,830,Sevres Stained Glass,Resource,152,Roseau,5506,0.1,2503,42.0,False
2026-09-25,other,830,Sevres Stained Glass,Resource,144,Saint-François,5506,0.1,2503,37.0,False
2026-09-25,other,1884,Silk,Resource,79,Kingston / Port Royal,5256,0.1,2389,25.0,False
2026-09-25,other,1881,Silver ingots,Resource,340,Arenas,6145,0.1,2794,54.0,False
2026-09-25,other,1881,Silver ingots,Resource,269,Campeche,6145,0.1,2794,25.0,False
2026-09-25,other,1881,Silver ingots,Resource,271,Puerto Real,6145,0.1,2794,42.0,False
2026-09-25,other,1881,Silver ingots,Resource,256,Salamanca,6145,0.1,2794,54.0,False
2026-09-25,other,1881,Silver ingots,Resource,268,Sisal,6145,0.1,2794,48.0,False
2026-09-25,other,795,Spanish Almonds,Resource,122,Pasaje,540,0.1,245,80.0,False
2026-09-25,other,795,Spanish Almonds,Resource,118,Ponce,540,0.1,245,78.0,False
2026-09-25,other,795,Spanish Almonds,Resource,115,San Juan,540,0.1,245,68.0,False
2026-09-25,other,796,Spanish Dried Fruits,Resource,282,Soto La Marina,527,0.1,240,57.0,False
2026-09-25,other,796,Spanish Dried Fruits,Resource,279,Tuspan,527,0.1,240,70.0,False
2026-09-25,other,796,Spanish Dried Fruits,Resource,276,Vera Cruz,527,0.1,240,65.0,False
2026-09-25,other,1357,Spanish Square Sails,Resource,269,Campeche,800,0.1,1,40.0,False
2026-09-25,other,1357,Spanish Square Sails,Resource,38,La Habana,800,0.1,1,43.0,False
2026-09-25,other,1357,Spanish Square Sails,Resource,169,Puerto de España,800,0.1,1,40.0,False
2026-09-25,other,1357,Spanish Square Sails,Resource,108,Santo Domingo,800,0.1,1,33.0,False
2026-09-25,other,793,Spanish Walnut Oil,Resource,193,Caracas,1538,0.1,699,70.0,False
2026-09-25,other,793,Spanish Walnut Oil,Resource,196,Coro,1538,0.1,699,71.0,False
2026-09-25,other,793,Spanish Walnut Oil,Resource,189,Cumaná,1538,0.1,699,66.0,False
2026-09-25,other,793,Spanish Walnut Oil,Resource,185,Pampatar,1538,0.1,699,76.0,False
2026-09-25,other,793,Spanish Walnut Oil,Resource,169,Puerto de España,1538,0.1,699,70.0,False
2026-09-25,other,793,Spanish Walnut Oil,Resource,176,Santo Tomé de Guayana,1538,0.1,699,62.0,False
2026-09-25,other,793,Spanish Walnut Oil,Resource,165,Scarborough,1538,0.1,699,76.0,False
2026-09-25,other,43,Stone Block,Resource,333,Charleston,24,0.1,6,1450.0,False
2026-09-25,other,43,Stone Block,Resource,169,Puerto de España,24,0.1,6,620.0,False
2026-09-25,other,809,Suffolk Cheese,Resource,129,Christiansted,946,0.1,430,78.0,False
2026-09-25,other,809,Suffolk Cheese,Resource,133,Gustavia,946,0.1,430,64.0,False
2026-09-25,other,809,Suffolk Cheese,Resource,136,Oranjestad,946,0.1,430,84.0,False
2026-09-25,other,809,Suffolk Cheese,Resource,140,Saint John's,946,0.1,430,49.0,False
2026-09-25,other,809,Suffolk Cheese,Resource,127,Spanish Town,946,0.1,430,68.0,False
2026-09-25,other,843,Suriname Indigo,Resource,193,Caracas,2285,0.1,1039,35.0,False
2026-09-25,other,843,Suriname Indigo,Resource,189,Cumaná,2285,0.1,1039,56.0,False
2026-09-25,other,843,Suriname Indigo,Resource,185,Pampatar,2285,0.1,1039,56.0,False
2026-09-25,other,843,Suriname Indigo,Resource,169,Puerto de España,2285,0.1,1039,60.0,False
2026-09-25,other,843,Suriname Indigo,Resource,195,Río Tocuyo,2285,0.1,1039,64.0,False
2026-09-25,other,843,Suriname Indigo,Resource,176,Santo Tomé de Guayana,2285,0.1,1039,64.0,False
2026-09-25,other,843,Suriname Indigo,Resource,168,Naparima,2290,0.1,1042,62.0,False
2026-09-25,other,810,Sussex Oak,Resource,72,George Town,2511,0.1,1142,44.0,False
2026-09-25,other,810,Sussex Oak,Resource,79,Kingston / Port Royal,2511,0.1,1142,50.0,False
2026-09-25,other,810,Sussex Oak,Resource,352,Pedro Cay,2511,0.1,1142,48.0,False
2026-09-25,other,810,Sussex Oak,Resource,81,Savanna la Mar,2511,0.1,1142,44.0,False
2026-09-25,other,836,Swedish flax,Resource,133,Gustavia,2028,0.1,922,76.0,False
2026-09-25,other,37,Swedish Iron,Resource,133,Gustavia,2850,0.1,1295,54.0,False
2026-09-25,other,44,Teak Log,Resource,161,Bridgetown,500,0.1,227,4179.0,False
2026-09-25,other,1862,Tequila,Resource,287,La Bahía,1552,0.1,705,78.0,False
2026-09-25,other,1862,Tequila,Resource,297,Nouvelle-Orléans,1552,0.1,705,56.0,False
2026-09-25,other,1862,Tequila,Resource,301,Penzacola,1552,0.1,705,66.0,False
2026-09-25,other,1862,Tequila,Resource,288,San Luis,1552,0.1,705,66.0,False
2026-09-25,other,1862,Tequila,Resource,282,Soto La Marina,1552,0.1,705,63.0,False
2026-09-25,other,1862,Tequila,Resource,295,Terrebonne,1552,0.1,705,68.0,False
2026-09-25,other,1862,Tequila,Resource,276,Vera Cruz,1552,0.1,705,66.0,False
2026-09-25,other,811,Textile Machinery,Resource,79,Kingston / Port Royal,6364,0.1,2893,19.0,False
2026-09-25,other,811,Textile Machinery,Resource,352,Pedro Cay,6364,0.1,2893,38.0,False
2026-09-25,other,811,Textile Machinery,Resource,81,Savanna la Mar,6364,0.1,2893,32.0,False
2026-09-25,other,1882,Tomato,Resource,340,Arenas,571,0.1,260,104.0,False
2026-09-25,other,1882,Tomato,Resource,269,Campeche,571,0.1,260,90.0,False
2026-09-25,other,1882,Tomato,Resource,256,Salamanca,571,0.1,260,82.0,False
2026-09-25,other,1882,Tomato,Resource,379,Salinas,571,0.1,260,90.0,False
2026-09-25,other,1882,Tomato,Resource,268,Sisal,571,0.1,260,102.0,False
2026-09-25,other,1825,Tools,Resource,342,Alacranes,1876,0.1,853,145.0,False
2026-09-25,other,1825,Tools,Resource,17,Arthur's Town,1876,0.1,853,127.0,False
2026-09-25,other,1825,Tools,Resource,50,Baracoa,1876,0.1,853,131.0,False
2026-09-25,other,1825,Tools,Resource,243,Black River,1876,0.1,853,150.0,False
2026-09-25,other,1825,Tools,Resource,329,Brunswick,1876,0.1,853,152.0,False
2026-09-25,other,1825,Tools,Resource,120,Cabo Rojo,1876,0.1,853,139.0,False
2026-09-25,other,1825,Tools,Resource,158,Castries,1876,0.1,853,157.0,False
2026-09-25,other,1825,Tools,Resource,178,Caño Araguabisi,1876,0.1,853,136.0,False
2026-09-25,other,1825,Tools,Resource,258,Chinchorro,1876,0.1,853,124.0,False
2026-09-25,other,1825,Tools,Resource,224,Chiriquí,1876,0.1,853,156.0,False
2026-09-25,other,1825,Tools,Resource,129,Christiansted,1876,0.1,853,139.0,False
2026-09-25,other,1825,Tools,Resource,361,Crown Haven,1876,0.1,853,127.0,False
2026-09-25,other,1825,Tools,Resource,265,El Cuyo,1876,0.1,853,128.0,False
2026-09-25,other,1825,Tools,Resource,202,Encontrados,1876,0.1,853,144.0,False
2026-09-25,other,1825,Tools,Resource,98,Fort-Dauphin,1876,0.1,853,127.0,False
2026-09-25,other,1825,Tools,Resource,334,Georgetown,1876,0.1,853,100.0,False
2026-09-25,other,1825,Tools,Resource,240,Gracias a Dios,1876,0.1,853,125.0,False
2026-09-25,other,1825,Tools,Resource,153,Grand Anse,1876,0.1,853,124.0,False
2026-09-25,other,1825,Tools,Resource,133,Gustavia,1876,0.1,853,144.0,False
2026-09-25,other,1825,Tools,Resource,370,Island Harbour,1876,0.1,853,152.0,False
2026-09-25,other,1825,Tools,Resource,28,Islet,1876,0.1,853,160.0,False
2026-09-25,other,1825,Tools,Resource,320,Jobe,1876,0.1,853,166.0,False
2026-09-25,other,1825,Tools,Resource,171,La Orchilla,1876,0.1,853,166.0,False
2026-09-25,other,1825,Tools,Resource,312,Manataca,1876,0.1,853,124.0,False
2026-09-25,other,1825,Tools,Resource,39,Matanzas,1876,0.1,853,182.0,False
2026-09-25,other,1825,Tools,Resource,347,Misteriosa,1876,0.1,853,152.0,False
2026-09-25,other,1825,Tools,Resource,248,Morro Chico,1876,0.1,853,128.0,False
2026-09-25,other,1825,Tools,Resource,235,Old Providence,1876,0.1,853,153.0,False
2026-09-25,other,1825,Tools,Resource,30,Parrot Cay,1876,0.1,853,127.0,False
2026-09-25,other,1825,Tools,Resource,352,Pedro Cay,1876,0.1,853,152.0,False
2026-09-25,other,1825,Tools,Resource,132,Philipsburg,1876,0.1,853,139.0,False
2026-09-25,other,1825,Tools,Resource,77,Port Antonio,1876,0.1,853,216.0,False
2026-09-25,other,1825,Tools,Resource,47,Puerto del Padre,1876,0.1,853,143.0,False
2026-09-25,other,1825,Tools,Resource,191,Píritu,1876,0.1,853,147.0,False
2026-09-25,other,1825,Tools,Resource,43,Remedios,1876,0.1,853,155.0,False
2026-09-25,other,1825,Tools,Resource,102,Rincón,1876,0.1,853,152.0,False
2026-09-25,other,1825,Tools,Resource,209,Río de la Hacha,1876,0.1,853,134.0,False
2026-09-25,other,1825,Tools,Resource,157,Saint-Pierre,1876,0.1,853,128.0,False
2026-09-25,other,1825,Tools,Resource,303,San José,1876,0.1,853,164.0,False
2026-09-25,other,1825,Tools,Resource,305,San Marcos,1876,0.1,853,164.0,False
2026-09-25,other,1825,Tools,Resource,68,Santa Fe,1876,0.1,853,158.0,False
2026-09-25,other,1825,Tools,Resource,81,Savanna la Mar,1876,0.1,853,153.0,False
2026-09-25,other,1825,Tools,Resource,336,Swannsborough,1876,0.1,853,149.0,False
2026-09-25,other,1825,Tools,Resource,281,Tamiagua,1876,0.1,853,139.0,False
2026-09-25,other,1825,Tools,Resource,148,Terre-de-Bas,1876,0.1,853,163.0,False
2026-09-25,other,1825,Tools,Resource,87,Tiburon,1876,0.1,853,121.0,False
2026-09-25,other,1825,Tools,Resource,59,Trinidad,1876,0.1,853,145.0,False
2026-09-25,other,1825,Tools,Resource,360,Water Bay,1876,0.1,853,131.0,False
2026-09-25,other,1825,Tools,Resource,174,Willemstad,1876,0.1,853,212.0,False
2026-09-25,other,1825,Tools,Resource,364,William's Bay,1876,0.1,853,154.0,False
2026-09-25,other,1874,Topaz,Resource,215,Buena Vista,6521,0.1,2965,32.0,False
2026-09-25,other,1874,Topaz,Resource,212,Cartagena de Indias,6521,0.1,2965,38.0,False
2026-09-25,other,1874,Topaz,Resource,206,Cojoro,6521,0.1,2965,48.0,False
2026-09-25,other,1874,Topaz,Resource,201,Gibraltar,6521,0.1,2965,22.0,False
2026-09-25,other,1874,Topaz,Resource,210,Santa Marta,6521,0.1,2965,45.0,False
2026-09-25,other,837,Ukrainian Grain,Resource,366,Shroud Cay,707,0.1,322,88.0,False
2026-09-25,other,800,Vermont Maple Sugar,Resource,321,Ays,1415,0.1,644,60.0,False
2026-09-25,other,800,Vermont Maple Sugar,Resource,333,Charleston,1415,0.1,644,62.0,False
2026-09-25,other,800,Vermont Maple Sugar,Resource,311,Gasparilla,1415,0.1,644,69.0,False
2026-09-25,other,800,Vermont Maple Sugar,Resource,316,Islamorada,1415,0.1,644,68.0,False
2026-09-25,other,800,Vermont Maple Sugar,Resource,314,Las Tortugas,1415,0.1,644,64.0,False
2026-09-25,other,800,Vermont Maple Sugar,Resource,326,San Agustín,1415,0.1,644,73.0,False
2026-09-25,other,800,Vermont Maple Sugar,Resource,305,San Marcos,1415,0.1,644,68.0,False
2026-09-25,other,800,Vermont Maple Sugar,Resource,327,San Mateo,1415,0.1,644,46.0,False
2026-09-25,other,800,Vermont Maple Sugar,Resource,331,Savannah,1415,0.1,644,60.0,False
2026-09-25,other,800,Vermont Maple Sugar,Resource,335,Wilmington,1415,0.1,644,78.0,False
2026-09-25,other,831,Versailles Terracotta,Resource,110,Azua,4450,0.1,2023,56.0,False
2026-09-25,other,831,Versailles Terracotta,Resource,97,Cap-Français,4450,0.1,2023,48.0,False
2026-09-25,other,831,Versailles Terracotta,Resource,88,Jérémie,4450,0.1,2023,41.0,False
2026-09-25,other,831,Versailles Terracotta,Resource,86,Les Cayes,4450,0.1,2023,54.0,False
2026-09-25,other,831,Versailles Terracotta,Resource,91,Port-au-Prince,4450,0.1,2023,48.0,False
2026-09-25,other,831,Versailles Terracotta,Resource,101,Puerto Plata,4450,0.1,2023,52.0,False
2026-09-25,other,831,Versailles Terracotta,Resource,108,Santo Domingo,4450,0.1,2023,52.0,False
2026-09-25,other,1865,Whiskey,Resource,72,George Town,1725,0.1,785,62.0,False
2026-09-25,other,1865,Whiskey,Resource,79,Kingston / Port Royal,1725,0.1,785,50.0,False
2026-09-25,other,1865,Whiskey,Resource,352,Pedro Cay,1725,0.1,785,56.0,False
2026-09-25,other,1865,Whiskey,Resource,81,Savanna la Mar,1725,0.1,785,50.0,False
2026-09-25,other,1359,White Oak Log,Resource,297,Nouvelle-Orléans,500,0.1,227,4108.0,False
2026-09-25,other,1856,White Pepper,Resource,50,Baracoa,2198,0.1,999,65.0,False
2026-09-25,other,1856,White Pepper,Resource,53,Guamá Sevilla,2198,0.1,999,53.0,False
2026-09-25,other,1856,White Pepper,Resource,46,Nuevitas,2198,0.1,999,58.0,False
2026-09-25,other,1856,White Pepper,Resource,52,Santiago de Cuba,2198,0.1,999,60.0,False
2026-09-25,other,808,Wool,Resource,253,Belize,670,0.1,305,72.0,False
2026-09-25,other,808,Wool,Resource,243,Black River,670,0.1,305,70.0,False
2026-09-25,other,808,Wool,Resource,237,Brangman's Bluff,670,0.1,305,68.0,False
2026-09-25,other,808,Wool,Resource,250,Omoa,670,0.1,305,72.0,False
2026-09-25,other,808,Wool,Resource,254,Turneffe,670,0.1,305,74.0,False
2026-09-25,other,812,Yorkshire Pudding,Resource,129,Christiansted,570,0.1,259,72.0,False
2026-09-25,other,812,Yorkshire Pudding,Resource,133,Gustavia,570,0.1,259,51.0,False
2026-09-25,other,812,Yorkshire Pudding,Resource,136,Oranjestad,570,0.1,259,76.0,False
2026-09-25,other,812,Yorkshire Pudding,Resource,369,Plymouth,570,0.1,259,71.0,False
2026-09-25,other,812,Yorkshire Pudding,Resource,140,Saint John's,570,0.1,259,89.0,False
2026-09-25,other,812,Yorkshire Pudding,Resource,127,Spanish Town,570,0.1,259,72.0,False
