logical_day,product_group,item_id,item_name,item_type,port_id,port_name,listed_unit_price_before_tax,port_tax_rate,npc_pays_player,ordinary_quantity,is_infinite
2026-09-12,craft,2975,Ball Ammo,Resource,243,Black River,14,0.05,1,19449.0,False
2026-09-12,craft,2975,Ball Ammo,Resource,350,Bone Cay,14,0.05,1,500808.0,False
2026-09-12,craft,2975,Ball Ammo,Resource,161,Bridgetown,14,0.05,1,3875.0,False
2026-09-12,craft,2975,Ball Ammo,Resource,269,Campeche,14,0.05,1,6553.0,False
2026-09-12,craft,2975,Ball Ammo,Resource,74,Cayman Brac,14,0.05,1,66077.0,False
2026-09-12,craft,2975,Ball Ammo,Resource,323,Cayo Biscayno,14,0.05,1,5162.0,False
2026-09-12,craft,2975,Ball Ammo,Resource,333,Charleston,14,0.05,1,8723.0,False
2026-09-12,craft,2975,Ball Ammo,Resource,258,Chinchorro,14,0.05,1,1204.0,False
2026-09-12,craft,2975,Ball Ammo,Resource,66,Corrientes,14,0.05,1,76849.0,False
2026-09-12,craft,2975,Ball Ammo,Resource,241,Croata,14,0.05,1,7775.0,False
2026-09-12,craft,2975,Ball Ammo,Resource,361,Crown Haven,14,0.05,1,500000.0,False
2026-09-12,craft,2975,Ball Ammo,Resource,214,Dariena,14,0.05,1,500000.0,False
2026-09-12,craft,2975,Ball Ammo,Resource,135,Fort Baai,14,0.05,1,10641.0,False
2026-09-12,craft,2975,Ball Ammo,Resource,311,Gasparilla,14,0.05,1,1659.0,False
2026-09-12,craft,2975,Ball Ammo,Resource,374,Guacata,14,0.05,1,628.0,False
2026-09-12,craft,2975,Ball Ammo,Resource,179,Guayaguayare,14,0.05,1,500000.0,False
2026-09-12,craft,2975,Ball Ammo,Resource,106,Higüey,14,0.05,1,15457.0,False
2026-09-12,craft,2975,Ball Ammo,Resource,370,Island Harbour,14,0.05,1,12626.0,False
2026-09-12,craft,2975,Ball Ammo,Resource,357,Kidd's Harbour,14,0.05,1,2692.0,False
2026-09-12,craft,2975,Ball Ammo,Resource,100,La Isabela,14,0.05,1,818.0,False
2026-09-12,craft,2975,Ball Ammo,Resource,307,Las Sabinas,14,0.05,1,6943.0,False
2026-09-12,craft,2975,Ball Ammo,Resource,314,Las Tortugas,14,0.05,1,1904.0,False
2026-09-12,craft,2975,Ball Ammo,Resource,8,Little Harbour,14,0.05,1,360.0,False
2026-09-12,craft,2975,Ball Ammo,Resource,55,Manzanillo,14,0.05,1,139.0,False
2026-09-12,craft,2975,Ball Ammo,Resource,11,Mimbres,14,0.05,1,500645.0,False
2026-09-12,craft,2975,Ball Ammo,Resource,12,Morgan's Bluff,14,0.05,1,429.0,False
2026-09-12,craft,2975,Ball Ammo,Resource,297,Nouvelle-Orléans,14,0.05,1,24715.0,False
2026-09-12,craft,2975,Ball Ammo,Resource,46,Nuevitas,14,0.05,1,760.0,False
2026-09-12,craft,2975,Ball Ammo,Resource,352,Pedro Cay,14,0.05,1,5.0,False
2026-09-12,craft,2975,Ball Ammo,Resource,301,Penzacola,14,0.05,1,426112.0,False
2026-09-12,craft,2975,Ball Ammo,Resource,203,Perijá,14,0.05,1,1457.0,False
2026-09-12,craft,2975,Ball Ammo,Resource,65,Pinar del Río,14,0.05,1,161683.0,False
2026-09-12,craft,2975,Ball Ammo,Resource,54,Portillo,14,0.05,1,5278.0,False
2026-09-12,craft,2975,Ball Ammo,Resource,49,Puerto de Nipe,14,0.05,1,2308.0,False
2026-09-12,craft,2975,Ball Ammo,Resource,296,Saint-Malo,14,0.05,1,77577.0,False
2026-09-12,craft,2975,Ball Ammo,Resource,62,San Lazaro,14,0.05,1,198741.0,False
2026-09-12,craft,2975,Ball Ammo,Resource,305,San Marcos,14,0.05,1,5222.0,False
2026-09-12,craft,2975,Ball Ammo,Resource,68,Santa Fe,14,0.05,1,8700.0,False
2026-09-12,craft,2975,Ball Ammo,Resource,57,Santa María,14,0.05,1,102186.0,False
2026-09-12,craft,2975,Ball Ammo,Resource,108,Santo Domingo,14,0.05,1,93885.0,False
2026-09-12,craft,2975,Ball Ammo,Resource,176,Santo Tomé de Guayana,14,0.05,1,16425.0,False
2026-09-12,craft,2975,Ball Ammo,Resource,349,Serrana,14,0.05,1,1481.0,False
2026-09-12,craft,2975,Ball Ammo,Resource,366,Shroud Cay,14,0.05,1,2029.0,False
2026-09-12,craft,2975,Ball Ammo,Resource,268,Sisal,14,0.05,1,4190.0,False
2026-09-12,craft,2975,Ball Ammo,Resource,309,Tampa,14,0.05,1,14887.0,False
2026-09-12,craft,2975,Ball Ammo,Resource,244,Truxillo,14,0.05,1,6911.0,False
2026-09-12,craft,2975,Ball Ammo,Resource,343,Tumbado,14,0.05,1,500050.0,False
2026-09-12,craft,2975,Ball Ammo,Resource,4,West End,14,0.05,1,124.0,False
2026-09-12,craft,2975,Ball Ammo,Resource,364,William's Bay,14,0.05,1,1315.0,False
2026-09-12,craft,360,Barrels,Material,225,Almirante,6,0.05,1,4.0,False
2026-09-12,craft,360,Barrels,Material,150,Aves,6,0.05,1,218.0,False
2026-09-12,craft,360,Barrels,Material,321,Ays,6,0.05,1,20.0,False
2026-09-12,craft,360,Barrels,Material,103,Bahía Escocesa,6,0.05,1,6.0,False
2026-09-12,craft,360,Barrels,Material,137,Basseterre Town,6,0.05,1,9.0,False
2026-09-12,craft,360,Barrels,Material,10,Bimini,6,0.05,1,1.0,False
2026-09-12,craft,360,Barrels,Material,243,Black River,6,0.05,1,8.0,False
2026-09-12,craft,360,Barrels,Material,230,Bluefields,6,0.05,1,39.0,False
2026-09-12,craft,360,Barrels,Material,245,Bonacca,6,0.05,1,7.0,False
2026-09-12,craft,360,Barrels,Material,350,Bone Cay,6,0.05,1,12.0,False
2026-09-12,craft,360,Barrels,Material,161,Bridgetown,6,0.05,1,23.0,False
2026-09-12,craft,360,Barrels,Material,329,Brunswick,6,0.05,1,8.0,False
2026-09-12,craft,360,Barrels,Material,318,Cabo Cañaveral,6,0.05,1,4.0,False
2026-09-12,craft,360,Barrels,Material,208,Cabo de la Vela,6,0.05,1,8.0,False
2026-09-12,craft,360,Barrels,Material,269,Campeche,6,0.05,1,46.0,False
2026-09-12,craft,360,Barrels,Material,193,Caracas,6,0.05,1,3.0,False
2026-09-12,craft,360,Barrels,Material,74,Cayman Brac,6,0.05,1,139.0,False
2026-09-12,craft,360,Barrels,Material,323,Cayo Biscayno,6,0.05,1,3926.0,False
2026-09-12,craft,360,Barrels,Material,44,Cayo Romano,6,0.05,1,18.0,False
2026-09-12,craft,360,Barrels,Material,177,Caño Araguao,6,0.05,1,16.0,False
2026-09-12,craft,360,Barrels,Material,129,Christiansted,6,0.05,1,120.0,False
2026-09-12,craft,360,Barrels,Material,259,Congrios,6,0.05,1,7.0,False
2026-09-12,craft,360,Barrels,Material,189,Cumaná,6,0.05,1,15.0,False
2026-09-12,craft,360,Barrels,Material,173,Fort Oranje,6,0.05,1,8249.0,False
2026-09-12,craft,360,Barrels,Material,311,Gasparilla,6,0.05,1,2145.0,False
2026-09-12,craft,360,Barrels,Material,72,George Town,6,0.05,1,7.0,False
2026-09-12,craft,360,Barrels,Material,334,Georgetown,6,0.05,1,46.0,False
2026-09-12,craft,360,Barrels,Material,16,Governor's Harbour,6,0.05,1,1.0,False
2026-09-12,craft,360,Barrels,Material,33,Grand Turk,6,0.05,1,485.0,False
2026-09-12,craft,360,Barrels,Material,231,Great Corn,6,0.05,1,35.0,False
2026-09-12,craft,360,Barrels,Material,233,Great River,6,0.05,1,16322.0,False
2026-09-12,craft,360,Barrels,Material,374,Guacata,6,0.05,1,18.0,False
2026-09-12,craft,360,Barrels,Material,179,Guayaguayare,6,0.05,1,5.0,False
2026-09-12,craft,360,Barrels,Material,119,Guánica,6,0.05,1,9.0,False
2026-09-12,craft,360,Barrels,Material,15,Harbour Island,6,0.05,1,7.0,False
2026-09-12,craft,360,Barrels,Material,316,Islamorada,6,0.05,1,2.0,False
2026-09-12,craft,360,Barrels,Material,83,Jacmel,6,0.05,1,25.0,False
2026-09-12,craft,360,Barrels,Material,88,Jérémie,6,0.05,1,44.0,False
2026-09-12,craft,360,Barrels,Material,79,Kingston / Port Royal,6,0.05,1,489.0,False
2026-09-12,craft,360,Barrels,Material,162,Kingstown,6,0.05,1,33.0,False
2026-09-12,craft,360,Barrels,Material,42,La Anguila,6,0.05,1,28.0,False
2026-09-12,craft,360,Barrels,Material,170,La Blanquilla,6,0.05,1,3.0,False
2026-09-12,craft,360,Barrels,Material,112,La Mona,6,0.05,1,4.0,False
2026-09-12,craft,360,Barrels,Material,187,La Tortuga,6,0.05,1,1.0,False
2026-09-12,craft,360,Barrels,Material,154,La Trinité,6,0.05,1,5.0,False
2026-09-12,craft,360,Barrels,Material,307,Las Sabinas,6,0.05,1,11.0,False
2026-09-12,craft,360,Barrels,Material,314,Las Tortugas,6,0.05,1,7.0,False
2026-09-12,craft,360,Barrels,Material,29,Little Inagua,6,0.05,1,7.0,False
2026-09-12,craft,360,Barrels,Material,90,Léogane,6,0.05,1,22.0,False
2026-09-12,craft,360,Barrels,Material,55,Manzanillo,6,0.05,1,5.0,False
2026-09-12,craft,360,Barrels,Material,9,Marsh Harbour,6,0.05,1,5.0,False
2026-09-12,craft,360,Barrels,Material,39,Matanzas,6,0.05,1,8.0,False
2026-09-12,craft,360,Barrels,Material,27,Mortimer Town,6,0.05,1,22.0,False
2026-09-12,craft,360,Barrels,Material,297,Nouvelle-Orléans,6,0.05,1,10000.0,False
2026-09-12,craft,360,Barrels,Material,235,Old Providence,6,0.05,1,14.0,False
2026-09-12,craft,360,Barrels,Material,136,Oranjestad,6,0.05,1,1.0,False
2026-09-12,craft,360,Barrels,Material,185,Pampatar,6,0.05,1,15.0,False
2026-09-12,craft,360,Barrels,Material,30,Parrot Cay,6,0.05,1,2.0,False
2026-09-12,craft,360,Barrels,Material,180,Pedernales,6,0.05,1,7.0,False
2026-09-12,craft,360,Barrels,Material,301,Penzacola,6,0.05,1,10000.0,False
2026-09-12,craft,360,Barrels,Material,203,Perijá,6,0.05,1,2.0,False
2026-09-12,craft,360,Barrels,Material,369,Plymouth,6,0.05,1,11.0,False
2026-09-12,craft,360,Barrels,Material,91,Port-au-Prince,6,0.05,1,8.0,False
2026-09-12,craft,360,Barrels,Material,54,Portillo,6,0.05,1,24.0,False
2026-09-12,craft,360,Barrels,Material,220,Portobelo,6,0.05,1,6.0,False
2026-09-12,craft,360,Barrels,Material,169,Puerto de España,6,0.05,1,15.0,False
2026-09-12,craft,360,Barrels,Material,49,Puerto de Nipe,6,0.05,1,15.0,False
2026-09-12,craft,360,Barrels,Material,51,Puerto Escondido,6,0.05,1,10.0,False
2026-09-12,craft,360,Barrels,Material,101,Puerto Plata,6,0.05,1,9.0,False
2026-09-12,craft,360,Barrels,Material,271,Puerto Real,6,0.05,1,5.0,False
2026-09-12,craft,360,Barrels,Material,191,Píritu,6,0.05,1,10.0,False
2026-09-12,craft,360,Barrels,Material,21,Ragged Cay,6,0.05,1,7.0,False
2026-09-12,craft,360,Barrels,Material,43,Remedios,6,0.05,1,81.0,False
2026-09-12,craft,360,Barrels,Material,5,Road Rocks,6,0.05,1,3.0,False
2026-09-12,craft,360,Barrels,Material,164,Saint George,6,0.05,1,2222.0,False
2026-09-12,craft,360,Barrels,Material,296,Saint-Malo,6,0.05,1,9002.0,False
2026-09-12,craft,360,Barrels,Material,92,Saint-Marc,6,0.05,1,5.0,False
2026-09-12,craft,360,Barrels,Material,94,Saint-Nicolas,6,0.05,1,4.0,False
2026-09-12,craft,360,Barrels,Material,82,Sale-Trou,6,0.05,1,59.0,False
2026-09-12,craft,360,Barrels,Material,303,San José,6,0.05,1,10000.0,False
2026-09-12,craft,360,Barrels,Material,115,San Juan,6,0.05,1,10.0,False
2026-09-12,craft,360,Barrels,Material,62,San Lazaro,6,0.05,1,1.0,False
2026-09-12,craft,360,Barrels,Material,305,San Marcos,6,0.05,1,4.0,False
2026-09-12,craft,360,Barrels,Material,57,Santa María,6,0.05,1,3.0,False
2026-09-12,craft,360,Barrels,Material,52,Santiago de Cuba,6,0.05,1,12.0,False
2026-09-12,craft,360,Barrels,Material,176,Santo Tomé de Guayana,6,0.05,1,73.0,False
2026-09-12,craft,360,Barrels,Material,81,Savanna la Mar,6,0.05,1,10.0,False
2026-09-12,craft,360,Barrels,Material,165,Scarborough,6,0.05,1,9.0,False
2026-09-12,craft,360,Barrels,Material,266,Selam,6,0.05,1,9.0,False
2026-09-12,craft,360,Barrels,Material,349,Serrana,6,0.05,1,3.0,False
2026-09-12,craft,360,Barrels,Material,71,Siguanea,6,0.05,1,13.0,False
2026-09-12,craft,360,Barrels,Material,309,Tampa,6,0.05,1,2.0,False
2026-09-12,craft,360,Barrels,Material,343,Tumbado,6,0.05,1,13.0,False
2026-09-12,craft,360,Barrels,Material,6,Turtle Cay,6,0.05,1,3.0,False
2026-09-12,craft,360,Barrels,Material,276,Vera Cruz,6,0.05,1,5001.0,False
2026-09-12,craft,360,Barrels,Material,273,Victoria,6,0.05,1,204.0,False
2026-09-12,craft,360,Barrels,Material,159,Vieux-Fort,6,0.05,1,3.0,False
2026-09-12,craft,360,Barrels,Material,22,Watlings,6,0.05,1,15.0,False
2026-09-12,craft,360,Barrels,Material,174,Willemstad,6,0.05,1,2.0,False
2026-09-12,craft,360,Barrels,Material,364,William's Bay,6,0.05,1,7039.0,False
2026-09-12,craft,906,Bermuda Cedar,Resource,355,Saint George's Town,15,0.05,1,2800.0,False
2026-09-12,craft,905,Charcoal,Material,123,Amalienborg,4,0.05,1,10000.0,False
2026-09-12,craft,905,Charcoal,Material,150,Aves,4,0.05,1,840.0,False
2026-09-12,craft,905,Charcoal,Material,245,Bonacca,4,0.05,1,16.0,False
2026-09-12,craft,905,Charcoal,Material,329,Brunswick,4,0.05,1,2.0,False
2026-09-12,craft,905,Charcoal,Material,269,Campeche,4,0.05,1,20.0,False
2026-09-12,craft,905,Charcoal,Material,74,Cayman Brac,4,0.05,1,1325.0,False
2026-09-12,craft,905,Charcoal,Material,241,Croata,4,0.05,1,260.0,False
2026-09-12,craft,905,Charcoal,Material,311,Gasparilla,4,0.05,1,1216.0,False
2026-09-12,craft,905,Charcoal,Material,233,Great River,4,0.05,1,45157.0,False
2026-09-12,craft,905,Charcoal,Material,316,Islamorada,4,0.05,1,1.0,False
2026-09-12,craft,905,Charcoal,Material,313,Key West,4,0.05,1,200.0,False
2026-09-12,craft,905,Charcoal,Material,79,Kingston / Port Royal,4,0.05,1,800.0,False
2026-09-12,craft,905,Charcoal,Material,42,La Anguila,4,0.05,1,1006.0,False
2026-09-12,craft,905,Charcoal,Material,90,Léogane,4,0.05,1,10000.0,False
2026-09-12,craft,905,Charcoal,Material,55,Manzanillo,4,0.05,1,7500.0,False
2026-09-12,craft,905,Charcoal,Material,227,Matina,4,0.05,1,3754.0,False
2026-09-12,craft,905,Charcoal,Material,27,Mortimer Town,4,0.05,1,8.0,False
2026-09-12,craft,905,Charcoal,Material,297,Nouvelle-Orléans,4,0.05,1,10469.0,False
2026-09-12,craft,905,Charcoal,Material,235,Old Providence,4,0.05,1,2140.0,False
2026-09-12,craft,905,Charcoal,Material,301,Penzacola,4,0.05,1,8332.0,False
2026-09-12,craft,905,Charcoal,Material,65,Pinar del Río,4,0.05,1,10000.0,False
2026-09-12,craft,905,Charcoal,Material,91,Port-au-Prince,4,0.05,1,3380.0,False
2026-09-12,craft,905,Charcoal,Material,54,Portillo,4,0.05,1,4206.0,False
2026-09-12,craft,905,Charcoal,Material,43,Remedios,4,0.05,1,4000.0,False
2026-09-12,craft,905,Charcoal,Material,152,Roseau,4,0.05,1,2000.0,False
2026-09-12,craft,905,Charcoal,Material,296,Saint-Malo,4,0.05,1,10000.0,False
2026-09-12,craft,905,Charcoal,Material,82,Sale-Trou,4,0.05,1,10.0,False
2026-09-12,craft,905,Charcoal,Material,57,Santa María,4,0.05,1,9000.0,False
2026-09-12,craft,905,Charcoal,Material,159,Vieux-Fort,4,0.05,1,1.0,False
2026-09-12,craft,905,Charcoal,Material,364,William's Bay,4,0.05,1,10000.0,False
2026-09-12,craft,26,Fir Log,Resource,207,Coquibacoa,2,0.05,1,3600000.0,False
2026-09-12,craft,26,Fir Log,Resource,179,Guayaguayare,2,0.05,1,355001.0,False
2026-09-12,craft,26,Fir Log,Resource,316,Islamorada,2,0.05,1,3600000.0,False
2026-09-12,craft,26,Fir Log,Resource,83,Jacmel,2,0.05,1,3183703.0,False
2026-09-12,craft,26,Fir Log,Resource,250,Omoa,2,0.05,1,3600000.0,False
2026-09-12,craft,26,Fir Log,Resource,21,Ragged Cay,2,0.05,1,30677.0,False
2026-09-12,craft,26,Fir Log,Resource,225,Almirante,3,0.05,1,3249863.0,False
2026-09-12,craft,26,Fir Log,Resource,189,Cumaná,3,0.05,1,2490088.0,False
2026-09-12,craft,26,Fir Log,Resource,214,Dariena,3,0.05,1,3600000.0,False
2026-09-12,craft,26,Fir Log,Resource,175,Fort Zoutman,3,0.05,1,533826.0,False
2026-09-12,craft,26,Fir Log,Resource,72,George Town,3,0.05,1,106830.0,False
2026-09-12,craft,26,Fir Log,Resource,117,Guayama,3,0.05,1,14554.0,False
2026-09-12,craft,26,Fir Log,Resource,95,Port-de-Paix,3,0.05,1,3184533.0,False
2026-09-12,craft,26,Fir Log,Resource,92,Saint-Marc,3,0.05,1,3600000.0,False
2026-09-12,craft,26,Fir Log,Resource,244,Truxillo,3,0.05,1,3600000.0,False
2026-09-12,craft,26,Fir Log,Resource,35,Baja,4,0.05,1,20.0,False
2026-09-12,craft,26,Fir Log,Resource,50,Baracoa,4,0.05,1,421.0,False
2026-09-12,craft,26,Fir Log,Resource,137,Basseterre Town,4,0.05,1,1.0,False
2026-09-12,craft,26,Fir Log,Resource,243,Black River,4,0.05,1,424.0,False
2026-09-12,craft,26,Fir Log,Resource,230,Bluefields,4,0.05,1,2.0,False
2026-09-12,craft,26,Fir Log,Resource,350,Bone Cay,4,0.05,1,203.0,False
2026-09-12,craft,26,Fir Log,Resource,237,Brangman's Bluff,4,0.05,1,2.0,False
2026-09-12,craft,26,Fir Log,Resource,329,Brunswick,4,0.05,1,3600000.0,False
2026-09-12,craft,26,Fir Log,Resource,269,Campeche,4,0.05,1,3589828.0,False
2026-09-12,craft,26,Fir Log,Resource,212,Cartagena de Indias,4,0.05,1,1.0,False
2026-09-12,craft,26,Fir Log,Resource,74,Cayman Brac,4,0.05,1,7.0,False
2026-09-12,craft,26,Fir Log,Resource,44,Cayo Romano,4,0.05,1,4.0,False
2026-09-12,craft,26,Fir Log,Resource,270,Champotón,4,0.05,1,9732.0,False
2026-09-12,craft,26,Fir Log,Resource,129,Christiansted,4,0.05,1,10.0,False
2026-09-12,craft,26,Fir Log,Resource,223,Concepción,4,0.05,1,2359.0,False
2026-09-12,craft,26,Fir Log,Resource,259,Congrios,4,0.05,1,9.0,False
2026-09-12,craft,26,Fir Log,Resource,196,Coro,4,0.05,1,1.0,False
2026-09-12,craft,26,Fir Log,Resource,66,Corrientes,4,0.05,1,3.0,False
2026-09-12,craft,26,Fir Log,Resource,241,Croata,4,0.05,1,247.0,False
2026-09-12,craft,26,Fir Log,Resource,274,Espíritu Santo,4,0.05,1,2.0,False
2026-09-12,craft,26,Fir Log,Resource,156,Fort-Royal,4,0.05,1,2.0,False
2026-09-12,craft,26,Fir Log,Resource,311,Gasparilla,4,0.05,1,2078.0,False
2026-09-12,craft,26,Fir Log,Resource,334,Georgetown,4,0.05,1,3.0,False
2026-09-12,craft,26,Fir Log,Resource,201,Gibraltar,4,0.05,1,9220.0,False
2026-09-12,craft,26,Fir Log,Resource,240,Gracias a Dios,4,0.05,1,1.0,False
2026-09-12,craft,26,Fir Log,Resource,33,Grand Turk,4,0.05,1,9.0,False
2026-09-12,craft,26,Fir Log,Resource,374,Guacata,4,0.05,1,16.0,False
2026-09-12,craft,26,Fir Log,Resource,15,Harbour Island,4,0.05,1,3600000.0,False
2026-09-12,craft,26,Fir Log,Resource,370,Island Harbour,4,0.05,1,1.0,False
2026-09-12,craft,26,Fir Log,Resource,88,Jérémie,4,0.05,1,117.0,False
2026-09-12,craft,26,Fir Log,Resource,313,Key West,4,0.05,1,11.0,False
2026-09-12,craft,26,Fir Log,Resource,357,Kidd's Harbour,4,0.05,1,5.0,False
2026-09-12,craft,26,Fir Log,Resource,162,Kingstown,4,0.05,1,790.0,False
2026-09-12,craft,26,Fir Log,Resource,170,La Blanquilla,4,0.05,1,6.0,False
2026-09-12,craft,26,Fir Log,Resource,100,La Isabela,4,0.05,1,96.0,False
2026-09-12,craft,26,Fir Log,Resource,112,La Mona,4,0.05,1,22666.0,False
2026-09-12,craft,26,Fir Log,Resource,85,La Navasse,4,0.05,1,4.0,False
2026-09-12,craft,26,Fir Log,Resource,96,La Tortue,4,0.05,1,5.0,False
2026-09-12,craft,26,Fir Log,Resource,172,Las Aves,4,0.05,1,1.0,False
2026-09-12,craft,26,Fir Log,Resource,307,Las Sabinas,4,0.05,1,1461.0,False
2026-09-12,craft,26,Fir Log,Resource,90,Léogane,4,0.05,1,56.0,False
2026-09-12,craft,26,Fir Log,Resource,204,Maracaibo,4,0.05,1,8471.0,False
2026-09-12,craft,26,Fir Log,Resource,131,Marigot,4,0.05,1,4.0,False
2026-09-12,craft,26,Fir Log,Resource,197,Mitara,4,0.05,1,4.0,False
2026-09-12,craft,26,Fir Log,Resource,297,Nouvelle-Orléans,4,0.05,1,5.0,False
2026-09-12,craft,26,Fir Log,Resource,235,Old Providence,4,0.05,1,16.0,False
2026-09-12,craft,26,Fir Log,Resource,185,Pampatar,4,0.05,1,2.0,False
2026-09-12,craft,26,Fir Log,Resource,30,Parrot Cay,4,0.05,1,2.0,False
2026-09-12,craft,26,Fir Log,Resource,301,Penzacola,4,0.05,1,7519.0,False
2026-09-12,craft,26,Fir Log,Resource,203,Perijá,4,0.05,1,10.0,False
2026-09-12,craft,26,Fir Log,Resource,65,Pinar del Río,4,0.05,1,368376.0,False
2026-09-12,craft,26,Fir Log,Resource,77,Port Antonio,4,0.05,1,4.0,False
2026-09-12,craft,26,Fir Log,Resource,54,Portillo,4,0.05,1,5.0,False
2026-09-12,craft,26,Fir Log,Resource,169,Puerto de España,4,0.05,1,7.0,False
2026-09-12,craft,26,Fir Log,Resource,51,Puerto Escondido,4,0.05,1,113.0,False
2026-09-12,craft,26,Fir Log,Resource,271,Puerto Real,4,0.05,1,93.0,False
2026-09-12,craft,26,Fir Log,Resource,43,Remedios,4,0.05,1,344.0,False
2026-09-12,craft,26,Fir Log,Resource,5,Road Rocks,4,0.05,1,238.0,False
2026-09-12,craft,26,Fir Log,Resource,246,Ruatan,4,0.05,1,2.0,False
2026-09-12,craft,26,Fir Log,Resource,296,Saint-Malo,4,0.05,1,8.0,False
2026-09-12,craft,26,Fir Log,Resource,94,Saint-Nicolas,4,0.05,1,3.0,False
2026-09-12,craft,26,Fir Log,Resource,236,San Andrés,4,0.05,1,4.0,False
2026-09-12,craft,26,Fir Log,Resource,303,San José,4,0.05,1,10.0,False
2026-09-12,craft,26,Fir Log,Resource,62,San Lazaro,4,0.05,1,420.0,False
2026-09-12,craft,26,Fir Log,Resource,305,San Marcos,4,0.05,1,3600001.0,False
2026-09-12,craft,26,Fir Log,Resource,56,Santa Cruz,4,0.05,1,2.0,False
2026-09-12,craft,26,Fir Log,Resource,57,Santa María,4,0.05,1,2.0,False
2026-09-12,craft,26,Fir Log,Resource,52,Santiago de Cuba,4,0.05,1,597.0,False
2026-09-12,craft,26,Fir Log,Resource,108,Santo Domingo,4,0.05,1,104.0,False
2026-09-12,craft,26,Fir Log,Resource,81,Savanna la Mar,4,0.05,1,3.0,False
2026-09-12,craft,26,Fir Log,Resource,165,Scarborough,4,0.05,1,5.0,False
2026-09-12,craft,26,Fir Log,Resource,349,Serrana,4,0.05,1,68.0,False
2026-09-12,craft,26,Fir Log,Resource,268,Sisal,4,0.05,1,10300.0,False
2026-09-12,craft,26,Fir Log,Resource,309,Tampa,4,0.05,1,191.0,False
2026-09-12,craft,26,Fir Log,Resource,213,Tolú,4,0.05,1,9.0,False
2026-09-12,craft,26,Fir Log,Resource,59,Trinidad,4,0.05,1,60.0,False
2026-09-12,craft,26,Fir Log,Resource,343,Tumbado,4,0.05,1,5.0,False
2026-09-12,craft,26,Fir Log,Resource,276,Vera Cruz,4,0.05,1,2.0,False
2026-09-12,craft,26,Fir Log,Resource,273,Victoria,4,0.05,1,1539.0,False
2026-09-12,craft,26,Fir Log,Resource,159,Vieux-Fort,4,0.05,1,13.0,False
2026-09-12,craft,26,Fir Log,Resource,4,West End,4,0.05,1,228.0,False
2026-09-12,craft,26,Fir Log,Resource,174,Willemstad,4,0.05,1,2.0,False
2026-09-12,craft,26,Fir Log,Resource,181,Yaguaraparo,4,0.05,1,13.0,False
2026-09-12,craft,620,Fish Meat,Resource,311,Gasparilla,2,0.05,1,2400049.0,False
2026-09-12,craft,620,Fish Meat,Resource,96,La Tortue,2,0.05,1,2401186.0,False
2026-09-12,craft,620,Fish Meat,Resource,43,Remedios,2,0.05,1,2400000.0,False
2026-09-12,craft,620,Fish Meat,Resource,256,Salamanca,2,0.05,1,2400000.0,False
2026-09-12,craft,620,Fish Meat,Resource,81,Savanna la Mar,2,0.05,1,2400166.0,False
2026-09-12,craft,620,Fish Meat,Resource,127,Spanish Town,2,0.05,1,2400000.0,False
2026-09-12,craft,620,Fish Meat,Resource,50,Baracoa,3,0.05,1,2400000.0,False
2026-09-12,craft,620,Fish Meat,Resource,20,Deadman's Cay,3,0.05,1,2400000.0,False
2026-09-12,craft,620,Fish Meat,Resource,179,Guayaguayare,3,0.05,1,2400000.0,False
2026-09-12,craft,620,Fish Meat,Resource,106,Higüey,3,0.05,1,2324171.0,False
2026-09-12,craft,620,Fish Meat,Resource,30,Parrot Cay,3,0.05,1,2400000.0,False
2026-09-12,craft,620,Fish Meat,Resource,62,San Lazaro,3,0.05,1,2400000.0,False
2026-09-12,craft,620,Fish Meat,Resource,210,Santa Marta,3,0.05,1,2400000.0,False
2026-09-12,craft,620,Fish Meat,Resource,266,Selam,3,0.05,1,2412594.0,False
2026-09-12,craft,620,Fish Meat,Resource,335,Wilmington,3,0.05,1,2400000.0,False
2026-09-12,craft,620,Fish Meat,Resource,150,Aves,4,0.05,1,232.0,False
2026-09-12,craft,620,Fish Meat,Resource,321,Ays,4,0.05,1,1017.0,False
2026-09-12,craft,620,Fish Meat,Resource,35,Baja,4,0.05,1,1068.0,False
2026-09-12,craft,620,Fish Meat,Resource,111,Barahona,4,0.05,1,12744.0,False
2026-09-12,craft,620,Fish Meat,Resource,137,Basseterre Town,4,0.05,1,167.0,False
2026-09-12,craft,620,Fish Meat,Resource,253,Belize,4,0.05,1,1566.0,False
2026-09-12,craft,620,Fish Meat,Resource,257,Bensalem,4,0.05,1,5248.0,False
2026-09-12,craft,620,Fish Meat,Resource,10,Bimini,4,0.05,1,293.0,False
2026-09-12,craft,620,Fish Meat,Resource,243,Black River,4,0.05,1,2400000.0,False
2026-09-12,craft,620,Fish Meat,Resource,350,Bone Cay,4,0.05,1,878.0,False
2026-09-12,craft,620,Fish Meat,Resource,318,Cabo Cañaveral,4,0.05,1,730.0,False
2026-09-12,craft,620,Fish Meat,Resource,208,Cabo de la Vela,4,0.05,1,704.0,False
2026-09-12,craft,620,Fish Meat,Resource,149,Camp du Roy,4,0.05,1,2400000.0,False
2026-09-12,craft,620,Fish Meat,Resource,216,Canalete,4,0.05,1,1820.0,False
2026-09-12,craft,620,Fish Meat,Resource,193,Caracas,4,0.05,1,284.0,False
2026-09-12,craft,620,Fish Meat,Resource,74,Cayman Brac,4,0.05,1,478.0,False
2026-09-12,craft,620,Fish Meat,Resource,323,Cayo Biscayno,4,0.05,1,2024.0,False
2026-09-12,craft,620,Fish Meat,Resource,44,Cayo Romano,4,0.05,1,96.0,False
2026-09-12,craft,620,Fish Meat,Resource,270,Champotón,4,0.05,1,107.0,False
2026-09-12,craft,620,Fish Meat,Resource,258,Chinchorro,4,0.05,1,54.0,False
2026-09-12,craft,620,Fish Meat,Resource,259,Congrios,4,0.05,1,1177.0,False
2026-09-12,craft,620,Fish Meat,Resource,207,Coquibacoa,4,0.05,1,319.0,False
2026-09-12,craft,620,Fish Meat,Resource,66,Corrientes,4,0.05,1,1469.0,False
2026-09-12,craft,620,Fish Meat,Resource,189,Cumaná,4,0.05,1,714.0,False
2026-09-12,craft,620,Fish Meat,Resource,274,Espíritu Santo,4,0.05,1,627.0,False
2026-09-12,craft,620,Fish Meat,Resource,175,Fort Zoutman,4,0.05,1,5248.0,False
2026-09-12,craft,620,Fish Meat,Resource,183,Galdonas,4,0.05,1,3426.0,False
2026-09-12,craft,620,Fish Meat,Resource,72,George Town,4,0.05,1,51.0,False
2026-09-12,craft,620,Fish Meat,Resource,16,Governor's Harbour,4,0.05,1,3.0,False
2026-09-12,craft,620,Fish Meat,Resource,33,Grand Turk,4,0.05,1,280.0,False
2026-09-12,craft,620,Fish Meat,Resource,231,Great Corn,4,0.05,1,1813.0,False
2026-09-12,craft,620,Fish Meat,Resource,233,Great River,4,0.05,1,46.0,False
2026-09-12,craft,620,Fish Meat,Resource,374,Guacata,4,0.05,1,163.0,False
2026-09-12,craft,620,Fish Meat,Resource,119,Guánica,4,0.05,1,494.0,False
2026-09-12,craft,620,Fish Meat,Resource,15,Harbour Island,4,0.05,1,209.0,False
2026-09-12,craft,620,Fish Meat,Resource,316,Islamorada,4,0.05,1,487.0,False
2026-09-12,craft,620,Fish Meat,Resource,83,Jacmel,4,0.05,1,3506.0,False
2026-09-12,craft,620,Fish Meat,Resource,313,Key West,4,0.05,1,80.0,False
2026-09-12,craft,620,Fish Meat,Resource,357,Kidd's Harbour,4,0.05,1,483.0,False
2026-09-12,craft,620,Fish Meat,Resource,79,Kingston / Port Royal,4,0.05,1,31873.0,False
2026-09-12,craft,620,Fish Meat,Resource,112,La Mona,4,0.05,1,4735.0,False
2026-09-12,craft,620,Fish Meat,Resource,85,La Navasse,4,0.05,1,331.0,False
2026-09-12,craft,620,Fish Meat,Resource,187,La Tortuga,4,0.05,1,99.0,False
2026-09-12,craft,620,Fish Meat,Resource,154,La Trinité,4,0.05,1,1008.0,False
2026-09-12,craft,620,Fish Meat,Resource,307,Las Sabinas,4,0.05,1,47.0,False
2026-09-12,craft,620,Fish Meat,Resource,86,Les Cayes,4,0.05,1,5433.0,False
2026-09-12,craft,620,Fish Meat,Resource,362,Little Isaac Rocks,4,0.05,1,75.0,False
2026-09-12,craft,620,Fish Meat,Resource,90,Léogane,4,0.05,1,754.0,False
2026-09-12,craft,620,Fish Meat,Resource,55,Manzanillo,4,0.05,1,709.0,False
2026-09-12,craft,620,Fish Meat,Resource,39,Matanzas,4,0.05,1,66.0,False
2026-09-12,craft,620,Fish Meat,Resource,227,Matina,4,0.05,1,7342.0,False
2026-09-12,craft,620,Fish Meat,Resource,197,Mitara,4,0.05,1,76.0,False
2026-09-12,craft,620,Fish Meat,Resource,12,Morgan's Bluff,4,0.05,1,89.0,False
2026-09-12,craft,620,Fish Meat,Resource,27,Mortimer Town,4,0.05,1,6626.0,False
2026-09-12,craft,620,Fish Meat,Resource,14,Nassau,4,0.05,1,79.0,False
2026-09-12,craft,620,Fish Meat,Resource,297,Nouvelle-Orléans,4,0.05,1,15266.0,False
2026-09-12,craft,620,Fish Meat,Resource,235,Old Providence,4,0.05,1,588.0,False
2026-09-12,craft,620,Fish Meat,Resource,185,Pampatar,4,0.05,1,2400189.0,False
2026-09-12,craft,620,Fish Meat,Resource,180,Pedernales,4,0.05,1,255.0,False
2026-09-12,craft,620,Fish Meat,Resource,352,Pedro Cay,4,0.05,1,488.0,False
2026-09-12,craft,620,Fish Meat,Resource,301,Penzacola,4,0.05,1,112889.0,False
2026-09-12,craft,620,Fish Meat,Resource,203,Perijá,4,0.05,1,2400000.0,False
2026-09-12,craft,620,Fish Meat,Resource,65,Pinar del Río,4,0.05,1,50008.0,False
2026-09-12,craft,620,Fish Meat,Resource,369,Plymouth,4,0.05,1,71.0,False
2026-09-12,craft,620,Fish Meat,Resource,77,Port Antonio,4,0.05,1,28.0,False
2026-09-12,craft,620,Fish Meat,Resource,91,Port-au-Prince,4,0.05,1,1275.0,False
2026-09-12,craft,620,Fish Meat,Resource,95,Port-de-Paix,4,0.05,1,318.0,False
2026-09-12,craft,620,Fish Meat,Resource,54,Portillo,4,0.05,1,635.0,False
2026-09-12,craft,620,Fish Meat,Resource,220,Portobelo,4,0.05,1,2400000.0,False
2026-09-12,craft,620,Fish Meat,Resource,194,Puerto Cabello,4,0.05,1,120.0,False
2026-09-12,craft,620,Fish Meat,Resource,51,Puerto Escondido,4,0.05,1,56.0,False
2026-09-12,craft,620,Fish Meat,Resource,152,Roseau,4,0.05,1,56.0,False
2026-09-12,craft,620,Fish Meat,Resource,192,Río Chico,4,0.05,1,8.0,False
2026-09-12,craft,620,Fish Meat,Resource,164,Saint George,4,0.05,1,10478.0,False
2026-09-12,craft,620,Fish Meat,Resource,140,Saint John's,4,0.05,1,31.0,False
2026-09-12,craft,620,Fish Meat,Resource,296,Saint-Malo,4,0.05,1,5822.0,False
2026-09-12,craft,620,Fish Meat,Resource,92,Saint-Marc,4,0.05,1,459.0,False
2026-09-12,craft,620,Fish Meat,Resource,94,Saint-Nicolas,4,0.05,1,4088.0,False
2026-09-12,craft,620,Fish Meat,Resource,303,San José,4,0.05,1,9980.0,False
2026-09-12,craft,620,Fish Meat,Resource,305,San Marcos,4,0.05,1,639.0,False
2026-09-12,craft,620,Fish Meat,Resource,56,Santa Cruz,4,0.05,1,147.0,False
2026-09-12,craft,620,Fish Meat,Resource,68,Santa Fe,4,0.05,1,6.0,False
2026-09-12,craft,620,Fish Meat,Resource,52,Santiago de Cuba,4,0.05,1,796.0,False
2026-09-12,craft,620,Fish Meat,Resource,165,Scarborough,4,0.05,1,1534.0,False
2026-09-12,craft,620,Fish Meat,Resource,349,Serrana,4,0.05,1,440.0,False
2026-09-12,craft,620,Fish Meat,Resource,366,Shroud Cay,4,0.05,1,92.0,False
2026-09-12,craft,620,Fish Meat,Resource,71,Siguanea,4,0.05,1,1271.0,False
2026-09-12,craft,620,Fish Meat,Resource,268,Sisal,4,0.05,1,6285.0,False
2026-09-12,craft,620,Fish Meat,Resource,263,Tantun Cuzamil,4,0.05,1,1414.0,False
2026-09-12,craft,620,Fish Meat,Resource,59,Trinidad,4,0.05,1,1243.0,False
2026-09-12,craft,620,Fish Meat,Resource,244,Truxillo,4,0.05,1,4145.0,False
2026-09-12,craft,620,Fish Meat,Resource,343,Tumbado,4,0.05,1,3589.0,False
2026-09-12,craft,620,Fish Meat,Resource,254,Turneffe,4,0.05,1,82.0,False
2026-09-12,craft,620,Fish Meat,Resource,276,Vera Cruz,4,0.05,1,275.0,False
2026-09-12,craft,620,Fish Meat,Resource,159,Vieux-Fort,4,0.05,1,749.0,False
2026-09-12,craft,620,Fish Meat,Resource,22,Watlings,4,0.05,1,97.0,False
2026-09-12,craft,620,Fish Meat,Resource,4,West End,4,0.05,1,224.0,False
2026-09-12,craft,620,Fish Meat,Resource,174,Willemstad,4,0.05,1,324.0,False
2026-09-12,craft,620,Fish Meat,Resource,262,Xpu Ha,4,0.05,1,994.0,False
2026-09-12,craft,28,Hemp,Resource,216,Canalete,2,0.05,1,3600000.0,False
2026-09-12,craft,28,Hemp,Resource,334,Georgetown,2,0.05,1,2559230.0,False
2026-09-12,craft,28,Hemp,Resource,179,Guayaguayare,2,0.05,1,3600000.0,False
2026-09-12,craft,28,Hemp,Resource,227,Matina,2,0.05,1,2783930.0,False
2026-09-12,craft,28,Hemp,Resource,35,Baja,3,0.05,1,3556731.0,False
2026-09-12,craft,28,Hemp,Resource,97,Cap-Français,3,0.05,1,3445850.0,False
2026-09-12,craft,28,Hemp,Resource,241,Croata,3,0.05,1,3600000.0,False
2026-09-12,craft,28,Hemp,Resource,214,Dariena,3,0.05,1,3600000.0,False
2026-09-12,craft,28,Hemp,Resource,105,Macao,3,0.05,1,1563467.0,False
2026-09-12,craft,28,Hemp,Resource,197,Mitara,3,0.05,1,2083235.0,False
2026-09-12,craft,28,Hemp,Resource,301,Penzacola,3,0.05,1,3610201.0,False
2026-09-12,craft,28,Hemp,Resource,49,Puerto de Nipe,3,0.05,1,2729163.0,False
2026-09-12,craft,28,Hemp,Resource,165,Scarborough,3,0.05,1,3353403.0,False
2026-09-12,craft,28,Hemp,Resource,343,Tumbado,3,0.05,1,3600000.0,False
2026-09-12,craft,28,Hemp,Resource,254,Turneffe,3,0.05,1,3600000.0,False
2026-09-12,craft,28,Hemp,Resource,273,Victoria,3,0.05,1,3319387.0,False
2026-09-12,craft,28,Hemp,Resource,50,Baracoa,4,0.05,1,496.0,False
2026-09-12,craft,28,Hemp,Resource,10,Bimini,4,0.05,1,3558941.0,False
2026-09-12,craft,28,Hemp,Resource,350,Bone Cay,4,0.05,1,202.0,False
2026-09-12,craft,28,Hemp,Resource,74,Cayman Brac,4,0.05,1,2.0,False
2026-09-12,craft,28,Hemp,Resource,270,Champotón,4,0.05,1,40709.0,False
2026-09-12,craft,28,Hemp,Resource,66,Corrientes,4,0.05,1,40856.0,False
2026-09-12,craft,28,Hemp,Resource,135,Fort Baai,4,0.05,1,16198.0,False
2026-09-12,craft,28,Hemp,Resource,311,Gasparilla,4,0.05,1,12251.0,False
2026-09-12,craft,28,Hemp,Resource,240,Gracias a Dios,4,0.05,1,4000.0,False
2026-09-12,craft,28,Hemp,Resource,79,Kingston / Port Royal,4,0.05,1,2297950.0,False
2026-09-12,craft,28,Hemp,Resource,90,Léogane,4,0.05,1,24.0,False
2026-09-12,craft,28,Hemp,Resource,204,Maracaibo,4,0.05,1,664.0,False
2026-09-12,craft,28,Hemp,Resource,9,Marsh Harbour,4,0.05,1,3600000.0,False
2026-09-12,craft,28,Hemp,Resource,27,Mortimer Town,4,0.05,1,459.0,False
2026-09-12,craft,28,Hemp,Resource,180,Pedernales,4,0.05,1,5.0,False
2026-09-12,craft,28,Hemp,Resource,65,Pinar del Río,4,0.05,1,10931.0,False
2026-09-12,craft,28,Hemp,Resource,77,Port Antonio,4,0.05,1,296.0,False
2026-09-12,craft,28,Hemp,Resource,169,Puerto de España,4,0.05,1,7574.0,False
2026-09-12,craft,28,Hemp,Resource,296,Saint-Malo,4,0.05,1,33179.0,False
2026-09-12,craft,28,Hemp,Resource,303,San José,4,0.05,1,15618.0,False
2026-09-12,craft,28,Hemp,Resource,68,Santa Fe,4,0.05,1,3600000.0,False
2026-09-12,craft,28,Hemp,Resource,52,Santiago de Cuba,4,0.05,1,152.0,False
2026-09-12,craft,28,Hemp,Resource,349,Serrana,4,0.05,1,271.0,False
2026-09-12,craft,28,Hemp,Resource,364,William's Bay,4,0.05,1,8233.0,False
2026-09-12,craft,5,Iron Fittings,Material,150,Aves,6,0.05,1,14694.0,False
2026-09-12,craft,5,Iron Fittings,Material,137,Basseterre Town,6,0.05,1,160.0,False
2026-09-12,craft,5,Iron Fittings,Material,230,Bluefields,6,0.05,1,24819.0,False
2026-09-12,craft,5,Iron Fittings,Material,311,Gasparilla,6,0.05,1,40.0,False
2026-09-12,craft,5,Iron Fittings,Material,316,Islamorada,6,0.05,1,913.0,False
2026-09-12,craft,5,Iron Fittings,Material,79,Kingston / Port Royal,6,0.05,1,800.0,False
2026-09-12,craft,5,Iron Fittings,Material,162,Kingstown,6,0.05,1,180.0,False
2026-09-12,craft,5,Iron Fittings,Material,297,Nouvelle-Orléans,6,0.05,1,3000.0,False
2026-09-12,craft,5,Iron Fittings,Material,235,Old Providence,6,0.05,1,520.0,False
2026-09-12,craft,5,Iron Fittings,Material,301,Penzacola,6,0.05,1,7000.0,False
2026-09-12,craft,5,Iron Fittings,Material,65,Pinar del Río,6,0.05,1,449.0,False
2026-09-12,craft,5,Iron Fittings,Material,220,Portobelo,6,0.05,1,266.0,False
2026-09-12,craft,5,Iron Fittings,Material,303,San José,6,0.05,1,10000.0,False
2026-09-12,craft,5,Iron Fittings,Material,273,Victoria,6,0.05,1,10000.0,False
2026-09-12,craft,5,Iron Fittings,Material,364,William's Bay,6,0.05,1,1110.0,False
2026-09-12,craft,29,Iron Ore,Resource,111,Barahona,4,0.05,1,3600000.0,False
2026-09-12,craft,29,Iron Ore,Resource,29,Little Inagua,4,0.05,1,72790.0,False
2026-09-12,craft,29,Iron Ore,Resource,101,Puerto Plata,4,0.05,1,2700795.0,False
2026-09-12,craft,29,Iron Ore,Resource,253,Belize,5,0.05,1,3600000.0,False
2026-09-12,craft,29,Iron Ore,Resource,231,Great Corn,5,0.05,1,3600000.0,False
2026-09-12,craft,29,Iron Ore,Resource,55,Manzanillo,5,0.05,1,2287995.0,False
2026-09-12,craft,29,Iron Ore,Resource,140,Saint John's,5,0.05,1,3549270.0,False
2026-09-12,craft,29,Iron Ore,Resource,230,Bluefields,6,0.05,1,3598556.0,False
2026-09-12,craft,29,Iron Ore,Resource,245,Bonacca,7,0.05,1,3600000.0,False
2026-09-12,craft,29,Iron Ore,Resource,212,Cartagena de Indias,7,0.05,1,3565752.0,False
2026-09-12,craft,29,Iron Ore,Resource,16,Governor's Harbour,7,0.05,1,3600000.0,False
2026-09-12,craft,29,Iron Ore,Resource,307,Las Sabinas,7,0.05,1,3600000.0,False
2026-09-12,craft,29,Iron Ore,Resource,180,Pedernales,7,0.05,1,3212577.0,False
2026-09-12,craft,29,Iron Ore,Resource,91,Port-au-Prince,7,0.05,1,3580314.0,False
2026-09-12,craft,29,Iron Ore,Resource,71,Siguanea,7,0.05,1,3600000.0,False
2026-09-12,craft,29,Iron Ore,Resource,150,Aves,8,0.05,1,3600000.0,False
2026-09-12,craft,29,Iron Ore,Resource,321,Ays,8,0.05,1,3600000.0,False
2026-09-12,craft,29,Iron Ore,Resource,50,Baracoa,8,0.05,1,1931.0,False
2026-09-12,craft,29,Iron Ore,Resource,137,Basseterre Town,8,0.05,1,34.0,False
2026-09-12,craft,29,Iron Ore,Resource,243,Black River,8,0.05,1,9204.0,False
2026-09-12,craft,29,Iron Ore,Resource,270,Champotón,8,0.05,1,25588.0,False
2026-09-12,craft,29,Iron Ore,Resource,241,Croata,8,0.05,1,158.0,False
2026-09-12,craft,29,Iron Ore,Resource,175,Fort Zoutman,8,0.05,1,5263.0,False
2026-09-12,craft,29,Iron Ore,Resource,311,Gasparilla,8,0.05,1,2281.0,False
2026-09-12,craft,29,Iron Ore,Resource,72,George Town,8,0.05,1,1432.0,False
2026-09-12,craft,29,Iron Ore,Resource,370,Island Harbour,8,0.05,1,3600000.0,False
2026-09-12,craft,29,Iron Ore,Resource,83,Jacmel,8,0.05,1,2052.0,False
2026-09-12,craft,29,Iron Ore,Resource,313,Key West,8,0.05,1,1544.0,False
2026-09-12,craft,29,Iron Ore,Resource,100,La Isabela,8,0.05,1,1323.0,False
2026-09-12,craft,29,Iron Ore,Resource,112,La Mona,8,0.05,1,1217.0,False
2026-09-12,craft,29,Iron Ore,Resource,204,Maracaibo,8,0.05,1,469.0,False
2026-09-12,craft,29,Iron Ore,Resource,227,Matina,8,0.05,1,4115.0,False
2026-09-12,craft,29,Iron Ore,Resource,30,Parrot Cay,8,0.05,1,734.0,False
2026-09-12,craft,29,Iron Ore,Resource,301,Penzacola,8,0.05,1,6059.0,False
2026-09-12,craft,29,Iron Ore,Resource,65,Pinar del Río,8,0.05,1,12893.0,False
2026-09-12,craft,29,Iron Ore,Resource,43,Remedios,8,0.05,1,528.0,False
2026-09-12,craft,29,Iron Ore,Resource,303,San José,8,0.05,1,2358.0,False
2026-09-12,craft,29,Iron Ore,Resource,62,San Lazaro,8,0.05,1,1484.0,False
2026-09-12,craft,29,Iron Ore,Resource,210,Santa Marta,8,0.05,1,82.0,False
2026-09-12,craft,29,Iron Ore,Resource,52,Santiago de Cuba,8,0.05,1,820.0,False
2026-09-12,craft,29,Iron Ore,Resource,268,Sisal,8,0.05,1,627.0,False
2026-09-12,craft,29,Iron Ore,Resource,309,Tampa,8,0.05,1,2855.0,False
2026-09-12,craft,29,Iron Ore,Resource,263,Tantun Cuzamil,8,0.05,1,442.0,False
2026-09-12,craft,29,Iron Ore,Resource,213,Tolú,8,0.05,1,7.0,False
2026-09-12,craft,29,Iron Ore,Resource,276,Vera Cruz,8,0.05,1,3600000.0,False
2026-09-12,craft,29,Iron Ore,Resource,273,Victoria,8,0.05,1,950.0,False
2026-09-12,craft,29,Iron Ore,Resource,22,Watlings,8,0.05,1,633.0,False
2026-09-12,craft,29,Iron Ore,Resource,262,Xpu Ha,8,0.05,1,12.0,False
2026-09-12,craft,30,Lignum Vitae Log,Resource,103,Bahía Escocesa,3,0.05,1,2329246.0,False
2026-09-12,craft,30,Lignum Vitae Log,Resource,237,Brangman's Bluff,3,0.05,1,2400001.0,False
2026-09-12,craft,30,Lignum Vitae Log,Resource,223,Concepción,3,0.05,1,2400000.0,False
2026-09-12,craft,30,Lignum Vitae Log,Resource,274,Espíritu Santo,3,0.05,1,2359132.0,False
2026-09-12,craft,30,Lignum Vitae Log,Resource,231,Great Corn,3,0.05,1,2402097.0,False
2026-09-12,craft,30,Lignum Vitae Log,Resource,363,La Desconocida,3,0.05,1,2400000.0,False
2026-09-12,craft,30,Lignum Vitae Log,Resource,86,Les Cayes,3,0.05,1,2387597.0,False
2026-09-12,craft,30,Lignum Vitae Log,Resource,204,Maracaibo,3,0.05,1,2400003.0,False
2026-09-12,craft,30,Lignum Vitae Log,Resource,150,Aves,4,0.05,1,2400010.0,False
2026-09-12,craft,30,Lignum Vitae Log,Resource,161,Bridgetown,4,0.05,1,29165.0,False
2026-09-12,craft,30,Lignum Vitae Log,Resource,258,Chinchorro,4,0.05,1,2400000.0,False
2026-09-12,craft,30,Lignum Vitae Log,Resource,42,La Anguila,4,0.05,1,2400000.0,False
2026-09-12,craft,30,Lignum Vitae Log,Resource,85,La Navasse,4,0.05,1,2400000.0,False
2026-09-12,craft,30,Lignum Vitae Log,Resource,46,Nuevitas,4,0.05,1,2233493.0,False
2026-09-12,craft,30,Lignum Vitae Log,Resource,208,Cabo de la Vela,5,0.05,1,2400000.0,False
2026-09-12,craft,30,Lignum Vitae Log,Resource,131,Marigot,5,0.05,1,2284105.0,False
2026-09-12,craft,30,Lignum Vitae Log,Resource,191,Píritu,5,0.05,1,1594445.0,False
2026-09-12,craft,30,Lignum Vitae Log,Resource,113,Aguadilla,6,0.05,1,2398707.0,False
2026-09-12,craft,30,Lignum Vitae Log,Resource,35,Baja,6,0.05,1,14.0,False
2026-09-12,craft,30,Lignum Vitae Log,Resource,50,Baracoa,6,0.05,1,397.0,False
2026-09-12,craft,30,Lignum Vitae Log,Resource,111,Barahona,6,0.05,1,4.0,False
2026-09-12,craft,30,Lignum Vitae Log,Resource,137,Basseterre Town,6,0.05,1,19.0,False
2026-09-12,craft,30,Lignum Vitae Log,Resource,230,Bluefields,6,0.05,1,9.0,False
2026-09-12,craft,30,Lignum Vitae Log,Resource,350,Bone Cay,6,0.05,1,21.0,False
2026-09-12,craft,30,Lignum Vitae Log,Resource,74,Cayman Brac,6,0.05,1,3.0,False
2026-09-12,craft,30,Lignum Vitae Log,Resource,44,Cayo Romano,6,0.05,1,2.0,False
2026-09-12,craft,30,Lignum Vitae Log,Resource,270,Champotón,6,0.05,1,15033.0,False
2026-09-12,craft,30,Lignum Vitae Log,Resource,129,Christiansted,6,0.05,1,2.0,False
2026-09-12,craft,30,Lignum Vitae Log,Resource,259,Congrios,6,0.05,1,3.0,False
2026-09-12,craft,30,Lignum Vitae Log,Resource,264,Conil,6,0.05,1,555.0,False
2026-09-12,craft,30,Lignum Vitae Log,Resource,207,Coquibacoa,6,0.05,1,2.0,False
2026-09-12,craft,30,Lignum Vitae Log,Resource,66,Corrientes,6,0.05,1,1725114.0,False
2026-09-12,craft,30,Lignum Vitae Log,Resource,189,Cumaná,6,0.05,1,1.0,False
2026-09-12,craft,30,Lignum Vitae Log,Resource,156,Fort-Royal,6,0.05,1,9.0,False
2026-09-12,craft,30,Lignum Vitae Log,Resource,311,Gasparilla,6,0.05,1,9980.0,False
2026-09-12,craft,30,Lignum Vitae Log,Resource,72,George Town,6,0.05,1,1671.0,False
2026-09-12,craft,30,Lignum Vitae Log,Resource,201,Gibraltar,6,0.05,1,5.0,False
2026-09-12,craft,30,Lignum Vitae Log,Resource,16,Governor's Harbour,6,0.05,1,54.0,False
2026-09-12,craft,30,Lignum Vitae Log,Resource,233,Great River,6,0.05,1,961.0,False
2026-09-12,craft,30,Lignum Vitae Log,Resource,117,Guayama,6,0.05,1,77.0,False
2026-09-12,craft,30,Lignum Vitae Log,Resource,133,Gustavia,6,0.05,1,21.0,False
2026-09-12,craft,30,Lignum Vitae Log,Resource,119,Guánica,6,0.05,1,4.0,False
2026-09-12,craft,30,Lignum Vitae Log,Resource,15,Harbour Island,6,0.05,1,111.0,False
2026-09-12,craft,30,Lignum Vitae Log,Resource,106,Higüey,6,0.05,1,4.0,False
2026-09-12,craft,30,Lignum Vitae Log,Resource,88,Jérémie,6,0.05,1,12.0,False
2026-09-12,craft,30,Lignum Vitae Log,Resource,313,Key West,6,0.05,1,253.0,False
2026-09-12,craft,30,Lignum Vitae Log,Resource,357,Kidd's Harbour,6,0.05,1,7.0,False
2026-09-12,craft,30,Lignum Vitae Log,Resource,170,La Blanquilla,6,0.05,1,10.0,False
2026-09-12,craft,30,Lignum Vitae Log,Resource,100,La Isabela,6,0.05,1,165.0,False
2026-09-12,craft,30,Lignum Vitae Log,Resource,112,La Mona,6,0.05,1,12.0,False
2026-09-12,craft,30,Lignum Vitae Log,Resource,172,Las Aves,6,0.05,1,7.0,False
2026-09-12,craft,30,Lignum Vitae Log,Resource,90,Léogane,6,0.05,1,16.0,False
2026-09-12,craft,30,Lignum Vitae Log,Resource,55,Manzanillo,6,0.05,1,5.0,False
2026-09-12,craft,30,Lignum Vitae Log,Resource,39,Matanzas,6,0.05,1,2.0,False
2026-09-12,craft,30,Lignum Vitae Log,Resource,227,Matina,6,0.05,1,1290.0,False
2026-09-12,craft,30,Lignum Vitae Log,Resource,197,Mitara,6,0.05,1,1.0,False
2026-09-12,craft,30,Lignum Vitae Log,Resource,27,Mortimer Town,6,0.05,1,51.0,False
2026-09-12,craft,30,Lignum Vitae Log,Resource,297,Nouvelle-Orléans,6,0.05,1,2.0,False
2026-09-12,craft,30,Lignum Vitae Log,Resource,235,Old Providence,6,0.05,1,23.0,False
2026-09-12,craft,30,Lignum Vitae Log,Resource,136,Oranjestad,6,0.05,1,16.0,False
2026-09-12,craft,30,Lignum Vitae Log,Resource,185,Pampatar,6,0.05,1,8.0,False
2026-09-12,craft,30,Lignum Vitae Log,Resource,30,Parrot Cay,6,0.05,1,5.0,False
2026-09-12,craft,30,Lignum Vitae Log,Resource,352,Pedro Cay,6,0.05,1,4.0,False
2026-09-12,craft,30,Lignum Vitae Log,Resource,301,Penzacola,6,0.05,1,60494.0,False
2026-09-12,craft,30,Lignum Vitae Log,Resource,203,Perijá,6,0.05,1,9.0,False
2026-09-12,craft,30,Lignum Vitae Log,Resource,65,Pinar del Río,6,0.05,1,6793.0,False
2026-09-12,craft,30,Lignum Vitae Log,Resource,77,Port Antonio,6,0.05,1,150.0,False
2026-09-12,craft,30,Lignum Vitae Log,Resource,220,Portobelo,6,0.05,1,11.0,False
2026-09-12,craft,30,Lignum Vitae Log,Resource,169,Puerto de España,6,0.05,1,8.0,False
2026-09-12,craft,30,Lignum Vitae Log,Resource,43,Remedios,6,0.05,1,81.0,False
2026-09-12,craft,30,Lignum Vitae Log,Resource,246,Ruatan,6,0.05,1,2.0,False
2026-09-12,craft,30,Lignum Vitae Log,Resource,209,Río de la Hacha,6,0.05,1,6.0,False
2026-09-12,craft,30,Lignum Vitae Log,Resource,296,Saint-Malo,6,0.05,1,2935.0,False
2026-09-12,craft,30,Lignum Vitae Log,Resource,94,Saint-Nicolas,6,0.05,1,4.0,False
2026-09-12,craft,30,Lignum Vitae Log,Resource,326,San Agustín,6,0.05,1,2400000.0,False
2026-09-12,craft,30,Lignum Vitae Log,Resource,236,San Andrés,6,0.05,1,5.0,False
2026-09-12,craft,30,Lignum Vitae Log,Resource,303,San José,6,0.05,1,18.0,False
2026-09-12,craft,30,Lignum Vitae Log,Resource,305,San Marcos,6,0.05,1,91.0,False
2026-09-12,craft,30,Lignum Vitae Log,Resource,56,Santa Cruz,6,0.05,1,11.0,False
2026-09-12,craft,30,Lignum Vitae Log,Resource,68,Santa Fe,6,0.05,1,4.0,False
2026-09-12,craft,30,Lignum Vitae Log,Resource,210,Santa Marta,6,0.05,1,2.0,False
2026-09-12,craft,30,Lignum Vitae Log,Resource,57,Santa María,6,0.05,1,12.0,False
2026-09-12,craft,30,Lignum Vitae Log,Resource,52,Santiago de Cuba,6,0.05,1,64.0,False
2026-09-12,craft,30,Lignum Vitae Log,Resource,108,Santo Domingo,6,0.05,1,60.0,False
2026-09-12,craft,30,Lignum Vitae Log,Resource,81,Savanna la Mar,6,0.05,1,666.0,False
2026-09-12,craft,30,Lignum Vitae Log,Resource,165,Scarborough,6,0.05,1,9.0,False
2026-09-12,craft,30,Lignum Vitae Log,Resource,349,Serrana,6,0.05,1,65.0,False
2026-09-12,craft,30,Lignum Vitae Log,Resource,366,Shroud Cay,6,0.05,1,156.0,False
2026-09-12,craft,30,Lignum Vitae Log,Resource,268,Sisal,6,0.05,1,5.0,False
2026-09-12,craft,30,Lignum Vitae Log,Resource,309,Tampa,6,0.05,1,2370788.0,False
2026-09-12,craft,30,Lignum Vitae Log,Resource,213,Tolú,6,0.05,1,1.0,False
2026-09-12,craft,30,Lignum Vitae Log,Resource,59,Trinidad,6,0.05,1,73.0,False
2026-09-12,craft,30,Lignum Vitae Log,Resource,254,Turneffe,6,0.05,1,7.0,False
2026-09-12,craft,30,Lignum Vitae Log,Resource,273,Victoria,6,0.05,1,809.0,False
2026-09-12,craft,30,Lignum Vitae Log,Resource,22,Watlings,6,0.05,1,115.0,False
2026-09-12,craft,30,Lignum Vitae Log,Resource,262,Xpu Ha,6,0.05,1,148.0,False
2026-09-12,craft,30,Lignum Vitae Log,Resource,181,Yaguaraparo,6,0.05,1,2.0,False
2026-09-12,craft,300,Live Oak Log,Resource,333,Charleston,15,0.05,1,2800.0,False
2026-09-12,craft,1844,Medicinal bark,Resource,321,Ays,5,0.05,1,1200000.0,False
2026-09-12,craft,1844,Medicinal bark,Resource,307,Las Sabinas,5,0.05,1,1200000.0,False
2026-09-12,craft,1844,Medicinal bark,Resource,208,Cabo de la Vela,6,0.05,1,1200000.0,False
2026-09-12,craft,1844,Medicinal bark,Resource,227,Matina,6,0.05,1,1200000.0,False
2026-09-12,craft,1844,Medicinal bark,Resource,101,Puerto Plata,6,0.05,1,1200000.0,False
2026-09-12,craft,1844,Medicinal bark,Resource,263,Tantun Cuzamil,6,0.05,1,1200000.0,False
2026-09-12,craft,1844,Medicinal bark,Resource,196,Coro,7,0.05,1,1172121.0,False
2026-09-12,craft,1844,Medicinal bark,Resource,276,Vera Cruz,7,0.05,1,1200000.0,False
2026-09-12,craft,1844,Medicinal bark,Resource,129,Christiansted,8,0.05,1,1200007.0,False
2026-09-12,craft,1844,Medicinal bark,Resource,179,Guayaguayare,8,0.05,1,1200000.0,False
2026-09-12,craft,1844,Medicinal bark,Resource,90,Léogane,8,0.05,1,1200027.0,False
2026-09-12,craft,1844,Medicinal bark,Resource,214,Dariena,9,0.05,1,1200000.0,False
2026-09-12,craft,1844,Medicinal bark,Resource,171,La Orchilla,9,0.05,1,1183670.0,False
2026-09-12,craft,1844,Medicinal bark,Resource,86,Les Cayes,9,0.05,1,1200312.0,False
2026-09-12,craft,1844,Medicinal bark,Resource,235,Old Providence,9,0.05,1,1198248.0,False
2026-09-12,craft,1844,Medicinal bark,Resource,56,Santa Cruz,9,0.05,1,1200000.0,False
2026-09-12,craft,1844,Medicinal bark,Resource,113,Aguadilla,10,0.05,1,11.0,False
2026-09-12,craft,1844,Medicinal bark,Resource,150,Aves,10,0.05,1,4.0,False
2026-09-12,craft,1844,Medicinal bark,Resource,103,Bahía Escocesa,10,0.05,1,6.0,False
2026-09-12,craft,1844,Medicinal bark,Resource,35,Baja,10,0.05,1,1200000.0,False
2026-09-12,craft,1844,Medicinal bark,Resource,137,Basseterre Town,10,0.05,1,13.0,False
2026-09-12,craft,1844,Medicinal bark,Resource,243,Black River,10,0.05,1,163.0,False
2026-09-12,craft,1844,Medicinal bark,Resource,230,Bluefields,10,0.05,1,897.0,False
2026-09-12,craft,1844,Medicinal bark,Resource,350,Bone Cay,10,0.05,1,14.0,False
2026-09-12,craft,1844,Medicinal bark,Resource,237,Brangman's Bluff,10,0.05,1,1.0,False
2026-09-12,craft,1844,Medicinal bark,Resource,318,Cabo Cañaveral,10,0.05,1,4.0,False
2026-09-12,craft,1844,Medicinal bark,Resource,269,Campeche,10,0.05,1,9871.0,False
2026-09-12,craft,1844,Medicinal bark,Resource,193,Caracas,10,0.05,1,771.0,False
2026-09-12,craft,1844,Medicinal bark,Resource,74,Cayman Brac,10,0.05,1,2564.0,False
2026-09-12,craft,1844,Medicinal bark,Resource,44,Cayo Romano,10,0.05,1,29.0,False
2026-09-12,craft,1844,Medicinal bark,Resource,177,Caño Araguao,10,0.05,1,14.0,False
2026-09-12,craft,1844,Medicinal bark,Resource,270,Champotón,10,0.05,1,9.0,False
2026-09-12,craft,1844,Medicinal bark,Resource,259,Congrios,10,0.05,1,10.0,False
2026-09-12,craft,1844,Medicinal bark,Resource,264,Conil,10,0.05,1,54.0,False
2026-09-12,craft,1844,Medicinal bark,Resource,207,Coquibacoa,10,0.05,1,4.0,False
2026-09-12,craft,1844,Medicinal bark,Resource,66,Corrientes,10,0.05,1,34.0,False
2026-09-12,craft,1844,Medicinal bark,Resource,241,Croata,10,0.05,1,5.0,False
2026-09-12,craft,1844,Medicinal bark,Resource,361,Crown Haven,10,0.05,1,1.0,False
2026-09-12,craft,1844,Medicinal bark,Resource,189,Cumaná,10,0.05,1,3.0,False
2026-09-12,craft,1844,Medicinal bark,Resource,20,Deadman's Cay,10,0.05,1,4.0,False
2026-09-12,craft,1844,Medicinal bark,Resource,274,Espíritu Santo,10,0.05,1,9.0,False
2026-09-12,craft,1844,Medicinal bark,Resource,173,Fort Oranje,10,0.05,1,12.0,False
2026-09-12,craft,1844,Medicinal bark,Resource,175,Fort Zoutman,10,0.05,1,4432.0,False
2026-09-12,craft,1844,Medicinal bark,Resource,183,Galdonas,10,0.05,1,6.0,False
2026-09-12,craft,1844,Medicinal bark,Resource,311,Gasparilla,10,0.05,1,42.0,False
2026-09-12,craft,1844,Medicinal bark,Resource,72,George Town,10,0.05,1,128.0,False
2026-09-12,craft,1844,Medicinal bark,Resource,18,George's Town,10,0.05,1,5.0,False
2026-09-12,craft,1844,Medicinal bark,Resource,201,Gibraltar,10,0.05,1,2.0,False
2026-09-12,craft,1844,Medicinal bark,Resource,240,Gracias a Dios,10,0.05,1,1.0,False
2026-09-12,craft,1844,Medicinal bark,Resource,33,Grand Turk,10,0.05,1,9.0,False
2026-09-12,craft,1844,Medicinal bark,Resource,231,Great Corn,10,0.05,1,10.0,False
2026-09-12,craft,1844,Medicinal bark,Resource,374,Guacata,10,0.05,1,1301.0,False
2026-09-12,craft,1844,Medicinal bark,Resource,133,Gustavia,10,0.05,1,12.0,False
2026-09-12,craft,1844,Medicinal bark,Resource,119,Guánica,10,0.05,1,3.0,False
2026-09-12,craft,1844,Medicinal bark,Resource,15,Harbour Island,10,0.05,1,6.0,False
2026-09-12,craft,1844,Medicinal bark,Resource,106,Higüey,10,0.05,1,8.0,False
2026-09-12,craft,1844,Medicinal bark,Resource,316,Islamorada,10,0.05,1,30.0,False
2026-09-12,craft,1844,Medicinal bark,Resource,83,Jacmel,10,0.05,1,659.0,False
2026-09-12,craft,1844,Medicinal bark,Resource,88,Jérémie,10,0.05,1,267.0,False
2026-09-12,craft,1844,Medicinal bark,Resource,313,Key West,10,0.05,1,11.0,False
2026-09-12,craft,1844,Medicinal bark,Resource,357,Kidd's Harbour,10,0.05,1,2.0,False
2026-09-12,craft,1844,Medicinal bark,Resource,79,Kingston / Port Royal,10,0.05,1,12402.0,False
2026-09-12,craft,1844,Medicinal bark,Resource,162,Kingstown,10,0.05,1,5.0,False
2026-09-12,craft,1844,Medicinal bark,Resource,170,La Blanquilla,10,0.05,1,17.0,False
2026-09-12,craft,1844,Medicinal bark,Resource,38,La Habana,10,0.05,1,1089.0,False
2026-09-12,craft,1844,Medicinal bark,Resource,112,La Mona,10,0.05,1,48.0,False
2026-09-12,craft,1844,Medicinal bark,Resource,96,La Tortue,10,0.05,1,3.0,False
2026-09-12,craft,1844,Medicinal bark,Resource,154,La Trinité,10,0.05,1,1200000.0,False
2026-09-12,craft,1844,Medicinal bark,Resource,172,Las Aves,10,0.05,1,16.0,False
2026-09-12,craft,1844,Medicinal bark,Resource,8,Little Harbour,10,0.05,1,1200000.0,False
2026-09-12,craft,1844,Medicinal bark,Resource,29,Little Inagua,10,0.05,1,1.0,False
2026-09-12,craft,1844,Medicinal bark,Resource,105,Macao,10,0.05,1,19.0,False
2026-09-12,craft,1844,Medicinal bark,Resource,55,Manzanillo,10,0.05,1,1449.0,False
2026-09-12,craft,1844,Medicinal bark,Resource,204,Maracaibo,10,0.05,1,1.0,False
2026-09-12,craft,1844,Medicinal bark,Resource,39,Matanzas,10,0.05,1,1.0,False
2026-09-12,craft,1844,Medicinal bark,Resource,26,Mayaguana,10,0.05,1,2.0,False
2026-09-12,craft,1844,Medicinal bark,Resource,11,Mimbres,10,0.05,1,132.0,False
2026-09-12,craft,1844,Medicinal bark,Resource,12,Morgan's Bluff,10,0.05,1,6.0,False
2026-09-12,craft,1844,Medicinal bark,Resource,27,Mortimer Town,10,0.05,1,176.0,False
2026-09-12,craft,1844,Medicinal bark,Resource,14,Nassau,10,0.05,1,20.0,False
2026-09-12,craft,1844,Medicinal bark,Resource,297,Nouvelle-Orléans,10,0.05,1,3.0,False
2026-09-12,craft,1844,Medicinal bark,Resource,46,Nuevitas,10,0.05,1,9533.0,False
2026-09-12,craft,1844,Medicinal bark,Resource,136,Oranjestad,10,0.05,1,14.0,False
2026-09-12,craft,1844,Medicinal bark,Resource,30,Parrot Cay,10,0.05,1,7.0,False
2026-09-12,craft,1844,Medicinal bark,Resource,301,Penzacola,10,0.05,1,42923.0,False
2026-09-12,craft,1844,Medicinal bark,Resource,203,Perijá,10,0.05,1,2.0,False
2026-09-12,craft,1844,Medicinal bark,Resource,65,Pinar del Río,10,0.05,1,5715.0,False
2026-09-12,craft,1844,Medicinal bark,Resource,218,Playón,10,0.05,1,165.0,False
2026-09-12,craft,1844,Medicinal bark,Resource,77,Port Antonio,10,0.05,1,7.0,False
2026-09-12,craft,1844,Medicinal bark,Resource,91,Port-au-Prince,10,0.05,1,44.0,False
2026-09-12,craft,1844,Medicinal bark,Resource,95,Port-de-Paix,10,0.05,1,4.0,False
2026-09-12,craft,1844,Medicinal bark,Resource,54,Portillo,10,0.05,1,12.0,False
2026-09-12,craft,1844,Medicinal bark,Resource,220,Portobelo,10,0.05,1,10.0,False
2026-09-12,craft,1844,Medicinal bark,Resource,49,Puerto de Nipe,10,0.05,1,1200000.0,False
2026-09-12,craft,1844,Medicinal bark,Resource,43,Remedios,10,0.05,1,298.0,False
2026-09-12,craft,1844,Medicinal bark,Resource,209,Río de la Hacha,10,0.05,1,3.0,False
2026-09-12,craft,1844,Medicinal bark,Resource,164,Saint George,10,0.05,1,65.0,False
2026-09-12,craft,1844,Medicinal bark,Resource,355,Saint George's Town,10,0.05,1,3.0,False
2026-09-12,craft,1844,Medicinal bark,Resource,296,Saint-Malo,10,0.05,1,33.0,False
2026-09-12,craft,1844,Medicinal bark,Resource,92,Saint-Marc,10,0.05,1,3.0,False
2026-09-12,craft,1844,Medicinal bark,Resource,94,Saint-Nicolas,10,0.05,1,3.0,False
2026-09-12,craft,1844,Medicinal bark,Resource,82,Sale-Trou,10,0.05,1,47.0,False
2026-09-12,craft,1844,Medicinal bark,Resource,104,Samaná,10,0.05,1,14734.0,False
2026-09-12,craft,1844,Medicinal bark,Resource,326,San Agustín,10,0.05,1,493.0,False
2026-09-12,craft,1844,Medicinal bark,Resource,236,San Andrés,10,0.05,1,4.0,False
2026-09-12,craft,1844,Medicinal bark,Resource,303,San José,10,0.05,1,17321.0,False
2026-09-12,craft,1844,Medicinal bark,Resource,115,San Juan,10,0.05,1,9.0,False
2026-09-12,craft,1844,Medicinal bark,Resource,305,San Marcos,10,0.05,1,2.0,False
2026-09-12,craft,1844,Medicinal bark,Resource,57,Santa María,10,0.05,1,13935.0,False
2026-09-12,craft,1844,Medicinal bark,Resource,52,Santiago de Cuba,10,0.05,1,325.0,False
2026-09-12,craft,1844,Medicinal bark,Resource,108,Santo Domingo,10,0.05,1,99.0,False
2026-09-12,craft,1844,Medicinal bark,Resource,81,Savanna la Mar,10,0.05,1,37.0,False
2026-09-12,craft,1844,Medicinal bark,Resource,331,Savannah,10,0.05,1,20000.0,False
2026-09-12,craft,1844,Medicinal bark,Resource,165,Scarborough,10,0.05,1,3.0,False
2026-09-12,craft,1844,Medicinal bark,Resource,349,Serrana,10,0.05,1,35.0,False
2026-09-12,craft,1844,Medicinal bark,Resource,71,Siguanea,10,0.05,1,11.0,False
2026-09-12,craft,1844,Medicinal bark,Resource,268,Sisal,10,0.05,1,23823.0,False
2026-09-12,craft,1844,Medicinal bark,Resource,213,Tolú,10,0.05,1,9.0,False
2026-09-12,craft,1844,Medicinal bark,Resource,59,Trinidad,10,0.05,1,199.0,False
2026-09-12,craft,1844,Medicinal bark,Resource,343,Tumbado,10,0.05,1,1.0,False
2026-09-12,craft,1844,Medicinal bark,Resource,254,Turneffe,10,0.05,1,7.0,False
2026-09-12,craft,1844,Medicinal bark,Resource,273,Victoria,10,0.05,1,142.0,False
2026-09-12,craft,1844,Medicinal bark,Resource,3,Walker's Cay,10,0.05,1,3.0,False
2026-09-12,craft,1844,Medicinal bark,Resource,22,Watlings,10,0.05,1,8.0,False
2026-09-12,craft,1844,Medicinal bark,Resource,174,Willemstad,10,0.05,1,4306.0,False
2026-09-12,craft,1844,Medicinal bark,Resource,181,Yaguaraparo,10,0.05,1,4.0,False
2026-09-12,craft,1890,Molasses,Resource,97,Cap-Français,2,0.05,1,2400000.0,False
2026-09-12,craft,1890,Molasses,Resource,212,Cartagena de Indias,2,0.05,1,2400000.0,False
2026-09-12,craft,1890,Molasses,Resource,259,Congrios,2,0.05,1,2400000.0,False
2026-09-12,craft,1890,Molasses,Resource,18,George's Town,2,0.05,1,2400000.0,False
2026-09-12,craft,1890,Molasses,Resource,228,San Juan del Norte,2,0.05,1,2400000.0,False
2026-09-12,craft,1890,Molasses,Resource,59,Trinidad,2,0.05,1,2354863.0,False
2026-09-12,craft,1890,Molasses,Resource,111,Barahona,3,0.05,1,2410000.0,False
2026-09-12,craft,1890,Molasses,Resource,44,Cayo Romano,3,0.05,1,2400000.0,False
2026-09-12,craft,1890,Molasses,Resource,201,Gibraltar,3,0.05,1,2400000.0,False
2026-09-12,craft,1890,Molasses,Resource,112,La Mona,3,0.05,1,2400000.0,False
2026-09-12,craft,1890,Molasses,Resource,29,Little Inagua,3,0.05,1,2400000.0,False
2026-09-12,craft,1890,Molasses,Resource,301,Penzacola,3,0.05,1,2403000.0,False
2026-09-12,craft,1890,Molasses,Resource,192,Río Chico,3,0.05,1,2347158.0,False
2026-09-12,craft,1890,Molasses,Resource,236,San Andrés,3,0.05,1,2409308.0,False
2026-09-12,craft,1890,Molasses,Resource,115,San Juan,3,0.05,1,2400000.0,False
2026-09-12,craft,1890,Molasses,Resource,343,Tumbado,3,0.05,1,2422568.0,False
2026-09-12,craft,1890,Molasses,Resource,273,Victoria,3,0.05,1,2400000.0,False
2026-09-12,craft,1890,Molasses,Resource,50,Baracoa,4,0.05,1,7669.0,False
2026-09-12,craft,1890,Molasses,Resource,74,Cayman Brac,4,0.05,1,71.0,False
2026-09-12,craft,1890,Molasses,Resource,323,Cayo Biscayno,4,0.05,1,2400000.0,False
2026-09-12,craft,1890,Molasses,Resource,264,Conil,4,0.05,1,192.0,False
2026-09-12,craft,1890,Molasses,Resource,274,Espíritu Santo,4,0.05,1,1000.0,False
2026-09-12,craft,1890,Molasses,Resource,175,Fort Zoutman,4,0.05,1,9560.0,False
2026-09-12,craft,1890,Molasses,Resource,334,Georgetown,4,0.05,1,2400000.0,False
2026-09-12,craft,1890,Molasses,Resource,33,Grand Turk,4,0.05,1,50.0,False
2026-09-12,craft,1890,Molasses,Resource,233,Great River,4,0.05,1,1434.0,False
2026-09-12,craft,1890,Molasses,Resource,179,Guayaguayare,4,0.05,1,111.0,False
2026-09-12,craft,1890,Molasses,Resource,133,Gustavia,4,0.05,1,62.0,False
2026-09-12,craft,1890,Molasses,Resource,316,Islamorada,4,0.05,1,67.0,False
2026-09-12,craft,1890,Molasses,Resource,370,Island Harbour,4,0.05,1,74.0,False
2026-09-12,craft,1890,Molasses,Resource,83,Jacmel,4,0.05,1,122.0,False
2026-09-12,craft,1890,Molasses,Resource,162,Kingstown,4,0.05,1,2400000.0,False
2026-09-12,craft,1890,Molasses,Resource,100,La Isabela,4,0.05,1,47.0,False
2026-09-12,craft,1890,Molasses,Resource,96,La Tortue,4,0.05,1,124.0,False
2026-09-12,craft,1890,Molasses,Resource,307,Las Sabinas,4,0.05,1,8075.0,False
2026-09-12,craft,1890,Molasses,Resource,90,Léogane,4,0.05,1,48.0,False
2026-09-12,craft,1890,Molasses,Resource,227,Matina,4,0.05,1,129.0,False
2026-09-12,craft,1890,Molasses,Resource,30,Parrot Cay,4,0.05,1,52.0,False
2026-09-12,craft,1890,Molasses,Resource,65,Pinar del Río,4,0.05,1,36068.0,False
2026-09-12,craft,1890,Molasses,Resource,218,Playón,4,0.05,1,55.0,False
2026-09-12,craft,1890,Molasses,Resource,169,Puerto de España,4,0.05,1,609.0,False
2026-09-12,craft,1890,Molasses,Resource,303,San José,4,0.05,1,14984.0,False
2026-09-12,craft,1890,Molasses,Resource,62,San Lazaro,4,0.05,1,67.0,False
2026-09-12,craft,1890,Molasses,Resource,52,Santiago de Cuba,4,0.05,1,2402061.0,False
2026-09-12,craft,39,Oak Log,Resource,123,Amalienborg,2,0.05,1,4218907.0,False
2026-09-12,craft,39,Oak Log,Resource,173,Fort Oranje,2,0.05,1,1569836.0,False
2026-09-12,craft,39,Oak Log,Resource,240,Gracias a Dios,2,0.05,1,4800000.0,False
2026-09-12,craft,39,Oak Log,Resource,88,Jérémie,2,0.05,1,4619684.0,False
2026-09-12,craft,39,Oak Log,Resource,26,Mayaguana,2,0.05,1,4396103.0,False
2026-09-12,craft,39,Oak Log,Resource,252,Placentia,2,0.05,1,4800000.0,False
2026-09-12,craft,39,Oak Log,Resource,145,Pointe-à-Pitre,2,0.05,1,4706515.0,False
2026-09-12,craft,39,Oak Log,Resource,331,Savannah,2,0.05,1,4800000.0,False
2026-09-12,craft,39,Oak Log,Resource,366,Shroud Cay,2,0.05,1,8489.0,False
2026-09-12,craft,39,Oak Log,Resource,216,Canalete,3,0.05,1,4800000.0,False
2026-09-12,craft,39,Oak Log,Resource,177,Caño Araguao,3,0.05,1,4555828.0,False
2026-09-12,craft,39,Oak Log,Resource,214,Dariena,3,0.05,1,4800000.0,False
2026-09-12,craft,39,Oak Log,Resource,33,Grand Turk,3,0.05,1,1741897.0,False
2026-09-12,craft,39,Oak Log,Resource,314,Las Tortugas,3,0.05,1,4755322.0,False
2026-09-12,craft,39,Oak Log,Resource,57,Santa María,3,0.05,1,406954.0,False
2026-09-12,craft,39,Oak Log,Resource,343,Tumbado,3,0.05,1,4800011.0,False
2026-09-12,craft,39,Oak Log,Resource,364,William's Bay,3,0.05,1,4800013.0,False
2026-09-12,craft,39,Oak Log,Resource,150,Aves,4,0.05,1,4800006.0,False
2026-09-12,craft,39,Oak Log,Resource,50,Baracoa,4,0.05,1,373.0,False
2026-09-12,craft,39,Oak Log,Resource,10,Bimini,4,0.05,1,2.0,False
2026-09-12,craft,39,Oak Log,Resource,230,Bluefields,4,0.05,1,10.0,False
2026-09-12,craft,39,Oak Log,Resource,245,Bonacca,4,0.05,1,4.0,False
2026-09-12,craft,39,Oak Log,Resource,237,Brangman's Bluff,4,0.05,1,4.0,False
2026-09-12,craft,39,Oak Log,Resource,161,Bridgetown,4,0.05,1,3.0,False
2026-09-12,craft,39,Oak Log,Resource,208,Cabo de la Vela,4,0.05,1,917.0,False
2026-09-12,craft,39,Oak Log,Resource,74,Cayman Brac,4,0.05,1,413.0,False
2026-09-12,craft,39,Oak Log,Resource,270,Champotón,4,0.05,1,23309.0,False
2026-09-12,craft,39,Oak Log,Resource,129,Christiansted,4,0.05,1,67.0,False
2026-09-12,craft,39,Oak Log,Resource,241,Croata,4,0.05,1,286.0,False
2026-09-12,craft,39,Oak Log,Resource,189,Cumaná,4,0.05,1,7.0,False
2026-09-12,craft,39,Oak Log,Resource,274,Espíritu Santo,4,0.05,1,6.0,False
2026-09-12,craft,39,Oak Log,Resource,156,Fort-Royal,4,0.05,1,23.0,False
2026-09-12,craft,39,Oak Log,Resource,311,Gasparilla,4,0.05,1,3394.0,False
2026-09-12,craft,39,Oak Log,Resource,72,George Town,4,0.05,1,206.0,False
2026-09-12,craft,39,Oak Log,Resource,201,Gibraltar,4,0.05,1,3.0,False
2026-09-12,craft,39,Oak Log,Resource,16,Governor's Harbour,4,0.05,1,2.0,False
2026-09-12,craft,39,Oak Log,Resource,233,Great River,4,0.05,1,4553301.0,False
2026-09-12,craft,39,Oak Log,Resource,374,Guacata,4,0.05,1,4.0,False
2026-09-12,craft,39,Oak Log,Resource,117,Guayama,4,0.05,1,693.0,False
2026-09-12,craft,39,Oak Log,Resource,133,Gustavia,4,0.05,1,5.0,False
2026-09-12,craft,39,Oak Log,Resource,119,Guánica,4,0.05,1,5.0,False
2026-09-12,craft,39,Oak Log,Resource,15,Harbour Island,4,0.05,1,4.0,False
2026-09-12,craft,39,Oak Log,Resource,313,Key West,4,0.05,1,1.0,False
2026-09-12,craft,39,Oak Log,Resource,357,Kidd's Harbour,4,0.05,1,8.0,False
2026-09-12,craft,39,Oak Log,Resource,170,La Blanquilla,4,0.05,1,8.0,False
2026-09-12,craft,39,Oak Log,Resource,112,La Mona,4,0.05,1,1.0,False
2026-09-12,craft,39,Oak Log,Resource,362,Little Isaac Rocks,4,0.05,1,2.0,False
2026-09-12,craft,39,Oak Log,Resource,90,Léogane,4,0.05,1,71.0,False
2026-09-12,craft,39,Oak Log,Resource,105,Macao,4,0.05,1,4529781.0,False
2026-09-12,craft,39,Oak Log,Resource,55,Manzanillo,4,0.05,1,10.0,False
2026-09-12,craft,39,Oak Log,Resource,204,Maracaibo,4,0.05,1,1.0,False
2026-09-12,craft,39,Oak Log,Resource,131,Marigot,4,0.05,1,2.0,False
2026-09-12,craft,39,Oak Log,Resource,197,Mitara,4,0.05,1,3062.0,False
2026-09-12,craft,39,Oak Log,Resource,297,Nouvelle-Orléans,4,0.05,1,14.0,False
2026-09-12,craft,39,Oak Log,Resource,235,Old Providence,4,0.05,1,5.0,False
2026-09-12,craft,39,Oak Log,Resource,185,Pampatar,4,0.05,1,5.0,False
2026-09-12,craft,39,Oak Log,Resource,180,Pedernales,4,0.05,1,6.0,False
2026-09-12,craft,39,Oak Log,Resource,352,Pedro Cay,4,0.05,1,4.0,False
2026-09-12,craft,39,Oak Log,Resource,301,Penzacola,4,0.05,1,91798.0,False
2026-09-12,craft,39,Oak Log,Resource,65,Pinar del Río,4,0.05,1,431351.0,False
2026-09-12,craft,39,Oak Log,Resource,77,Port Antonio,4,0.05,1,718.0,False
2026-09-12,craft,39,Oak Log,Resource,220,Portobelo,4,0.05,1,11.0,False
2026-09-12,craft,39,Oak Log,Resource,169,Puerto de España,4,0.05,1,14.0,False
2026-09-12,craft,39,Oak Log,Resource,271,Puerto Real,4,0.05,1,24.0,False
2026-09-12,craft,39,Oak Log,Resource,21,Ragged Cay,4,0.05,1,1.0,False
2026-09-12,craft,39,Oak Log,Resource,43,Remedios,4,0.05,1,94.0,False
2026-09-12,craft,39,Oak Log,Resource,296,Saint-Malo,4,0.05,1,42.0,False
2026-09-12,craft,39,Oak Log,Resource,303,San José,4,0.05,1,4800000.0,False
2026-09-12,craft,39,Oak Log,Resource,62,San Lazaro,4,0.05,1,1.0,False
2026-09-12,craft,39,Oak Log,Resource,305,San Marcos,4,0.05,1,1.0,False
2026-09-12,craft,39,Oak Log,Resource,56,Santa Cruz,4,0.05,1,18.0,False
2026-09-12,craft,39,Oak Log,Resource,68,Santa Fe,4,0.05,1,4.0,False
2026-09-12,craft,39,Oak Log,Resource,210,Santa Marta,4,0.05,1,1004.0,False
2026-09-12,craft,39,Oak Log,Resource,348,Santanillas,4,0.05,1,3.0,False
2026-09-12,craft,39,Oak Log,Resource,52,Santiago de Cuba,4,0.05,1,151.0,False
2026-09-12,craft,39,Oak Log,Resource,81,Savanna la Mar,4,0.05,1,1577.0,False
2026-09-12,craft,39,Oak Log,Resource,165,Scarborough,4,0.05,1,9.0,False
2026-09-12,craft,39,Oak Log,Resource,266,Selam,4,0.05,1,1000.0,False
2026-09-12,craft,39,Oak Log,Resource,349,Serrana,4,0.05,1,387.0,False
2026-09-12,craft,39,Oak Log,Resource,268,Sisal,4,0.05,1,4602523.0,False
2026-09-12,craft,39,Oak Log,Resource,309,Tampa,4,0.05,1,2.0,False
2026-09-12,craft,39,Oak Log,Resource,59,Trinidad,4,0.05,1,67.0,False
2026-09-12,craft,39,Oak Log,Resource,254,Turneffe,4,0.05,1,5.0,False
2026-09-12,craft,39,Oak Log,Resource,159,Vieux-Fort,4,0.05,1,5.0,False
2026-09-12,craft,39,Oak Log,Resource,262,Xpu Ha,4,0.05,1,625.0,False
2026-09-12,craft,39,Oak Log,Resource,181,Yaguaraparo,4,0.05,1,9.0,False
2026-09-12,craft,14,Oak Planks,Material,123,Amalienborg,4,0.05,1,10000.0,False
2026-09-12,craft,14,Oak Planks,Material,150,Aves,4,0.05,1,10000.0,False
2026-09-12,craft,14,Oak Planks,Material,245,Bonacca,4,0.05,1,1728.0,False
2026-09-12,craft,14,Oak Planks,Material,269,Campeche,4,0.05,1,80.0,False
2026-09-12,craft,14,Oak Planks,Material,74,Cayman Brac,4,0.05,1,9.0,False
2026-09-12,craft,14,Oak Planks,Material,270,Champotón,4,0.05,1,5000.0,False
2026-09-12,craft,14,Oak Planks,Material,241,Croata,4,0.05,1,1001.0,False
2026-09-12,craft,14,Oak Planks,Material,311,Gasparilla,4,0.05,1,1258.0,False
2026-09-12,craft,14,Oak Planks,Material,231,Great Corn,4,0.05,1,7700.0,False
2026-09-12,craft,14,Oak Planks,Material,233,Great River,4,0.05,1,43963.0,False
2026-09-12,craft,14,Oak Planks,Material,316,Islamorada,4,0.05,1,112.0,False
2026-09-12,craft,14,Oak Planks,Material,42,La Anguila,4,0.05,1,12.0,False
2026-09-12,craft,14,Oak Planks,Material,90,Léogane,4,0.05,1,10.0,False
2026-09-12,craft,14,Oak Planks,Material,227,Matina,4,0.05,1,4.0,False
2026-09-12,craft,14,Oak Planks,Material,27,Mortimer Town,4,0.05,1,35.0,False
2026-09-12,craft,14,Oak Planks,Material,297,Nouvelle-Orléans,4,0.05,1,6542.0,False
2026-09-12,craft,14,Oak Planks,Material,301,Penzacola,4,0.05,1,10000.0,False
2026-09-12,craft,14,Oak Planks,Material,65,Pinar del Río,4,0.05,1,10000.0,False
2026-09-12,craft,14,Oak Planks,Material,220,Portobelo,4,0.05,1,712.0,False
2026-09-12,craft,14,Oak Planks,Material,101,Puerto Plata,4,0.05,1,10.0,False
2026-09-12,craft,14,Oak Planks,Material,296,Saint-Malo,4,0.05,1,10000.0,False
2026-09-12,craft,14,Oak Planks,Material,303,San José,4,0.05,1,11875.0,False
2026-09-12,craft,14,Oak Planks,Material,309,Tampa,4,0.05,1,10.0,False
2026-09-12,craft,14,Oak Planks,Material,364,William's Bay,4,0.05,1,10000.0,False
2026-09-12,craft,887,Provisions,Material,17,Arthur's Town,65,0.05,1,326.0,False
2026-09-12,craft,887,Provisions,Material,257,Bensalem,65,0.05,1,1200000.0,False
2026-09-12,craft,887,Provisions,Material,10,Bimini,65,0.05,1,12.0,False
2026-09-12,craft,887,Provisions,Material,243,Black River,65,0.05,1,119.0,False
2026-09-12,craft,887,Provisions,Material,245,Bonacca,65,0.05,1,802.0,False
2026-09-12,craft,887,Provisions,Material,350,Bone Cay,65,0.05,1,127.0,False
2026-09-12,craft,887,Provisions,Material,237,Brangman's Bluff,65,0.05,1,114.0,False
2026-09-12,craft,887,Provisions,Material,318,Cabo Cañaveral,65,0.05,1,1200000.0,False
2026-09-12,craft,887,Provisions,Material,323,Cayo Biscayno,65,0.05,1,118.0,False
2026-09-12,craft,887,Provisions,Material,270,Champotón,65,0.05,1,1200000.0,False
2026-09-12,craft,887,Provisions,Material,207,Coquibacoa,65,0.05,1,106.0,False
2026-09-12,craft,887,Provisions,Material,66,Corrientes,65,0.05,1,328.0,False
2026-09-12,craft,887,Provisions,Material,361,Crown Haven,65,0.05,1,51.0,False
2026-09-12,craft,887,Provisions,Material,20,Deadman's Cay,65,0.05,1,96.0,False
2026-09-12,craft,887,Provisions,Material,311,Gasparilla,65,0.05,1,262.0,False
2026-09-12,craft,887,Provisions,Material,72,George Town,65,0.05,1,114.0,False
2026-09-12,craft,887,Provisions,Material,18,George's Town,65,0.05,1,39.0,False
2026-09-12,craft,887,Provisions,Material,16,Governor's Harbour,65,0.05,1,66.0,False
2026-09-12,craft,887,Provisions,Material,231,Great Corn,65,0.05,1,1200000.0,False
2026-09-12,craft,887,Provisions,Material,119,Guánica,65,0.05,1,118.0,False
2026-09-12,craft,887,Provisions,Material,15,Harbour Island,65,0.05,1,76.0,False
2026-09-12,craft,887,Provisions,Material,130,Hat Island,65,0.05,1,1200000.0,False
2026-09-12,craft,887,Provisions,Material,316,Islamorada,65,0.05,1,114.0,False
2026-09-12,craft,887,Provisions,Material,83,Jacmel,65,0.05,1,281.0,False
2026-09-12,craft,887,Provisions,Material,88,Jérémie,65,0.05,1,1044.0,False
2026-09-12,craft,887,Provisions,Material,313,Key West,65,0.05,1,1200000.0,False
2026-09-12,craft,887,Provisions,Material,100,La Isabela,65,0.05,1,1200000.0,False
2026-09-12,craft,887,Provisions,Material,112,La Mona,65,0.05,1,1182500.0,False
2026-09-12,craft,887,Provisions,Material,96,La Tortue,65,0.05,1,114.0,False
2026-09-12,craft,887,Provisions,Material,307,Las Sabinas,65,0.05,1,49.0,False
2026-09-12,craft,887,Provisions,Material,86,Les Cayes,65,0.05,1,10.0,False
2026-09-12,craft,887,Provisions,Material,29,Little Inagua,65,0.05,1,80.0,False
2026-09-12,craft,887,Provisions,Material,90,Léogane,65,0.05,1,125.0,False
2026-09-12,craft,887,Provisions,Material,204,Maracaibo,65,0.05,1,230.0,False
2026-09-12,craft,887,Provisions,Material,26,Mayaguana,65,0.05,1,11.0,False
2026-09-12,craft,887,Provisions,Material,27,Mortimer Town,65,0.05,1,110.0,False
2026-09-12,craft,887,Provisions,Material,297,Nouvelle-Orléans,65,0.05,1,1211099.0,False
2026-09-12,craft,887,Provisions,Material,46,Nuevitas,65,0.05,1,5656.0,False
2026-09-12,craft,887,Provisions,Material,235,Old Providence,65,0.05,1,80.0,False
2026-09-12,craft,887,Provisions,Material,250,Omoa,65,0.05,1,114.0,False
2026-09-12,craft,887,Provisions,Material,30,Parrot Cay,65,0.05,1,110.0,False
2026-09-12,craft,887,Provisions,Material,301,Penzacola,65,0.05,1,1694.0,False
2026-09-12,craft,887,Provisions,Material,65,Pinar del Río,65,0.05,1,1220124.0,False
2026-09-12,craft,887,Provisions,Material,218,Playón,65,0.05,1,1200000.0,False
2026-09-12,craft,887,Provisions,Material,369,Plymouth,65,0.05,1,1200000.0,False
2026-09-12,craft,887,Provisions,Material,77,Port Antonio,65,0.05,1,114.0,False
2026-09-12,craft,887,Provisions,Material,54,Portillo,65,0.05,1,108.0,False
2026-09-12,craft,887,Provisions,Material,220,Portobelo,65,0.05,1,8.0,False
2026-09-12,craft,887,Provisions,Material,49,Puerto de Nipe,65,0.05,1,334.0,False
2026-09-12,craft,887,Provisions,Material,51,Puerto Escondido,65,0.05,1,1200000.0,False
2026-09-12,craft,887,Provisions,Material,21,Ragged Cay,65,0.05,1,36.0,False
2026-09-12,craft,887,Provisions,Material,43,Remedios,65,0.05,1,232.0,False
2026-09-12,craft,887,Provisions,Material,152,Roseau,65,0.05,1,331.0,False
2026-09-12,craft,887,Provisions,Material,209,Río de la Hacha,65,0.05,1,1200000.0,False
2026-09-12,craft,887,Provisions,Material,296,Saint-Malo,65,0.05,1,3925.0,False
2026-09-12,craft,887,Provisions,Material,303,San José,65,0.05,1,3507.0,False
2026-09-12,craft,887,Provisions,Material,305,San Marcos,65,0.05,1,50.0,False
2026-09-12,craft,887,Provisions,Material,348,Santanillas,65,0.05,1,1200000.0,False
2026-09-12,craft,887,Provisions,Material,52,Santiago de Cuba,65,0.05,1,107.0,False
2026-09-12,craft,887,Provisions,Material,108,Santo Domingo,65,0.05,1,1200000.0,False
2026-09-12,craft,887,Provisions,Material,349,Serrana,65,0.05,1,41.0,False
2026-09-12,craft,887,Provisions,Material,366,Shroud Cay,65,0.05,1,39.0,False
2026-09-12,craft,887,Provisions,Material,268,Sisal,65,0.05,1,895.0,False
2026-09-12,craft,887,Provisions,Material,263,Tantun Cuzamil,65,0.05,1,108.0,False
2026-09-12,craft,887,Provisions,Material,343,Tumbado,65,0.05,1,6663.0,False
2026-09-12,craft,887,Provisions,Material,254,Turneffe,65,0.05,1,6101.0,False
2026-09-12,craft,887,Provisions,Material,273,Victoria,65,0.05,1,100.0,False
2026-09-12,craft,887,Provisions,Material,22,Watlings,65,0.05,1,1200000.0,False
2026-09-12,craft,887,Provisions,Material,4,West End,65,0.05,1,45.0,False
2026-09-12,craft,887,Provisions,Material,174,Willemstad,65,0.05,1,1200000.0,False
2026-09-12,craft,887,Provisions,Material,364,William's Bay,65,0.05,1,338.0,False
2026-09-12,craft,887,Provisions,Material,181,Yaguaraparo,65,0.05,1,1189030.0,False
2026-09-12,craft,3,Ropes and Blocks,Material,270,Champotón,20,0.05,1,3380.0,False
2026-09-12,craft,3,Ropes and Blocks,Material,66,Corrientes,20,0.05,1,2.0,False
2026-09-12,craft,3,Ropes and Blocks,Material,311,Gasparilla,20,0.05,1,42.0,False
2026-09-12,craft,3,Ropes and Blocks,Material,297,Nouvelle-Orléans,20,0.05,1,10000.0,False
2026-09-12,craft,3,Ropes and Blocks,Material,46,Nuevitas,20,0.05,1,2081.0,False
2026-09-12,craft,3,Ropes and Blocks,Material,301,Penzacola,20,0.05,1,4246.0,False
2026-09-12,craft,3,Ropes and Blocks,Material,65,Pinar del Río,20,0.05,1,7404.0,False
2026-09-12,craft,3,Ropes and Blocks,Material,296,Saint-Malo,20,0.05,1,7.0,False
2026-09-12,craft,3,Ropes and Blocks,Material,273,Victoria,20,0.05,1,9289.0,False
2026-09-12,craft,21,Rum,Material,17,Arthur's Town,14,0.05,1,10.0,False
2026-09-12,craft,21,Rum,Material,150,Aves,14,0.05,1,5.0,False
2026-09-12,craft,21,Rum,Material,321,Ays,14,0.05,1,4.0,False
2026-09-12,craft,21,Rum,Material,103,Bahía Escocesa,14,0.05,1,9.0,False
2026-09-12,craft,21,Rum,Material,35,Baja,14,0.05,1,17.0,False
2026-09-12,craft,21,Rum,Material,50,Baracoa,14,0.05,1,29.0,False
2026-09-12,craft,21,Rum,Material,111,Barahona,14,0.05,1,266.0,False
2026-09-12,craft,21,Rum,Material,137,Basseterre Town,14,0.05,1,5.0,False
2026-09-12,craft,21,Rum,Material,243,Black River,14,0.05,1,12.0,False
2026-09-12,craft,21,Rum,Material,230,Bluefields,14,0.05,1,3092.0,False
2026-09-12,craft,21,Rum,Material,237,Brangman's Bluff,14,0.05,1,12.0,False
2026-09-12,craft,21,Rum,Material,161,Bridgetown,14,0.05,1,59.0,False
2026-09-12,craft,21,Rum,Material,329,Brunswick,14,0.05,1,6.0,False
2026-09-12,craft,21,Rum,Material,318,Cabo Cañaveral,14,0.05,1,20.0,False
2026-09-12,craft,21,Rum,Material,208,Cabo de la Vela,14,0.05,1,17.0,False
2026-09-12,craft,21,Rum,Material,269,Campeche,14,0.05,1,25.0,False
2026-09-12,craft,21,Rum,Material,97,Cap-Français,14,0.05,1,195.0,False
2026-09-12,craft,21,Rum,Material,193,Caracas,14,0.05,1,94.0,False
2026-09-12,craft,21,Rum,Material,74,Cayman Brac,14,0.05,1,13.0,False
2026-09-12,craft,21,Rum,Material,323,Cayo Biscayno,14,0.05,1,89.0,False
2026-09-12,craft,21,Rum,Material,44,Cayo Romano,14,0.05,1,6.0,False
2026-09-12,craft,21,Rum,Material,177,Caño Araguao,14,0.05,1,113.0,False
2026-09-12,craft,21,Rum,Material,129,Christiansted,14,0.05,1,58.0,False
2026-09-12,craft,21,Rum,Material,259,Congrios,14,0.05,1,21.0,False
2026-09-12,craft,21,Rum,Material,264,Conil,14,0.05,1,22.0,False
2026-09-12,craft,21,Rum,Material,207,Coquibacoa,14,0.05,1,7.0,False
2026-09-12,craft,21,Rum,Material,66,Corrientes,14,0.05,1,89.0,False
2026-09-12,craft,21,Rum,Material,241,Croata,14,0.05,1,7.0,False
2026-09-12,craft,21,Rum,Material,189,Cumaná,14,0.05,1,8.0,False
2026-09-12,craft,21,Rum,Material,214,Dariena,14,0.05,1,7267.0,False
2026-09-12,craft,21,Rum,Material,274,Espíritu Santo,14,0.05,1,56.0,False
2026-09-12,craft,21,Rum,Material,173,Fort Oranje,14,0.05,1,11.0,False
2026-09-12,craft,21,Rum,Material,175,Fort Zoutman,14,0.05,1,19.0,False
2026-09-12,craft,21,Rum,Material,311,Gasparilla,14,0.05,1,13.0,False
2026-09-12,craft,21,Rum,Material,72,George Town,14,0.05,1,6.0,False
2026-09-12,craft,21,Rum,Material,334,Georgetown,14,0.05,1,2.0,False
2026-09-12,craft,21,Rum,Material,201,Gibraltar,14,0.05,1,2.0,False
2026-09-12,craft,21,Rum,Material,16,Governor's Harbour,14,0.05,1,9.0,False
2026-09-12,craft,21,Rum,Material,240,Gracias a Dios,14,0.05,1,4.0,False
2026-09-12,craft,21,Rum,Material,33,Grand Turk,14,0.05,1,18.0,False
2026-09-12,craft,21,Rum,Material,231,Great Corn,14,0.05,1,135.0,False
2026-09-12,craft,21,Rum,Material,233,Great River,14,0.05,1,4360.0,False
2026-09-12,craft,21,Rum,Material,15,Harbour Island,14,0.05,1,17.0,False
2026-09-12,craft,21,Rum,Material,106,Higüey,14,0.05,1,20.0,False
2026-09-12,craft,21,Rum,Material,316,Islamorada,14,0.05,1,1000.0,False
2026-09-12,craft,21,Rum,Material,83,Jacmel,14,0.05,1,13.0,False
2026-09-12,craft,21,Rum,Material,88,Jérémie,14,0.05,1,3430.0,False
2026-09-12,craft,21,Rum,Material,357,Kidd's Harbour,14,0.05,1,1.0,False
2026-09-12,craft,21,Rum,Material,79,Kingston / Port Royal,14,0.05,1,45.0,False
2026-09-12,craft,21,Rum,Material,162,Kingstown,14,0.05,1,53.0,False
2026-09-12,craft,21,Rum,Material,42,La Anguila,14,0.05,1,6.0,False
2026-09-12,craft,21,Rum,Material,170,La Blanquilla,14,0.05,1,15.0,False
2026-09-12,craft,21,Rum,Material,38,La Habana,14,0.05,1,3.0,False
2026-09-12,craft,21,Rum,Material,112,La Mona,14,0.05,1,4.0,False
2026-09-12,craft,21,Rum,Material,85,La Navasse,14,0.05,1,44.0,False
2026-09-12,craft,21,Rum,Material,187,La Tortuga,14,0.05,1,2.0,False
2026-09-12,craft,21,Rum,Material,172,Las Aves,14,0.05,1,168.0,False
2026-09-12,craft,21,Rum,Material,307,Las Sabinas,14,0.05,1,11.0,False
2026-09-12,craft,21,Rum,Material,86,Les Cayes,14,0.05,1,52.0,False
2026-09-12,craft,21,Rum,Material,8,Little Harbour,14,0.05,1,1.0,False
2026-09-12,craft,21,Rum,Material,29,Little Inagua,14,0.05,1,1701.0,False
2026-09-12,craft,21,Rum,Material,362,Little Isaac Rocks,14,0.05,1,3.0,False
2026-09-12,craft,21,Rum,Material,90,Léogane,14,0.05,1,9.0,False
2026-09-12,craft,21,Rum,Material,204,Maracaibo,14,0.05,1,14.0,False
2026-09-12,craft,21,Rum,Material,131,Marigot,14,0.05,1,8.0,False
2026-09-12,craft,21,Rum,Material,227,Matina,14,0.05,1,467.0,False
2026-09-12,craft,21,Rum,Material,197,Mitara,14,0.05,1,9.0,False
2026-09-12,craft,21,Rum,Material,27,Mortimer Town,14,0.05,1,43.0,False
2026-09-12,craft,21,Rum,Material,297,Nouvelle-Orléans,14,0.05,1,10000.0,False
2026-09-12,craft,21,Rum,Material,46,Nuevitas,14,0.05,1,14.0,False
2026-09-12,craft,21,Rum,Material,235,Old Providence,14,0.05,1,3861.0,False
2026-09-12,craft,21,Rum,Material,136,Oranjestad,14,0.05,1,27.0,False
2026-09-12,craft,21,Rum,Material,180,Pedernales,14,0.05,1,11.0,False
2026-09-12,craft,21,Rum,Material,301,Penzacola,14,0.05,1,5233.0,False
2026-09-12,craft,21,Rum,Material,203,Perijá,14,0.05,1,3.0,False
2026-09-12,craft,21,Rum,Material,65,Pinar del Río,14,0.05,1,3132.0,False
2026-09-12,craft,21,Rum,Material,369,Plymouth,14,0.05,1,4.0,False
2026-09-12,craft,21,Rum,Material,77,Port Antonio,14,0.05,1,19.0,False
2026-09-12,craft,21,Rum,Material,91,Port-au-Prince,14,0.05,1,66.0,False
2026-09-12,craft,21,Rum,Material,95,Port-de-Paix,14,0.05,1,3.0,False
2026-09-12,craft,21,Rum,Material,54,Portillo,14,0.05,1,37.0,False
2026-09-12,craft,21,Rum,Material,220,Portobelo,14,0.05,1,78.0,False
2026-09-12,craft,21,Rum,Material,169,Puerto de España,14,0.05,1,103.0,False
2026-09-12,craft,21,Rum,Material,49,Puerto de Nipe,14,0.05,1,5.0,False
2026-09-12,craft,21,Rum,Material,51,Puerto Escondido,14,0.05,1,14.0,False
2026-09-12,craft,21,Rum,Material,101,Puerto Plata,14,0.05,1,5.0,False
2026-09-12,craft,21,Rum,Material,191,Píritu,14,0.05,1,1.0,False
2026-09-12,craft,21,Rum,Material,21,Ragged Cay,14,0.05,1,4.0,False
2026-09-12,craft,21,Rum,Material,43,Remedios,14,0.05,1,31.0,False
2026-09-12,craft,21,Rum,Material,246,Ruatan,14,0.05,1,2.0,False
2026-09-12,craft,21,Rum,Material,192,Río Chico,14,0.05,1,23.0,False
2026-09-12,craft,21,Rum,Material,164,Saint George,14,0.05,1,9074.0,False
2026-09-12,craft,21,Rum,Material,355,Saint George's Town,14,0.05,1,2.0,False
2026-09-12,craft,21,Rum,Material,140,Saint John's,14,0.05,1,5.0,False
2026-09-12,craft,21,Rum,Material,296,Saint-Malo,14,0.05,1,274.0,False
2026-09-12,craft,21,Rum,Material,94,Saint-Nicolas,14,0.05,1,890.0,False
2026-09-12,craft,21,Rum,Material,82,Sale-Trou,14,0.05,1,66.0,False
2026-09-12,craft,21,Rum,Material,326,San Agustín,14,0.05,1,2.0,False
2026-09-12,craft,21,Rum,Material,303,San José,14,0.05,1,12.0,False
2026-09-12,craft,21,Rum,Material,115,San Juan,14,0.05,1,16.0,False
2026-09-12,craft,21,Rum,Material,62,San Lazaro,14,0.05,1,4.0,False
2026-09-12,craft,21,Rum,Material,305,San Marcos,14,0.05,1,264.0,False
2026-09-12,craft,21,Rum,Material,56,Santa Cruz,14,0.05,1,19.0,False
2026-09-12,craft,21,Rum,Material,68,Santa Fe,14,0.05,1,7.0,False
2026-09-12,craft,21,Rum,Material,348,Santanillas,14,0.05,1,7.0,False
2026-09-12,craft,21,Rum,Material,52,Santiago de Cuba,14,0.05,1,6.0,False
2026-09-12,craft,21,Rum,Material,108,Santo Domingo,14,0.05,1,58.0,False
2026-09-12,craft,21,Rum,Material,81,Savanna la Mar,14,0.05,1,3.0,False
2026-09-12,craft,21,Rum,Material,165,Scarborough,14,0.05,1,105.0,False
2026-09-12,craft,21,Rum,Material,266,Selam,14,0.05,1,432.0,False
2026-09-12,craft,21,Rum,Material,349,Serrana,14,0.05,1,30.0,False
2026-09-12,craft,21,Rum,Material,366,Shroud Cay,14,0.05,1,75.0,False
2026-09-12,craft,21,Rum,Material,71,Siguanea,14,0.05,1,12.0,False
2026-09-12,craft,21,Rum,Material,268,Sisal,14,0.05,1,15.0,False
2026-09-12,craft,21,Rum,Material,127,Spanish Town,14,0.05,1,3.0,False
2026-09-12,craft,21,Rum,Material,309,Tampa,14,0.05,1,58.0,False
2026-09-12,craft,21,Rum,Material,263,Tantun Cuzamil,14,0.05,1,6.0,False
2026-09-12,craft,21,Rum,Material,59,Trinidad,14,0.05,1,164.0,False
2026-09-12,craft,21,Rum,Material,343,Tumbado,14,0.05,1,12.0,False
2026-09-12,craft,21,Rum,Material,276,Vera Cruz,14,0.05,1,7.0,False
2026-09-12,craft,21,Rum,Material,273,Victoria,14,0.05,1,3412.0,False
2026-09-12,craft,21,Rum,Material,159,Vieux-Fort,14,0.05,1,87.0,False
2026-09-12,craft,21,Rum,Material,360,Water Bay,14,0.05,1,4.0,False
2026-09-12,craft,21,Rum,Material,22,Watlings,14,0.05,1,9.0,False
2026-09-12,craft,21,Rum,Material,4,West End,14,0.05,1,1.0,False
2026-09-12,craft,21,Rum,Material,174,Willemstad,14,0.05,1,435.0,False
2026-09-12,craft,21,Rum,Material,181,Yaguaraparo,14,0.05,1,2.0,False
2026-09-12,craft,20,Sail Canvas,Material,245,Bonacca,4,0.05,1,2868.0,False
2026-09-12,craft,20,Sail Canvas,Material,270,Champotón,4,0.05,1,5000.0,False
2026-09-12,craft,20,Sail Canvas,Material,311,Gasparilla,4,0.05,1,12.0,False
2026-09-12,craft,20,Sail Canvas,Material,233,Great River,4,0.05,1,16950.0,False
2026-09-12,craft,20,Sail Canvas,Material,79,Kingston / Port Royal,4,0.05,1,10000.0,False
2026-09-12,craft,20,Sail Canvas,Material,105,Macao,4,0.05,1,20398.0,False
2026-09-12,craft,20,Sail Canvas,Material,227,Matina,4,0.05,1,10309.0,False
2026-09-12,craft,20,Sail Canvas,Material,27,Mortimer Town,4,0.05,1,14.0,False
2026-09-12,craft,20,Sail Canvas,Material,297,Nouvelle-Orléans,4,0.05,1,15663.0,False
2026-09-12,craft,20,Sail Canvas,Material,301,Penzacola,4,0.05,1,10000.0,False
2026-09-12,craft,20,Sail Canvas,Material,65,Pinar del Río,4,0.05,1,10000.0,False
2026-09-12,craft,20,Sail Canvas,Material,303,San José,4,0.05,1,5000.0,False
2026-09-12,craft,20,Sail Canvas,Material,273,Victoria,4,0.05,1,4054.0,False
2026-09-12,craft,20,Sail Canvas,Material,364,William's Bay,4,0.05,1,3992.0,False
2026-09-12,craft,864,Saltpeter,Resource,183,Galdonas,2,0.05,1,1113874.0,False
2026-09-12,craft,864,Saltpeter,Resource,55,Manzanillo,2,0.05,1,1207584.0,False
2026-09-12,craft,864,Saltpeter,Resource,343,Tumbado,2,0.05,1,1200000.0,False
2026-09-12,craft,864,Saltpeter,Resource,262,Xpu Ha,2,0.05,1,1200000.0,False
2026-09-12,craft,864,Saltpeter,Resource,11,Mimbres,3,0.05,1,1092500.0,False
2026-09-12,craft,864,Saltpeter,Resource,46,Nuevitas,3,0.05,1,283202.0,False
2026-09-12,craft,864,Saltpeter,Resource,213,Tolú,3,0.05,1,1133373.0,False
2026-09-12,craft,864,Saltpeter,Resource,230,Bluefields,4,0.05,1,1196174.0,False
2026-09-12,craft,864,Saltpeter,Resource,172,Las Aves,4,0.05,1,158525.0,False
2026-09-12,craft,864,Saltpeter,Resource,82,Sale-Trou,4,0.05,1,1200000.0,False
2026-09-12,craft,864,Saltpeter,Resource,309,Tampa,4,0.05,1,1200000.0,False
2026-09-12,craft,864,Saltpeter,Resource,59,Trinidad,4,0.05,1,1198236.0,False
2026-09-12,craft,864,Saltpeter,Resource,4,West End,4,0.05,1,1200000.0,False
2026-09-12,craft,864,Saltpeter,Resource,103,Bahía Escocesa,5,0.05,1,1200000.0,False
2026-09-12,craft,864,Saltpeter,Resource,241,Croata,5,0.05,1,1200000.0,False
2026-09-12,craft,864,Saltpeter,Resource,274,Espíritu Santo,5,0.05,1,1097735.0,False
2026-09-12,craft,864,Saltpeter,Resource,112,La Mona,5,0.05,1,1200000.0,False
2026-09-12,craft,864,Saltpeter,Resource,136,Oranjestad,5,0.05,1,851342.0,False
2026-09-12,craft,864,Saltpeter,Resource,152,Roseau,5,0.05,1,1160514.0,False
2026-09-12,craft,864,Saltpeter,Resource,94,Saint-Nicolas,5,0.05,1,153137.0,False
2026-09-12,craft,864,Saltpeter,Resource,326,San Agustín,5,0.05,1,1192768.0,False
2026-09-12,craft,864,Saltpeter,Resource,245,Bonacca,6,0.05,1,323.0,False
2026-09-12,craft,864,Saltpeter,Resource,318,Cabo Cañaveral,6,0.05,1,154.0,False
2026-09-12,craft,864,Saltpeter,Resource,208,Cabo de la Vela,6,0.05,1,278.0,False
2026-09-12,craft,864,Saltpeter,Resource,269,Campeche,6,0.05,1,26001.0,False
2026-09-12,craft,864,Saltpeter,Resource,74,Cayman Brac,6,0.05,1,400.0,False
2026-09-12,craft,864,Saltpeter,Resource,270,Champotón,6,0.05,1,128.0,False
2026-09-12,craft,864,Saltpeter,Resource,66,Corrientes,6,0.05,1,277.0,False
2026-09-12,craft,864,Saltpeter,Resource,20,Deadman's Cay,6,0.05,1,148.0,False
2026-09-12,craft,864,Saltpeter,Resource,311,Gasparilla,6,0.05,1,7159.0,False
2026-09-12,craft,864,Saltpeter,Resource,72,George Town,6,0.05,1,18340.0,False
2026-09-12,craft,864,Saltpeter,Resource,334,Georgetown,6,0.05,1,578.0,False
2026-09-12,craft,864,Saltpeter,Resource,231,Great Corn,6,0.05,1,1203088.0,False
2026-09-12,craft,864,Saltpeter,Resource,233,Great River,6,0.05,1,596.0,False
2026-09-12,craft,864,Saltpeter,Resource,313,Key West,6,0.05,1,1465.0,False
2026-09-12,craft,864,Saltpeter,Resource,38,La Habana,6,0.05,1,1200000.0,False
2026-09-12,craft,864,Saltpeter,Resource,27,Mortimer Town,6,0.05,1,123.0,False
2026-09-12,craft,864,Saltpeter,Resource,235,Old Providence,6,0.05,1,293.0,False
2026-09-12,craft,864,Saltpeter,Resource,180,Pedernales,6,0.05,1,2.0,False
2026-09-12,craft,864,Saltpeter,Resource,301,Penzacola,6,0.05,1,18145.0,False
2026-09-12,craft,864,Saltpeter,Resource,65,Pinar del Río,6,0.05,1,62988.0,False
2026-09-12,craft,864,Saltpeter,Resource,77,Port Antonio,6,0.05,1,336.0,False
2026-09-12,craft,864,Saltpeter,Resource,43,Remedios,6,0.05,1,267.0,False
2026-09-12,craft,864,Saltpeter,Resource,57,Santa María,6,0.05,1,12753.0,False
2026-09-12,craft,864,Saltpeter,Resource,52,Santiago de Cuba,6,0.05,1,121.0,False
2026-09-12,craft,864,Saltpeter,Resource,81,Savanna la Mar,6,0.05,1,265.0,False
2026-09-12,craft,864,Saltpeter,Resource,349,Serrana,6,0.05,1,157.0,False
2026-09-12,craft,864,Saltpeter,Resource,366,Shroud Cay,6,0.05,1,154.0,False
2026-09-12,craft,864,Saltpeter,Resource,273,Victoria,6,0.05,1,6113.0,False
2026-09-12,craft,864,Saltpeter,Resource,22,Watlings,6,0.05,1,266.0,False
2026-09-12,craft,864,Saltpeter,Resource,174,Willemstad,6,0.05,1,1.0,False
2026-09-12,craft,864,Saltpeter,Resource,364,William's Bay,6,0.05,1,5995.0,False
2026-09-12,craft,43,Stone Block,Resource,222,Calobelo,2,0.05,1,1200000.0,False
2026-09-12,craft,43,Stone Block,Resource,361,Crown Haven,2,0.05,1,1200000.0,False
2026-09-12,craft,43,Stone Block,Resource,116,Fajardo,2,0.05,1,1200000.0,False
2026-09-12,craft,43,Stone Block,Resource,231,Great Corn,2,0.05,1,1200000.0,False
2026-09-12,craft,43,Stone Block,Resource,112,La Mona,2,0.05,1,1200000.0,False
2026-09-12,craft,43,Stone Block,Resource,246,Ruatan,2,0.05,1,1200000.0,False
2026-09-12,craft,43,Stone Block,Resource,296,Saint-Malo,2,0.05,1,1200000.0,False
2026-09-12,craft,43,Stone Block,Resource,82,Sale-Trou,2,0.05,1,1200000.0,False
2026-09-12,craft,43,Stone Block,Resource,104,Samaná,2,0.05,1,1077969.0,False
2026-09-12,craft,43,Stone Block,Resource,159,Vieux-Fort,2,0.05,1,1191406.0,False
2026-09-12,craft,43,Stone Block,Resource,3,Walker's Cay,2,0.05,1,1200000.0,False
2026-09-12,craft,43,Stone Block,Resource,50,Baracoa,3,0.05,1,128.0,False
2026-09-12,craft,43,Stone Block,Resource,111,Barahona,3,0.05,1,8583.0,False
2026-09-12,craft,43,Stone Block,Resource,243,Black River,3,0.05,1,247.0,False
2026-09-12,craft,43,Stone Block,Resource,230,Bluefields,3,0.05,1,2609.0,False
2026-09-12,craft,43,Stone Block,Resource,97,Cap-Français,3,0.05,1,364.0,False
2026-09-12,craft,43,Stone Block,Resource,74,Cayman Brac,3,0.05,1,1220000.0,False
2026-09-12,craft,43,Stone Block,Resource,270,Champotón,3,0.05,1,969.0,False
2026-09-12,craft,43,Stone Block,Resource,333,Charleston,3,0.05,1,1200000.0,False
2026-09-12,craft,43,Stone Block,Resource,134,Codrington,3,0.05,1,1089412.0,False
2026-09-12,craft,43,Stone Block,Resource,223,Concepción,3,0.05,1,827.0,False
2026-09-12,craft,43,Stone Block,Resource,264,Conil,3,0.05,1,1200000.0,False
2026-09-12,craft,43,Stone Block,Resource,241,Croata,3,0.05,1,1125.0,False
2026-09-12,craft,43,Stone Block,Resource,175,Fort Zoutman,3,0.05,1,8186.0,False
2026-09-12,craft,43,Stone Block,Resource,311,Gasparilla,3,0.05,1,40.0,False
2026-09-12,craft,43,Stone Block,Resource,233,Great River,3,0.05,1,1001.0,False
2026-09-12,craft,43,Stone Block,Resource,88,Jérémie,3,0.05,1,124.0,False
2026-09-12,craft,43,Stone Block,Resource,85,La Navasse,3,0.05,1,132.0,False
2026-09-12,craft,43,Stone Block,Resource,187,La Tortuga,3,0.05,1,1189861.0,False
2026-09-12,craft,43,Stone Block,Resource,362,Little Isaac Rocks,3,0.05,1,52.0,False
2026-09-12,craft,43,Stone Block,Resource,55,Manzanillo,3,0.05,1,1875.0,False
2026-09-12,craft,43,Stone Block,Resource,204,Maracaibo,3,0.05,1,114.0,False
2026-09-12,craft,43,Stone Block,Resource,39,Matanzas,3,0.05,1,1034717.0,False
2026-09-12,craft,43,Stone Block,Resource,227,Matina,3,0.05,1,13320.0,False
2026-09-12,craft,43,Stone Block,Resource,27,Mortimer Town,3,0.05,1,854062.0,False
2026-09-12,craft,43,Stone Block,Resource,297,Nouvelle-Orléans,3,0.05,1,5823.0,False
2026-09-12,craft,43,Stone Block,Resource,46,Nuevitas,3,0.05,1,131.0,False
2026-09-12,craft,43,Stone Block,Resource,301,Penzacola,3,0.05,1,115538.0,False
2026-09-12,craft,43,Stone Block,Resource,65,Pinar del Río,3,0.05,1,48725.0,False
2026-09-12,craft,43,Stone Block,Resource,91,Port-au-Prince,3,0.05,1,2943.0,False
2026-09-12,craft,43,Stone Block,Resource,54,Portillo,3,0.05,1,1200000.0,False
2026-09-12,craft,43,Stone Block,Resource,194,Puerto Cabello,3,0.05,1,1107212.0,False
2026-09-12,craft,43,Stone Block,Resource,271,Puerto Real,3,0.05,1,1168677.0,False
2026-09-12,craft,43,Stone Block,Resource,92,Saint-Marc,3,0.05,1,114.0,False
2026-09-12,craft,43,Stone Block,Resource,303,San José,3,0.05,1,24992.0,False
2026-09-12,craft,43,Stone Block,Resource,56,Santa Cruz,3,0.05,1,580.0,False
2026-09-12,craft,43,Stone Block,Resource,57,Santa María,3,0.05,1,440.0,False
2026-09-12,craft,43,Stone Block,Resource,52,Santiago de Cuba,3,0.05,1,3596.0,False
2026-09-12,craft,43,Stone Block,Resource,81,Savanna la Mar,3,0.05,1,132.0,False
2026-09-12,craft,43,Stone Block,Resource,349,Serrana,3,0.05,1,63.0,False
2026-09-12,craft,43,Stone Block,Resource,268,Sisal,3,0.05,1,5586.0,False
2026-09-12,craft,43,Stone Block,Resource,213,Tolú,3,0.05,1,1198390.0,False
2026-09-12,craft,43,Stone Block,Resource,244,Truxillo,3,0.05,1,35928.0,False
2026-09-12,craft,43,Stone Block,Resource,276,Vera Cruz,3,0.05,1,1856.0,False
2026-09-12,craft,43,Stone Block,Resource,273,Victoria,3,0.05,1,7868.0,False
2026-09-12,craft,43,Stone Block,Resource,262,Xpu Ha,3,0.05,1,4245.0,False
2026-09-12,craft,866,Sulphur,Resource,253,Belize,2,0.05,1,1200000.0,False
2026-09-12,craft,866,Sulphur,Resource,237,Brangman's Bluff,2,0.05,1,1045434.0,False
2026-09-12,craft,866,Sulphur,Resource,179,Guayaguayare,2,0.05,1,1250000.0,False
2026-09-12,craft,866,Sulphur,Resource,133,Gustavia,2,0.05,1,427606.0,False
2026-09-12,craft,866,Sulphur,Resource,197,Mitara,2,0.05,1,1163375.0,False
2026-09-12,craft,866,Sulphur,Resource,17,Arthur's Town,3,0.05,1,1150000.0,False
2026-09-12,craft,866,Sulphur,Resource,222,Calobelo,3,0.05,1,1200000.0,False
2026-09-12,craft,866,Sulphur,Resource,214,Dariena,3,0.05,1,1200000.0,False
2026-09-12,craft,866,Sulphur,Resource,79,Kingston / Port Royal,3,0.05,1,642137.0,False
2026-09-12,craft,866,Sulphur,Resource,39,Matanzas,3,0.05,1,1189347.0,False
2026-09-12,craft,866,Sulphur,Resource,30,Parrot Cay,3,0.05,1,985688.0,False
2026-09-12,craft,866,Sulphur,Resource,209,Río de la Hacha,3,0.05,1,1200000.0,False
2026-09-12,craft,866,Sulphur,Resource,108,Santo Domingo,3,0.05,1,889047.0,False
2026-09-12,craft,866,Sulphur,Resource,71,Siguanea,3,0.05,1,1200000.0,False
2026-09-12,craft,866,Sulphur,Resource,156,Fort-Royal,4,0.05,1,1149157.0,False
2026-09-12,craft,866,Sulphur,Resource,170,La Blanquilla,4,0.05,1,311719.0,False
2026-09-12,craft,866,Sulphur,Resource,27,Mortimer Town,4,0.05,1,975993.0,False
2026-09-12,craft,866,Sulphur,Resource,335,Wilmington,4,0.05,1,1200000.0,False
2026-09-12,craft,866,Sulphur,Resource,103,Bahía Escocesa,5,0.05,1,301.0,False
2026-09-12,craft,866,Sulphur,Resource,230,Bluefields,5,0.05,1,2.0,False
2026-09-12,craft,866,Sulphur,Resource,350,Bone Cay,5,0.05,1,126.0,False
2026-09-12,craft,866,Sulphur,Resource,269,Campeche,5,0.05,1,4819.0,False
2026-09-12,craft,866,Sulphur,Resource,129,Christiansted,5,0.05,1,16249.0,False
2026-09-12,craft,866,Sulphur,Resource,241,Croata,5,0.05,1,2.0,False
2026-09-12,craft,866,Sulphur,Resource,175,Fort Zoutman,5,0.05,1,3457.0,False
2026-09-12,craft,866,Sulphur,Resource,311,Gasparilla,5,0.05,1,1201987.0,False
2026-09-12,craft,866,Sulphur,Resource,72,George Town,5,0.05,1,311.0,False
2026-09-12,craft,866,Sulphur,Resource,18,George's Town,5,0.05,1,156.0,False
2026-09-12,craft,866,Sulphur,Resource,233,Great River,5,0.05,1,3582.0,False
2026-09-12,craft,866,Sulphur,Resource,316,Islamorada,5,0.05,1,47.0,False
2026-09-12,craft,866,Sulphur,Resource,83,Jacmel,5,0.05,1,344.0,False
2026-09-12,craft,866,Sulphur,Resource,313,Key West,5,0.05,1,335.0,False
2026-09-12,craft,866,Sulphur,Resource,96,La Tortue,5,0.05,1,1200000.0,False
2026-09-12,craft,866,Sulphur,Resource,29,Little Inagua,5,0.05,1,30000.0,False
2026-09-12,craft,866,Sulphur,Resource,362,Little Isaac Rocks,5,0.05,1,1200000.0,False
2026-09-12,craft,866,Sulphur,Resource,90,Léogane,5,0.05,1,467.0,False
2026-09-12,craft,866,Sulphur,Resource,204,Maracaibo,5,0.05,1,6280.0,False
2026-09-12,craft,866,Sulphur,Resource,12,Morgan's Bluff,5,0.05,1,127.0,False
2026-09-12,craft,866,Sulphur,Resource,65,Pinar del Río,5,0.05,1,57024.0,False
2026-09-12,craft,866,Sulphur,Resource,51,Puerto Escondido,5,0.05,1,265.0,False
2026-09-12,craft,866,Sulphur,Resource,326,San Agustín,5,0.05,1,1.0,False
2026-09-12,craft,866,Sulphur,Resource,62,San Lazaro,5,0.05,1,256.0,False
2026-09-12,craft,866,Sulphur,Resource,81,Savanna la Mar,5,0.05,1,237.0,False
2026-09-12,craft,866,Sulphur,Resource,266,Selam,5,0.05,1,1184642.0,False
2026-09-12,craft,866,Sulphur,Resource,349,Serrana,5,0.05,1,146.0,False
2026-09-12,craft,866,Sulphur,Resource,268,Sisal,5,0.05,1,18876.0,False
2026-09-12,craft,866,Sulphur,Resource,213,Tolú,5,0.05,1,92.0,False
2026-09-12,craft,866,Sulphur,Resource,364,William's Bay,5,0.05,1,1292.0,False
2026-09-12,craft,44,Teak Log,Resource,150,Aves,10,0.05,1,5.0,False
2026-09-12,craft,44,Teak Log,Resource,103,Bahía Escocesa,10,0.05,1,4.0,False
2026-09-12,craft,44,Teak Log,Resource,50,Baracoa,10,0.05,1,381.0,False
2026-09-12,craft,44,Teak Log,Resource,111,Barahona,10,0.05,1,11.0,False
2026-09-12,craft,44,Teak Log,Resource,137,Basseterre Town,10,0.05,1,4.0,False
2026-09-12,craft,44,Teak Log,Resource,253,Belize,10,0.05,1,1755518.0,False
2026-09-12,craft,44,Teak Log,Resource,243,Black River,10,0.05,1,196.0,False
2026-09-12,craft,44,Teak Log,Resource,230,Bluefields,10,0.05,1,1784941.0,False
2026-09-12,craft,44,Teak Log,Resource,350,Bone Cay,10,0.05,1,1.0,False
2026-09-12,craft,44,Teak Log,Resource,318,Cabo Cañaveral,10,0.05,1,5.0,False
2026-09-12,craft,44,Teak Log,Resource,208,Cabo de la Vela,10,0.05,1,208.0,False
2026-09-12,craft,44,Teak Log,Resource,212,Cartagena de Indias,10,0.05,1,1774605.0,False
2026-09-12,craft,44,Teak Log,Resource,74,Cayman Brac,10,0.05,1,406.0,False
2026-09-12,craft,44,Teak Log,Resource,129,Christiansted,10,0.05,1,2.0,False
2026-09-12,craft,44,Teak Log,Resource,264,Conil,10,0.05,1,457.0,False
2026-09-12,craft,44,Teak Log,Resource,66,Corrientes,10,0.05,1,456.0,False
2026-09-12,craft,44,Teak Log,Resource,241,Croata,10,0.05,1,1.0,False
2026-09-12,craft,44,Teak Log,Resource,189,Cumaná,10,0.05,1,3.0,False
2026-09-12,craft,44,Teak Log,Resource,274,Espíritu Santo,10,0.05,1,5.0,False
2026-09-12,craft,44,Teak Log,Resource,156,Fort-Royal,10,0.05,1,8.0,False
2026-09-12,craft,44,Teak Log,Resource,311,Gasparilla,10,0.05,1,7.0,False
2026-09-12,craft,44,Teak Log,Resource,72,George Town,10,0.05,1,17.0,False
2026-09-12,craft,44,Teak Log,Resource,201,Gibraltar,10,0.05,1,9.0,False
2026-09-12,craft,44,Teak Log,Resource,33,Grand Turk,10,0.05,1,6.0,False
2026-09-12,craft,44,Teak Log,Resource,233,Great River,10,0.05,1,420.0,False
2026-09-12,craft,44,Teak Log,Resource,179,Guayaguayare,10,0.05,1,456.0,False
2026-09-12,craft,44,Teak Log,Resource,119,Guánica,10,0.05,1,275.0,False
2026-09-12,craft,44,Teak Log,Resource,15,Harbour Island,10,0.05,1,1.0,False
2026-09-12,craft,44,Teak Log,Resource,357,Kidd's Harbour,10,0.05,1,3.0,False
2026-09-12,craft,44,Teak Log,Resource,162,Kingstown,10,0.05,1,8.0,False
2026-09-12,craft,44,Teak Log,Resource,170,La Blanquilla,10,0.05,1,7.0,False
2026-09-12,craft,44,Teak Log,Resource,100,La Isabela,10,0.05,1,223.0,False
2026-09-12,craft,44,Teak Log,Resource,112,La Mona,10,0.05,1,1800190.0,False
2026-09-12,craft,44,Teak Log,Resource,96,La Tortue,10,0.05,1,12.0,False
2026-09-12,craft,44,Teak Log,Resource,154,La Trinité,10,0.05,1,10.0,False
2026-09-12,craft,44,Teak Log,Resource,172,Las Aves,10,0.05,1,3.0,False
2026-09-12,craft,44,Teak Log,Resource,307,Las Sabinas,10,0.05,1,1.0,False
2026-09-12,craft,44,Teak Log,Resource,86,Les Cayes,10,0.05,1,7.0,False
2026-09-12,craft,44,Teak Log,Resource,90,Léogane,10,0.05,1,18.0,False
2026-09-12,craft,44,Teak Log,Resource,204,Maracaibo,10,0.05,1,840.0,False
2026-09-12,craft,44,Teak Log,Resource,197,Mitara,10,0.05,1,3.0,False
2026-09-12,craft,44,Teak Log,Resource,27,Mortimer Town,10,0.05,1,258.0,False
2026-09-12,craft,44,Teak Log,Resource,297,Nouvelle-Orléans,10,0.05,1,1802340.0,False
2026-09-12,craft,44,Teak Log,Resource,235,Old Providence,10,0.05,1,23.0,False
2026-09-12,craft,44,Teak Log,Resource,136,Oranjestad,10,0.05,1,10.0,False
2026-09-12,craft,44,Teak Log,Resource,185,Pampatar,10,0.05,1,3.0,False
2026-09-12,craft,44,Teak Log,Resource,30,Parrot Cay,10,0.05,1,2.0,False
2026-09-12,craft,44,Teak Log,Resource,301,Penzacola,10,0.05,1,753.0,False
2026-09-12,craft,44,Teak Log,Resource,203,Perijá,10,0.05,1,3.0,False
2026-09-12,craft,44,Teak Log,Resource,65,Pinar del Río,10,0.05,1,11375.0,False
2026-09-12,craft,44,Teak Log,Resource,145,Pointe-à-Pitre,10,0.05,1,7995.0,False
2026-09-12,craft,44,Teak Log,Resource,91,Port-au-Prince,10,0.05,1,5.0,False
2026-09-12,craft,44,Teak Log,Resource,95,Port-de-Paix,10,0.05,1,135.0,False
2026-09-12,craft,44,Teak Log,Resource,54,Portillo,10,0.05,1,6.0,False
2026-09-12,craft,44,Teak Log,Resource,169,Puerto de España,10,0.05,1,1763000.0,False
2026-09-12,craft,44,Teak Log,Resource,271,Puerto Real,10,0.05,1,209.0,False
2026-09-12,craft,44,Teak Log,Resource,191,Píritu,10,0.05,1,1.0,False
2026-09-12,craft,44,Teak Log,Resource,43,Remedios,10,0.05,1,94.0,False
2026-09-12,craft,44,Teak Log,Resource,164,Saint George,10,0.05,1,1.0,False
2026-09-12,craft,44,Teak Log,Resource,140,Saint John's,10,0.05,1,1305954.0,False
2026-09-12,craft,44,Teak Log,Resource,296,Saint-Malo,10,0.05,1,2.0,False
2026-09-12,craft,44,Teak Log,Resource,236,San Andrés,10,0.05,1,8.0,False
2026-09-12,craft,44,Teak Log,Resource,303,San José,10,0.05,1,4261.0,False
2026-09-12,craft,44,Teak Log,Resource,115,San Juan,10,0.05,1,1729247.0,False
2026-09-12,craft,44,Teak Log,Resource,62,San Lazaro,10,0.05,1,457.0,False
2026-09-12,craft,44,Teak Log,Resource,305,San Marcos,10,0.05,1,10.0,False
2026-09-12,craft,44,Teak Log,Resource,210,Santa Marta,10,0.05,1,1.0,False
2026-09-12,craft,44,Teak Log,Resource,57,Santa María,10,0.05,1,5.0,False
2026-09-12,craft,44,Teak Log,Resource,52,Santiago de Cuba,10,0.05,1,1800000.0,False
2026-09-12,craft,44,Teak Log,Resource,108,Santo Domingo,10,0.05,1,116.0,False
2026-09-12,craft,44,Teak Log,Resource,81,Savanna la Mar,10,0.05,1,471.0,False
2026-09-12,craft,44,Teak Log,Resource,165,Scarborough,10,0.05,1,13.0,False
2026-09-12,craft,44,Teak Log,Resource,349,Serrana,10,0.05,1,1800000.0,False
2026-09-12,craft,44,Teak Log,Resource,71,Siguanea,10,0.05,1,7.0,False
2026-09-12,craft,44,Teak Log,Resource,127,Spanish Town,10,0.05,1,15.0,False
2026-09-12,craft,44,Teak Log,Resource,309,Tampa,10,0.05,1,95.0,False
2026-09-12,craft,44,Teak Log,Resource,263,Tantun Cuzamil,10,0.05,1,853.0,False
2026-09-12,craft,44,Teak Log,Resource,59,Trinidad,10,0.05,1,84.0,False
2026-09-12,craft,44,Teak Log,Resource,244,Truxillo,10,0.05,1,6.0,False
2026-09-12,craft,44,Teak Log,Resource,343,Tumbado,10,0.05,1,1800237.0,False
2026-09-12,craft,44,Teak Log,Resource,254,Turneffe,10,0.05,1,11.0,False
2026-09-12,craft,44,Teak Log,Resource,273,Victoria,10,0.05,1,105.0,False
2026-09-12,craft,44,Teak Log,Resource,159,Vieux-Fort,10,0.05,1,4.0,False
2026-09-12,craft,44,Teak Log,Resource,262,Xpu Ha,10,0.05,1,6272.0,False
2026-09-12,craft,607,Tobacco,Resource,150,Aves,2,0.05,1,2400021.0,False
2026-09-12,craft,607,Tobacco,Resource,146,Basse-Terre,2,0.05,1,2400000.0,False
2026-09-12,craft,607,Tobacco,Resource,137,Basseterre Town,2,0.05,1,2400000.0,False
2026-09-12,craft,607,Tobacco,Resource,42,La Anguila,2,0.05,1,2400000.0,False
2026-09-12,craft,607,Tobacco,Resource,271,Puerto Real,2,0.05,1,2399351.0,False
2026-09-12,craft,607,Tobacco,Resource,296,Saint-Malo,2,0.05,1,2400000.0,False
2026-09-12,craft,607,Tobacco,Resource,68,Santa Fe,2,0.05,1,2400000.0,False
2026-09-12,craft,607,Tobacco,Resource,176,Santo Tomé de Guayana,2,0.05,1,2400000.0,False
2026-09-12,craft,607,Tobacco,Resource,245,Bonacca,3,0.05,1,2400000.0,False
2026-09-12,craft,607,Tobacco,Resource,198,Casigua,3,0.05,1,2400000.0,False
2026-09-12,craft,607,Tobacco,Resource,333,Charleston,3,0.05,1,2400000.0,False
2026-09-12,craft,607,Tobacco,Resource,223,Concepción,3,0.05,1,2400000.0,False
2026-09-12,craft,607,Tobacco,Resource,106,Higüey,3,0.05,1,2373735.0,False
2026-09-12,craft,607,Tobacco,Resource,96,La Tortue,3,0.05,1,2406569.0,False
2026-09-12,craft,607,Tobacco,Resource,104,Samaná,3,0.05,1,2400014.0,False
2026-09-12,craft,607,Tobacco,Resource,210,Santa Marta,3,0.05,1,2273191.0,False
2026-09-12,craft,607,Tobacco,Resource,254,Turneffe,3,0.05,1,2400000.0,False
2026-09-12,craft,607,Tobacco,Resource,230,Bluefields,4,0.05,1,117.0,False
2026-09-12,craft,607,Tobacco,Resource,237,Brangman's Bluff,4,0.05,1,64.0,False
2026-09-12,craft,607,Tobacco,Resource,208,Cabo de la Vela,4,0.05,1,68.0,False
2026-09-12,craft,607,Tobacco,Resource,97,Cap-Français,4,0.05,1,1627.0,False
2026-09-12,craft,607,Tobacco,Resource,270,Champotón,4,0.05,1,4347.0,False
2026-09-12,craft,607,Tobacco,Resource,264,Conil,4,0.05,1,66.0,False
2026-09-12,craft,607,Tobacco,Resource,66,Corrientes,4,0.05,1,169.0,False
2026-09-12,craft,607,Tobacco,Resource,189,Cumaná,4,0.05,1,68.0,False
2026-09-12,craft,607,Tobacco,Resource,311,Gasparilla,4,0.05,1,116.0,False
2026-09-12,craft,607,Tobacco,Resource,72,George Town,4,0.05,1,55.0,False
2026-09-12,craft,607,Tobacco,Resource,233,Great River,4,0.05,1,5132.0,False
2026-09-12,craft,607,Tobacco,Resource,179,Guayaguayare,4,0.05,1,300.0,False
2026-09-12,craft,607,Tobacco,Resource,117,Guayama,4,0.05,1,53.0,False
2026-09-12,craft,607,Tobacco,Resource,316,Islamorada,4,0.05,1,296.0,False
2026-09-12,craft,607,Tobacco,Resource,88,Jérémie,4,0.05,1,67.0,False
2026-09-12,craft,607,Tobacco,Resource,79,Kingston / Port Royal,4,0.05,1,67.0,False
2026-09-12,craft,607,Tobacco,Resource,85,La Navasse,4,0.05,1,155.0,False
2026-09-12,craft,607,Tobacco,Resource,227,Matina,4,0.05,1,5048.0,False
2026-09-12,craft,607,Tobacco,Resource,27,Mortimer Town,4,0.05,1,406.0,False
2026-09-12,craft,607,Tobacco,Resource,297,Nouvelle-Orléans,4,0.05,1,4923.0,False
2026-09-12,craft,607,Tobacco,Resource,46,Nuevitas,4,0.05,1,2400000.0,False
2026-09-12,craft,607,Tobacco,Resource,301,Penzacola,4,0.05,1,32105.0,False
2026-09-12,craft,607,Tobacco,Resource,65,Pinar del Río,4,0.05,1,1065.0,False
2026-09-12,craft,607,Tobacco,Resource,77,Port Antonio,4,0.05,1,2400000.0,False
2026-09-12,craft,607,Tobacco,Resource,5,Road Rocks,4,0.05,1,2400000.0,False
2026-09-12,craft,607,Tobacco,Resource,152,Roseau,4,0.05,1,113.0,False
2026-09-12,craft,607,Tobacco,Resource,164,Saint George,4,0.05,1,12500.0,False
2026-09-12,craft,607,Tobacco,Resource,303,San José,4,0.05,1,2754.0,False
2026-09-12,craft,607,Tobacco,Resource,81,Savanna la Mar,4,0.05,1,114.0,False
2026-09-12,craft,607,Tobacco,Resource,343,Tumbado,4,0.05,1,5068.0,False
2026-09-12,craft,607,Tobacco,Resource,273,Victoria,4,0.05,1,68.0,False
2026-09-12,craft,1359,White Oak Log,Resource,150,Aves,10,0.05,1,7.0,False
2026-09-12,craft,1359,White Oak Log,Resource,103,Bahía Escocesa,10,0.05,1,353.0,False
2026-09-12,craft,1359,White Oak Log,Resource,35,Baja,10,0.05,1,6.0,False
2026-09-12,craft,1359,White Oak Log,Resource,111,Barahona,10,0.05,1,701.0,False
2026-09-12,craft,1359,White Oak Log,Resource,137,Basseterre Town,10,0.05,1,20.0,False
2026-09-12,craft,1359,White Oak Log,Resource,257,Bensalem,10,0.05,1,5.0,False
2026-09-12,craft,1359,White Oak Log,Resource,230,Bluefields,10,0.05,1,1137.0,False
2026-09-12,craft,1359,White Oak Log,Resource,245,Bonacca,10,0.05,1,5.0,False
2026-09-12,craft,1359,White Oak Log,Resource,350,Bone Cay,10,0.05,1,1820464.0,False
2026-09-12,craft,1359,White Oak Log,Resource,161,Bridgetown,10,0.05,1,3.0,False
2026-09-12,craft,1359,White Oak Log,Resource,208,Cabo de la Vela,10,0.05,1,406.0,False
2026-09-12,craft,1359,White Oak Log,Resource,269,Campeche,10,0.05,1,3.0,False
2026-09-12,craft,1359,White Oak Log,Resource,74,Cayman Brac,10,0.05,1,1846.0,False
2026-09-12,craft,1359,White Oak Log,Resource,270,Champotón,10,0.05,1,11.0,False
2026-09-12,craft,1359,White Oak Log,Resource,129,Christiansted,10,0.05,1,6.0,False
2026-09-12,craft,1359,White Oak Log,Resource,259,Congrios,10,0.05,1,7.0,False
2026-09-12,craft,1359,White Oak Log,Resource,66,Corrientes,10,0.05,1,574.0,False
2026-09-12,craft,1359,White Oak Log,Resource,274,Espíritu Santo,10,0.05,1,10.0,False
2026-09-12,craft,1359,White Oak Log,Resource,156,Fort-Royal,10,0.05,1,585717.0,False
2026-09-12,craft,1359,White Oak Log,Resource,311,Gasparilla,10,0.05,1,110.0,False
2026-09-12,craft,1359,White Oak Log,Resource,72,George Town,10,0.05,1,301.0,False
2026-09-12,craft,1359,White Oak Log,Resource,201,Gibraltar,10,0.05,1,2.0,False
2026-09-12,craft,1359,White Oak Log,Resource,33,Grand Turk,10,0.05,1,1.0,False
2026-09-12,craft,1359,White Oak Log,Resource,179,Guayaguayare,10,0.05,1,1800000.0,False
2026-09-12,craft,1359,White Oak Log,Resource,133,Gustavia,10,0.05,1,5.0,False
2026-09-12,craft,1359,White Oak Log,Resource,119,Guánica,10,0.05,1,6.0,False
2026-09-12,craft,1359,White Oak Log,Resource,130,Hat Island,10,0.05,1,3.0,False
2026-09-12,craft,1359,White Oak Log,Resource,313,Key West,10,0.05,1,209.0,False
2026-09-12,craft,1359,White Oak Log,Resource,357,Kidd's Harbour,10,0.05,1,3.0,False
2026-09-12,craft,1359,White Oak Log,Resource,79,Kingston / Port Royal,10,0.05,1,479091.0,False
2026-09-12,craft,1359,White Oak Log,Resource,170,La Blanquilla,10,0.05,1,13.0,False
2026-09-12,craft,1359,White Oak Log,Resource,38,La Habana,10,0.05,1,1800000.0,False
2026-09-12,craft,1359,White Oak Log,Resource,171,La Orchilla,10,0.05,1,6.0,False
2026-09-12,craft,1359,White Oak Log,Resource,96,La Tortue,10,0.05,1,1800000.0,False
2026-09-12,craft,1359,White Oak Log,Resource,307,Las Sabinas,10,0.05,1,4.0,False
2026-09-12,craft,1359,White Oak Log,Resource,90,Léogane,10,0.05,1,43199.0,False
2026-09-12,craft,1359,White Oak Log,Resource,105,Macao,10,0.05,1,7.0,False
2026-09-12,craft,1359,White Oak Log,Resource,55,Manzanillo,10,0.05,1,7.0,False
2026-09-12,craft,1359,White Oak Log,Resource,204,Maracaibo,10,0.05,1,6.0,False
2026-09-12,craft,1359,White Oak Log,Resource,131,Marigot,10,0.05,1,9.0,False
2026-09-12,craft,1359,White Oak Log,Resource,39,Matanzas,10,0.05,1,3.0,False
2026-09-12,craft,1359,White Oak Log,Resource,297,Nouvelle-Orléans,10,0.05,1,19.0,False
2026-09-12,craft,1359,White Oak Log,Resource,46,Nuevitas,10,0.05,1,450.0,False
2026-09-12,craft,1359,White Oak Log,Resource,235,Old Providence,10,0.05,1,51.0,False
2026-09-12,craft,1359,White Oak Log,Resource,185,Pampatar,10,0.05,1,3.0,False
2026-09-12,craft,1359,White Oak Log,Resource,352,Pedro Cay,10,0.05,1,8.0,False
2026-09-12,craft,1359,White Oak Log,Resource,301,Penzacola,10,0.05,1,5498.0,False
2026-09-12,craft,1359,White Oak Log,Resource,65,Pinar del Río,10,0.05,1,122092.0,False
2026-09-12,craft,1359,White Oak Log,Resource,91,Port-au-Prince,10,0.05,1,9.0,False
2026-09-12,craft,1359,White Oak Log,Resource,95,Port-de-Paix,10,0.05,1,433.0,False
2026-09-12,craft,1359,White Oak Log,Resource,220,Portobelo,10,0.05,1,1630070.0,False
2026-09-12,craft,1359,White Oak Log,Resource,169,Puerto de España,10,0.05,1,5.0,False
2026-09-12,craft,1359,White Oak Log,Resource,21,Ragged Cay,10,0.05,1,1.0,False
2026-09-12,craft,1359,White Oak Log,Resource,43,Remedios,10,0.05,1,233.0,False
2026-09-12,craft,1359,White Oak Log,Resource,296,Saint-Malo,10,0.05,1,2.0,False
2026-09-12,craft,1359,White Oak Log,Resource,92,Saint-Marc,10,0.05,1,6.0,False
2026-09-12,craft,1359,White Oak Log,Resource,82,Sale-Trou,10,0.05,1,17.0,False
2026-09-12,craft,1359,White Oak Log,Resource,326,San Agustín,10,0.05,1,1775025.0,False
2026-09-12,craft,1359,White Oak Log,Resource,303,San José,10,0.05,1,20.0,False
2026-09-12,craft,1359,White Oak Log,Resource,305,San Marcos,10,0.05,1,7.0,False
2026-09-12,craft,1359,White Oak Log,Resource,56,Santa Cruz,10,0.05,1,7.0,False
2026-09-12,craft,1359,White Oak Log,Resource,68,Santa Fe,10,0.05,1,15.0,False
2026-09-12,craft,1359,White Oak Log,Resource,210,Santa Marta,10,0.05,1,1.0,False
2026-09-12,craft,1359,White Oak Log,Resource,108,Santo Domingo,10,0.05,1,1776438.0,False
2026-09-12,craft,1359,White Oak Log,Resource,81,Savanna la Mar,10,0.05,1,132.0,False
2026-09-12,craft,1359,White Oak Log,Resource,165,Scarborough,10,0.05,1,12.0,False
2026-09-12,craft,1359,White Oak Log,Resource,349,Serrana,10,0.05,1,6507.0,False
2026-09-12,craft,1359,White Oak Log,Resource,71,Siguanea,10,0.05,1,6.0,False
2026-09-12,craft,1359,White Oak Log,Resource,268,Sisal,10,0.05,1,1785250.0,False
2026-09-12,craft,1359,White Oak Log,Resource,309,Tampa,10,0.05,1,2.0,False
2026-09-12,craft,1359,White Oak Log,Resource,59,Trinidad,10,0.05,1,43.0,False
2026-09-12,craft,1359,White Oak Log,Resource,343,Tumbado,10,0.05,1,168.0,False
2026-09-12,craft,1359,White Oak Log,Resource,254,Turneffe,10,0.05,1,4.0,False
2026-09-12,craft,1359,White Oak Log,Resource,276,Vera Cruz,10,0.05,1,7.0,False
2026-09-12,craft,1359,White Oak Log,Resource,273,Victoria,10,0.05,1,10.0,False
2026-09-12,craft,1359,White Oak Log,Resource,159,Vieux-Fort,10,0.05,1,5.0,False
2026-09-12,other,50,12pd Carronade,Cannon,113,Aguadilla,125,0.05,30,10000.0,False
2026-09-12,other,50,12pd Carronade,Cannon,225,Almirante,125,0.05,30,10054.0,False
2026-09-12,other,50,12pd Carronade,Cannon,123,Amalienborg,125,0.05,30,10869.0,False
2026-09-12,other,50,12pd Carronade,Cannon,17,Arthur's Town,125,0.05,30,10012.0,False
2026-09-12,other,50,12pd Carronade,Cannon,150,Aves,125,0.05,30,10118.0,False
2026-09-12,other,50,12pd Carronade,Cannon,321,Ays,125,0.05,30,11519.0,False
2026-09-12,other,50,12pd Carronade,Cannon,103,Bahía Escocesa,125,0.05,30,10078.0,False
2026-09-12,other,50,12pd Carronade,Cannon,35,Baja,125,0.05,30,10000.0,False
2026-09-12,other,50,12pd Carronade,Cannon,50,Baracoa,125,0.05,30,10491.0,False
2026-09-12,other,50,12pd Carronade,Cannon,111,Barahona,125,0.05,30,10000.0,False
2026-09-12,other,50,12pd Carronade,Cannon,146,Basse-Terre,125,0.05,30,10856.0,False
2026-09-12,other,50,12pd Carronade,Cannon,137,Basseterre Town,125,0.05,30,10004.0,False
2026-09-12,other,50,12pd Carronade,Cannon,253,Belize,125,0.05,30,13731.0,False
2026-09-12,other,50,12pd Carronade,Cannon,257,Bensalem,125,0.05,30,12846.0,False
2026-09-12,other,50,12pd Carronade,Cannon,10,Bimini,125,0.05,30,10004.0,False
2026-09-12,other,50,12pd Carronade,Cannon,243,Black River,125,0.05,30,10295.0,False
2026-09-12,other,50,12pd Carronade,Cannon,230,Bluefields,125,0.05,30,14172.0,False
2026-09-12,other,50,12pd Carronade,Cannon,245,Bonacca,125,0.05,30,11234.0,False
2026-09-12,other,50,12pd Carronade,Cannon,350,Bone Cay,125,0.05,30,10012.0,False
2026-09-12,other,50,12pd Carronade,Cannon,237,Brangman's Bluff,125,0.05,30,10000.0,False
2026-09-12,other,50,12pd Carronade,Cannon,161,Bridgetown,125,0.05,30,10058.0,False
2026-09-12,other,50,12pd Carronade,Cannon,329,Brunswick,125,0.05,30,10172.0,False
2026-09-12,other,50,12pd Carronade,Cannon,318,Cabo Cañaveral,125,0.05,30,10067.0,False
2026-09-12,other,50,12pd Carronade,Cannon,208,Cabo de la Vela,125,0.05,30,10398.0,False
2026-09-12,other,50,12pd Carronade,Cannon,222,Calobelo,125,0.05,30,10009.0,False
2026-09-12,other,50,12pd Carronade,Cannon,149,Camp du Roy,125,0.05,30,10000.0,False
2026-09-12,other,50,12pd Carronade,Cannon,269,Campeche,125,0.05,30,11833.0,False
2026-09-12,other,50,12pd Carronade,Cannon,216,Canalete,125,0.05,30,10180.0,False
2026-09-12,other,50,12pd Carronade,Cannon,97,Cap-Français,125,0.05,30,10504.0,False
2026-09-12,other,50,12pd Carronade,Cannon,193,Caracas,125,0.05,30,13132.0,False
2026-09-12,other,50,12pd Carronade,Cannon,212,Cartagena de Indias,125,0.05,30,12370.0,False
2026-09-12,other,50,12pd Carronade,Cannon,198,Casigua,125,0.05,30,10000.0,False
2026-09-12,other,50,12pd Carronade,Cannon,74,Cayman Brac,125,0.05,30,10112.0,False
2026-09-12,other,50,12pd Carronade,Cannon,323,Cayo Biscayno,125,0.05,30,10000.0,False
2026-09-12,other,50,12pd Carronade,Cannon,44,Cayo Romano,125,0.05,30,10000.0,False
2026-09-12,other,50,12pd Carronade,Cannon,177,Caño Araguao,125,0.05,30,10098.0,False
2026-09-12,other,50,12pd Carronade,Cannon,270,Champotón,125,0.05,30,10008.0,False
2026-09-12,other,50,12pd Carronade,Cannon,333,Charleston,125,0.05,30,13623.0,False
2026-09-12,other,50,12pd Carronade,Cannon,258,Chinchorro,125,0.05,30,10000.0,False
2026-09-12,other,50,12pd Carronade,Cannon,129,Christiansted,125,0.05,30,11098.0,False
2026-09-12,other,50,12pd Carronade,Cannon,134,Codrington,125,0.05,30,10102.0,False
2026-09-12,other,50,12pd Carronade,Cannon,223,Concepción,125,0.05,30,10352.0,False
2026-09-12,other,50,12pd Carronade,Cannon,259,Congrios,125,0.05,30,10000.0,False
2026-09-12,other,50,12pd Carronade,Cannon,264,Conil,125,0.05,30,10030.0,False
2026-09-12,other,50,12pd Carronade,Cannon,207,Coquibacoa,125,0.05,30,10800.0,False
2026-09-12,other,50,12pd Carronade,Cannon,196,Coro,125,0.05,30,10000.0,False
2026-09-12,other,50,12pd Carronade,Cannon,66,Corrientes,125,0.05,30,10086.0,False
2026-09-12,other,50,12pd Carronade,Cannon,241,Croata,125,0.05,30,10000.0,False
2026-09-12,other,50,12pd Carronade,Cannon,361,Crown Haven,125,0.05,30,10000.0,False
2026-09-12,other,50,12pd Carronade,Cannon,189,Cumaná,125,0.05,30,10418.0,False
2026-09-12,other,50,12pd Carronade,Cannon,214,Dariena,125,0.05,30,10336.0,False
2026-09-12,other,50,12pd Carronade,Cannon,20,Deadman's Cay,125,0.05,30,10048.0,False
2026-09-12,other,50,12pd Carronade,Cannon,274,Espíritu Santo,125,0.05,30,10000.0,False
2026-09-12,other,50,12pd Carronade,Cannon,116,Fajardo,125,0.05,30,10000.0,False
2026-09-12,other,50,12pd Carronade,Cannon,135,Fort Baai,125,0.05,30,10371.0,False
2026-09-12,other,50,12pd Carronade,Cannon,173,Fort Oranje,125,0.05,30,13436.0,False
2026-09-12,other,50,12pd Carronade,Cannon,175,Fort Zoutman,125,0.05,30,10862.0,False
2026-09-12,other,50,12pd Carronade,Cannon,156,Fort-Royal,125,0.05,30,11712.0,False
2026-09-12,other,50,12pd Carronade,Cannon,183,Galdonas,125,0.05,30,10202.0,False
2026-09-12,other,50,12pd Carronade,Cannon,311,Gasparilla,125,0.05,30,10070.0,False
2026-09-12,other,50,12pd Carronade,Cannon,72,George Town,125,0.05,30,10565.0,False
2026-09-12,other,50,12pd Carronade,Cannon,18,George's Town,125,0.05,30,10000.0,False
2026-09-12,other,50,12pd Carronade,Cannon,334,Georgetown,125,0.05,30,10006.0,False
2026-09-12,other,50,12pd Carronade,Cannon,201,Gibraltar,125,0.05,30,10000.0,False
2026-09-12,other,50,12pd Carronade,Cannon,16,Governor's Harbour,125,0.05,30,10024.0,False
2026-09-12,other,50,12pd Carronade,Cannon,240,Gracias a Dios,125,0.05,30,10461.0,False
2026-09-12,other,50,12pd Carronade,Cannon,33,Grand Turk,125,0.05,30,10000.0,False
2026-09-12,other,50,12pd Carronade,Cannon,231,Great Corn,125,0.05,30,12944.0,False
2026-09-12,other,50,12pd Carronade,Cannon,233,Great River,125,0.05,30,11376.0,False
2026-09-12,other,50,12pd Carronade,Cannon,374,Guacata,125,0.05,30,10000.0,False
2026-09-12,other,50,12pd Carronade,Cannon,179,Guayaguayare,125,0.05,30,10447.0,False
2026-09-12,other,50,12pd Carronade,Cannon,117,Guayama,125,0.05,30,10000.0,False
2026-09-12,other,50,12pd Carronade,Cannon,133,Gustavia,125,0.05,30,10121.0,False
2026-09-12,other,50,12pd Carronade,Cannon,119,Guánica,125,0.05,30,10662.0,False
2026-09-12,other,50,12pd Carronade,Cannon,15,Harbour Island,125,0.05,30,10006.0,False
2026-09-12,other,50,12pd Carronade,Cannon,130,Hat Island,125,0.05,30,10000.0,False
2026-09-12,other,50,12pd Carronade,Cannon,106,Higüey,125,0.05,30,10654.0,False
2026-09-12,other,50,12pd Carronade,Cannon,316,Islamorada,125,0.05,30,10264.0,False
2026-09-12,other,50,12pd Carronade,Cannon,370,Island Harbour,125,0.05,30,11533.0,False
2026-09-12,other,50,12pd Carronade,Cannon,83,Jacmel,125,0.05,30,10000.0,False
2026-09-12,other,50,12pd Carronade,Cannon,88,Jérémie,125,0.05,30,13337.0,False
2026-09-12,other,50,12pd Carronade,Cannon,313,Key West,125,0.05,30,10000.0,False
2026-09-12,other,50,12pd Carronade,Cannon,357,Kidd's Harbour,125,0.05,30,10000.0,False
2026-09-12,other,50,12pd Carronade,Cannon,79,Kingston / Port Royal,125,0.05,30,10769.0,False
2026-09-12,other,50,12pd Carronade,Cannon,162,Kingstown,125,0.05,30,10026.0,False
2026-09-12,other,50,12pd Carronade,Cannon,42,La Anguila,125,0.05,30,10018.0,False
2026-09-12,other,50,12pd Carronade,Cannon,170,La Blanquilla,125,0.05,30,10014.0,False
2026-09-12,other,50,12pd Carronade,Cannon,363,La Desconocida,125,0.05,30,10000.0,False
2026-09-12,other,50,12pd Carronade,Cannon,38,La Habana,125,0.05,30,17379.0,False
2026-09-12,other,50,12pd Carronade,Cannon,100,La Isabela,125,0.05,30,10031.0,False
2026-09-12,other,50,12pd Carronade,Cannon,112,La Mona,125,0.05,30,10382.0,False
2026-09-12,other,50,12pd Carronade,Cannon,85,La Navasse,125,0.05,30,10114.0,False
2026-09-12,other,50,12pd Carronade,Cannon,171,La Orchilla,125,0.05,30,10000.0,False
2026-09-12,other,50,12pd Carronade,Cannon,96,La Tortue,125,0.05,30,10016.0,False
2026-09-12,other,50,12pd Carronade,Cannon,187,La Tortuga,125,0.05,30,10000.0,False
2026-09-12,other,50,12pd Carronade,Cannon,154,La Trinité,125,0.05,30,10000.0,False
2026-09-12,other,50,12pd Carronade,Cannon,172,Las Aves,125,0.05,30,10000.0,False
2026-09-12,other,50,12pd Carronade,Cannon,307,Las Sabinas,125,0.05,30,10017.0,False
2026-09-12,other,50,12pd Carronade,Cannon,314,Las Tortugas,125,0.05,30,10338.0,False
2026-09-12,other,50,12pd Carronade,Cannon,86,Les Cayes,125,0.05,30,10120.0,False
2026-09-12,other,50,12pd Carronade,Cannon,8,Little Harbour,125,0.05,30,10002.0,False
2026-09-12,other,50,12pd Carronade,Cannon,29,Little Inagua,125,0.05,30,10000.0,False
2026-09-12,other,50,12pd Carronade,Cannon,362,Little Isaac Rocks,125,0.05,30,10000.0,False
2026-09-12,other,50,12pd Carronade,Cannon,90,Léogane,125,0.05,30,10000.0,False
2026-09-12,other,50,12pd Carronade,Cannon,105,Macao,125,0.05,30,11456.0,False
2026-09-12,other,50,12pd Carronade,Cannon,358,Mangrove Cay,125,0.05,30,10032.0,False
2026-09-12,other,50,12pd Carronade,Cannon,55,Manzanillo,125,0.05,30,11758.0,False
2026-09-12,other,50,12pd Carronade,Cannon,204,Maracaibo,125,0.05,30,10152.0,False
2026-09-12,other,50,12pd Carronade,Cannon,131,Marigot,125,0.05,30,10000.0,False
2026-09-12,other,50,12pd Carronade,Cannon,9,Marsh Harbour,125,0.05,30,10000.0,False
2026-09-12,other,50,12pd Carronade,Cannon,39,Matanzas,125,0.05,30,10000.0,False
2026-09-12,other,50,12pd Carronade,Cannon,227,Matina,125,0.05,30,11618.0,False
2026-09-12,other,50,12pd Carronade,Cannon,26,Mayaguana,125,0.05,30,10000.0,False
2026-09-12,other,50,12pd Carronade,Cannon,11,Mimbres,125,0.05,30,10000.0,False
2026-09-12,other,50,12pd Carronade,Cannon,197,Mitara,125,0.05,30,10194.0,False
2026-09-12,other,50,12pd Carronade,Cannon,12,Morgan's Bluff,125,0.05,30,10000.0,False
2026-09-12,other,50,12pd Carronade,Cannon,27,Mortimer Town,125,0.05,30,10000.0,False
2026-09-12,other,50,12pd Carronade,Cannon,14,Nassau,125,0.05,30,10162.0,False
2026-09-12,other,50,12pd Carronade,Cannon,297,Nouvelle-Orléans,125,0.05,30,10570.0,False
2026-09-12,other,50,12pd Carronade,Cannon,46,Nuevitas,125,0.05,30,10316.0,False
2026-09-12,other,50,12pd Carronade,Cannon,235,Old Providence,125,0.05,30,10022.0,False
2026-09-12,other,50,12pd Carronade,Cannon,250,Omoa,125,0.05,30,10000.0,False
2026-09-12,other,50,12pd Carronade,Cannon,136,Oranjestad,125,0.05,30,10055.0,False
2026-09-12,other,50,12pd Carronade,Cannon,185,Pampatar,125,0.05,30,10000.0,False
2026-09-12,other,50,12pd Carronade,Cannon,30,Parrot Cay,125,0.05,30,10000.0,False
2026-09-12,other,50,12pd Carronade,Cannon,180,Pedernales,125,0.05,30,11652.0,False
2026-09-12,other,50,12pd Carronade,Cannon,352,Pedro Cay,125,0.05,30,10000.0,False
2026-09-12,other,50,12pd Carronade,Cannon,301,Penzacola,125,0.05,30,12495.0,False
2026-09-12,other,50,12pd Carronade,Cannon,203,Perijá,125,0.05,30,10000.0,False
2026-09-12,other,50,12pd Carronade,Cannon,65,Pinar del Río,125,0.05,30,13616.0,False
2026-09-12,other,50,12pd Carronade,Cannon,23,Pitt's Town,125,0.05,30,57255.0,False
2026-09-12,other,50,12pd Carronade,Cannon,252,Placentia,125,0.05,30,10144.0,False
2026-09-12,other,50,12pd Carronade,Cannon,218,Playón,125,0.05,30,10010.0,False
2026-09-12,other,50,12pd Carronade,Cannon,369,Plymouth,125,0.05,30,10207.0,False
2026-09-12,other,50,12pd Carronade,Cannon,145,Pointe-à-Pitre,125,0.05,30,10012.0,False
2026-09-12,other,50,12pd Carronade,Cannon,77,Port Antonio,125,0.05,30,10000.0,False
2026-09-12,other,50,12pd Carronade,Cannon,91,Port-au-Prince,125,0.05,30,10026.0,False
2026-09-12,other,50,12pd Carronade,Cannon,95,Port-de-Paix,125,0.05,30,10000.0,False
2026-09-12,other,50,12pd Carronade,Cannon,54,Portillo,125,0.05,30,10004.0,False
2026-09-12,other,50,12pd Carronade,Cannon,220,Portobelo,125,0.05,30,10022.0,False
2026-09-12,other,50,12pd Carronade,Cannon,194,Puerto Cabello,125,0.05,30,10000.0,False
2026-09-12,other,50,12pd Carronade,Cannon,169,Puerto de España,125,0.05,30,10066.0,False
2026-09-12,other,50,12pd Carronade,Cannon,49,Puerto de Nipe,125,0.05,30,11171.0,False
2026-09-12,other,50,12pd Carronade,Cannon,51,Puerto Escondido,125,0.05,30,10000.0,False
2026-09-12,other,50,12pd Carronade,Cannon,101,Puerto Plata,125,0.05,30,10086.0,False
2026-09-12,other,50,12pd Carronade,Cannon,271,Puerto Real,125,0.05,30,10581.0,False
2026-09-12,other,50,12pd Carronade,Cannon,191,Píritu,125,0.05,30,10000.0,False
2026-09-12,other,50,12pd Carronade,Cannon,21,Ragged Cay,125,0.05,30,10000.0,False
2026-09-12,other,50,12pd Carronade,Cannon,43,Remedios,125,0.05,30,10000.0,False
2026-09-12,other,50,12pd Carronade,Cannon,5,Road Rocks,125,0.05,30,10000.0,False
2026-09-12,other,50,12pd Carronade,Cannon,152,Roseau,125,0.05,30,10000.0,False
2026-09-12,other,50,12pd Carronade,Cannon,246,Ruatan,125,0.05,30,10006.0,False
2026-09-12,other,50,12pd Carronade,Cannon,192,Río Chico,125,0.05,30,10000.0,False
2026-09-12,other,50,12pd Carronade,Cannon,209,Río de la Hacha,125,0.05,30,10000.0,False
2026-09-12,other,50,12pd Carronade,Cannon,164,Saint George,125,0.05,30,12174.0,False
2026-09-12,other,50,12pd Carronade,Cannon,355,Saint George's Town,125,0.05,30,10020.0,False
2026-09-12,other,50,12pd Carronade,Cannon,140,Saint John's,125,0.05,30,12746.0,False
2026-09-12,other,50,12pd Carronade,Cannon,296,Saint-Malo,125,0.05,30,10072.0,False
2026-09-12,other,50,12pd Carronade,Cannon,92,Saint-Marc,125,0.05,30,10000.0,False
2026-09-12,other,50,12pd Carronade,Cannon,94,Saint-Nicolas,125,0.05,30,10008.0,False
2026-09-12,other,50,12pd Carronade,Cannon,256,Salamanca,125,0.05,30,10426.0,False
2026-09-12,other,50,12pd Carronade,Cannon,82,Sale-Trou,125,0.05,30,10008.0,False
2026-09-12,other,50,12pd Carronade,Cannon,104,Samaná,125,0.05,30,10244.0,False
2026-09-12,other,50,12pd Carronade,Cannon,326,San Agustín,125,0.05,30,10102.0,False
2026-09-12,other,50,12pd Carronade,Cannon,236,San Andrés,125,0.05,30,10052.0,False
2026-09-12,other,50,12pd Carronade,Cannon,303,San José,125,0.05,30,11350.0,False
2026-09-12,other,50,12pd Carronade,Cannon,115,San Juan,125,0.05,30,10193.0,False
2026-09-12,other,50,12pd Carronade,Cannon,228,San Juan del Norte,125,0.05,30,10024.0,False
2026-09-12,other,50,12pd Carronade,Cannon,62,San Lazaro,125,0.05,30,10000.0,False
2026-09-12,other,50,12pd Carronade,Cannon,305,San Marcos,125,0.05,30,10000.0,False
2026-09-12,other,50,12pd Carronade,Cannon,56,Santa Cruz,125,0.05,30,11212.0,False
2026-09-12,other,50,12pd Carronade,Cannon,68,Santa Fe,125,0.05,30,10000.0,False
2026-09-12,other,50,12pd Carronade,Cannon,210,Santa Marta,125,0.05,30,10692.0,False
2026-09-12,other,50,12pd Carronade,Cannon,57,Santa María,125,0.05,30,10080.0,False
2026-09-12,other,50,12pd Carronade,Cannon,348,Santanillas,125,0.05,30,10056.0,False
2026-09-12,other,50,12pd Carronade,Cannon,52,Santiago de Cuba,125,0.05,30,10004.0,False
2026-09-12,other,50,12pd Carronade,Cannon,108,Santo Domingo,125,0.05,30,10000.0,False
2026-09-12,other,50,12pd Carronade,Cannon,176,Santo Tomé de Guayana,125,0.05,30,10026.0,False
2026-09-12,other,50,12pd Carronade,Cannon,81,Savanna la Mar,125,0.05,30,10036.0,False
2026-09-12,other,50,12pd Carronade,Cannon,331,Savannah,125,0.05,30,10454.0,False
2026-09-12,other,50,12pd Carronade,Cannon,165,Scarborough,125,0.05,30,10000.0,False
2026-09-12,other,50,12pd Carronade,Cannon,266,Selam,125,0.05,30,10000.0,False
2026-09-12,other,50,12pd Carronade,Cannon,349,Serrana,125,0.05,30,10003.0,False
2026-09-12,other,50,12pd Carronade,Cannon,366,Shroud Cay,125,0.05,30,10000.0,False
2026-09-12,other,50,12pd Carronade,Cannon,71,Siguanea,125,0.05,30,10022.0,False
2026-09-12,other,50,12pd Carronade,Cannon,268,Sisal,125,0.05,30,12884.0,False
2026-09-12,other,50,12pd Carronade,Cannon,127,Spanish Town,125,0.05,30,10020.0,False
2026-09-12,other,50,12pd Carronade,Cannon,309,Tampa,125,0.05,30,11812.0,False
2026-09-12,other,50,12pd Carronade,Cannon,263,Tantun Cuzamil,125,0.05,30,10000.0,False
2026-09-12,other,50,12pd Carronade,Cannon,213,Tolú,125,0.05,30,10000.0,False
2026-09-12,other,50,12pd Carronade,Cannon,59,Trinidad,125,0.05,30,11451.0,False
2026-09-12,other,50,12pd Carronade,Cannon,244,Truxillo,125,0.05,30,10162.0,False
2026-09-12,other,50,12pd Carronade,Cannon,343,Tumbado,125,0.05,30,10100.0,False
2026-09-12,other,50,12pd Carronade,Cannon,254,Turneffe,125,0.05,30,11068.0,False
2026-09-12,other,50,12pd Carronade,Cannon,6,Turtle Cay,125,0.05,30,10004.0,False
2026-09-12,other,50,12pd Carronade,Cannon,276,Vera Cruz,125,0.05,30,11119.0,False
2026-09-12,other,50,12pd Carronade,Cannon,273,Victoria,125,0.05,30,10498.0,False
2026-09-12,other,50,12pd Carronade,Cannon,159,Vieux-Fort,125,0.05,30,10000.0,False
2026-09-12,other,50,12pd Carronade,Cannon,3,Walker's Cay,125,0.05,30,10027.0,False
2026-09-12,other,50,12pd Carronade,Cannon,360,Water Bay,125,0.05,30,10000.0,False
2026-09-12,other,50,12pd Carronade,Cannon,22,Watlings,125,0.05,30,10000.0,False
2026-09-12,other,50,12pd Carronade,Cannon,4,West End,125,0.05,30,10426.0,False
2026-09-12,other,50,12pd Carronade,Cannon,174,Willemstad,125,0.05,30,11544.0,False
2026-09-12,other,50,12pd Carronade,Cannon,364,William's Bay,125,0.05,30,11296.0,False
2026-09-12,other,50,12pd Carronade,Cannon,335,Wilmington,125,0.05,30,10092.0,False
2026-09-12,other,50,12pd Carronade,Cannon,262,Xpu Ha,125,0.05,30,10000.0,False
2026-09-12,other,50,12pd Carronade,Cannon,181,Yaguaraparo,125,0.05,30,10000.0,False
2026-09-12,other,57,12pd Long Gun,Cannon,74,Cayman Brac,204,0.05,49,4.0,False
2026-09-12,other,57,12pd Long Gun,Cannon,129,Christiansted,204,0.05,49,12.0,False
2026-09-12,other,57,12pd Long Gun,Cannon,241,Croata,204,0.05,49,15.0,False
2026-09-12,other,57,12pd Long Gun,Cannon,311,Gasparilla,204,0.05,49,66.0,False
2026-09-12,other,57,12pd Long Gun,Cannon,83,Jacmel,204,0.05,49,6.0,False
2026-09-12,other,57,12pd Long Gun,Cannon,38,La Habana,204,0.05,49,50.0,False
2026-09-12,other,57,12pd Long Gun,Cannon,85,La Navasse,204,0.05,49,54.0,False
2026-09-12,other,57,12pd Long Gun,Cannon,297,Nouvelle-Orléans,204,0.05,49,500.0,False
2026-09-12,other,57,12pd Long Gun,Cannon,218,Playón,204,0.05,49,16.0,False
2026-09-12,other,57,12pd Long Gun,Cannon,54,Portillo,204,0.05,49,54.0,False
2026-09-12,other,57,12pd Long Gun,Cannon,94,Saint-Nicolas,204,0.05,49,1.0,False
2026-09-12,other,57,12pd Long Gun,Cannon,303,San José,204,0.05,49,24.0,False
2026-09-12,other,57,12pd Long Gun,Cannon,56,Santa Cruz,204,0.05,49,38.0,False
2026-09-12,other,57,12pd Long Gun,Cannon,127,Spanish Town,204,0.05,49,27.0,False
2026-09-12,other,65,12pd Medium Gun,Cannon,113,Aguadilla,163,0.05,38,11673.0,False
2026-09-12,other,65,12pd Medium Gun,Cannon,225,Almirante,163,0.05,38,412.0,False
2026-09-12,other,65,12pd Medium Gun,Cannon,123,Amalienborg,163,0.05,38,2766.0,False
2026-09-12,other,65,12pd Medium Gun,Cannon,150,Aves,163,0.05,38,132.0,False
2026-09-12,other,65,12pd Medium Gun,Cannon,321,Ays,163,0.05,38,711.0,False
2026-09-12,other,65,12pd Medium Gun,Cannon,103,Bahía Escocesa,163,0.05,38,1924.0,False
2026-09-12,other,65,12pd Medium Gun,Cannon,35,Baja,163,0.05,38,50.0,False
2026-09-12,other,65,12pd Medium Gun,Cannon,50,Baracoa,163,0.05,38,4981.0,False
2026-09-12,other,65,12pd Medium Gun,Cannon,111,Barahona,163,0.05,38,14.0,False
2026-09-12,other,65,12pd Medium Gun,Cannon,146,Basse-Terre,163,0.05,38,6190.0,False
2026-09-12,other,65,12pd Medium Gun,Cannon,137,Basseterre Town,163,0.05,38,1472.0,False
2026-09-12,other,65,12pd Medium Gun,Cannon,253,Belize,163,0.05,38,14339.0,False
2026-09-12,other,65,12pd Medium Gun,Cannon,257,Bensalem,163,0.05,38,6605.0,False
2026-09-12,other,65,12pd Medium Gun,Cannon,243,Black River,163,0.05,38,202.0,False
2026-09-12,other,65,12pd Medium Gun,Cannon,230,Bluefields,163,0.05,38,12124.0,False
2026-09-12,other,65,12pd Medium Gun,Cannon,245,Bonacca,163,0.05,38,8421.0,False
2026-09-12,other,65,12pd Medium Gun,Cannon,237,Brangman's Bluff,163,0.05,38,95.0,False
2026-09-12,other,65,12pd Medium Gun,Cannon,161,Bridgetown,163,0.05,38,6.0,False
2026-09-12,other,65,12pd Medium Gun,Cannon,329,Brunswick,163,0.05,38,1587.0,False
2026-09-12,other,65,12pd Medium Gun,Cannon,318,Cabo Cañaveral,163,0.05,38,1176.0,False
2026-09-12,other,65,12pd Medium Gun,Cannon,208,Cabo de la Vela,163,0.05,38,1619.0,False
2026-09-12,other,65,12pd Medium Gun,Cannon,222,Calobelo,163,0.05,38,1156.0,False
2026-09-12,other,65,12pd Medium Gun,Cannon,269,Campeche,163,0.05,38,7957.0,False
2026-09-12,other,65,12pd Medium Gun,Cannon,216,Canalete,163,0.05,38,1812.0,False
2026-09-12,other,65,12pd Medium Gun,Cannon,97,Cap-Français,163,0.05,38,2.0,False
2026-09-12,other,65,12pd Medium Gun,Cannon,193,Caracas,163,0.05,38,9474.0,False
2026-09-12,other,65,12pd Medium Gun,Cannon,212,Cartagena de Indias,163,0.05,38,8582.0,False
2026-09-12,other,65,12pd Medium Gun,Cannon,198,Casigua,163,0.05,38,266.0,False
2026-09-12,other,65,12pd Medium Gun,Cannon,74,Cayman Brac,163,0.05,38,7308.0,False
2026-09-12,other,65,12pd Medium Gun,Cannon,44,Cayo Romano,163,0.05,38,10.0,False
2026-09-12,other,65,12pd Medium Gun,Cannon,177,Caño Araguao,163,0.05,38,1539.0,False
2026-09-12,other,65,12pd Medium Gun,Cannon,270,Champotón,163,0.05,38,582.0,False
2026-09-12,other,65,12pd Medium Gun,Cannon,333,Charleston,163,0.05,38,18338.0,False
2026-09-12,other,65,12pd Medium Gun,Cannon,258,Chinchorro,163,0.05,38,120.0,False
2026-09-12,other,65,12pd Medium Gun,Cannon,129,Christiansted,163,0.05,38,5898.0,False
2026-09-12,other,65,12pd Medium Gun,Cannon,134,Codrington,163,0.05,38,906.0,False
2026-09-12,other,65,12pd Medium Gun,Cannon,223,Concepción,163,0.05,38,338.0,False
2026-09-12,other,65,12pd Medium Gun,Cannon,259,Congrios,163,0.05,38,1556.0,False
2026-09-12,other,65,12pd Medium Gun,Cannon,264,Conil,163,0.05,38,1218.0,False
2026-09-12,other,65,12pd Medium Gun,Cannon,207,Coquibacoa,163,0.05,38,6780.0,False
2026-09-12,other,65,12pd Medium Gun,Cannon,196,Coro,163,0.05,38,198.0,False
2026-09-12,other,65,12pd Medium Gun,Cannon,66,Corrientes,163,0.05,38,2354.0,False
2026-09-12,other,65,12pd Medium Gun,Cannon,361,Crown Haven,163,0.05,38,5.0,False
2026-09-12,other,65,12pd Medium Gun,Cannon,189,Cumaná,163,0.05,38,7129.0,False
2026-09-12,other,65,12pd Medium Gun,Cannon,214,Dariena,163,0.05,38,1311.0,False
2026-09-12,other,65,12pd Medium Gun,Cannon,274,Espíritu Santo,163,0.05,38,6300.0,False
2026-09-12,other,65,12pd Medium Gun,Cannon,116,Fajardo,163,0.05,38,15682.0,False
2026-09-12,other,65,12pd Medium Gun,Cannon,135,Fort Baai,163,0.05,38,10803.0,False
2026-09-12,other,65,12pd Medium Gun,Cannon,173,Fort Oranje,163,0.05,38,14169.0,False
2026-09-12,other,65,12pd Medium Gun,Cannon,175,Fort Zoutman,163,0.05,38,9623.0,False
2026-09-12,other,65,12pd Medium Gun,Cannon,156,Fort-Royal,163,0.05,38,6411.0,False
2026-09-12,other,65,12pd Medium Gun,Cannon,183,Galdonas,163,0.05,38,5931.0,False
2026-09-12,other,65,12pd Medium Gun,Cannon,311,Gasparilla,163,0.05,38,1370.0,False
2026-09-12,other,65,12pd Medium Gun,Cannon,72,George Town,163,0.05,38,9048.0,False
2026-09-12,other,65,12pd Medium Gun,Cannon,334,Georgetown,163,0.05,38,1126.0,False
2026-09-12,other,65,12pd Medium Gun,Cannon,201,Gibraltar,163,0.05,38,2.0,False
2026-09-12,other,65,12pd Medium Gun,Cannon,16,Governor's Harbour,163,0.05,38,10.0,False
2026-09-12,other,65,12pd Medium Gun,Cannon,240,Gracias a Dios,163,0.05,38,3132.0,False
2026-09-12,other,65,12pd Medium Gun,Cannon,33,Grand Turk,163,0.05,38,70.0,False
2026-09-12,other,65,12pd Medium Gun,Cannon,231,Great Corn,163,0.05,38,12375.0,False
2026-09-12,other,65,12pd Medium Gun,Cannon,233,Great River,163,0.05,38,2266.0,False
2026-09-12,other,65,12pd Medium Gun,Cannon,179,Guayaguayare,163,0.05,38,9991.0,False
2026-09-12,other,65,12pd Medium Gun,Cannon,117,Guayama,163,0.05,38,2604.0,False
2026-09-12,other,65,12pd Medium Gun,Cannon,133,Gustavia,163,0.05,38,1593.0,False
2026-09-12,other,65,12pd Medium Gun,Cannon,119,Guánica,163,0.05,38,14197.0,False
2026-09-12,other,65,12pd Medium Gun,Cannon,130,Hat Island,163,0.05,38,556.0,False
2026-09-12,other,65,12pd Medium Gun,Cannon,106,Higüey,163,0.05,38,55142.0,False
2026-09-12,other,65,12pd Medium Gun,Cannon,316,Islamorada,163,0.05,38,6471.0,False
2026-09-12,other,65,12pd Medium Gun,Cannon,370,Island Harbour,163,0.05,38,3911.0,False
2026-09-12,other,65,12pd Medium Gun,Cannon,83,Jacmel,163,0.05,38,758.0,False
2026-09-12,other,65,12pd Medium Gun,Cannon,88,Jérémie,163,0.05,38,28715.0,False
2026-09-12,other,65,12pd Medium Gun,Cannon,313,Key West,163,0.05,38,1081.0,False
2026-09-12,other,65,12pd Medium Gun,Cannon,79,Kingston / Port Royal,163,0.05,38,692.0,False
2026-09-12,other,65,12pd Medium Gun,Cannon,162,Kingstown,163,0.05,38,5.0,False
2026-09-12,other,65,12pd Medium Gun,Cannon,170,La Blanquilla,163,0.05,38,147.0,False
2026-09-12,other,65,12pd Medium Gun,Cannon,38,La Habana,163,0.05,38,24812.0,False
2026-09-12,other,65,12pd Medium Gun,Cannon,100,La Isabela,163,0.05,38,1862.0,False
2026-09-12,other,65,12pd Medium Gun,Cannon,112,La Mona,163,0.05,38,3619.0,False
2026-09-12,other,65,12pd Medium Gun,Cannon,85,La Navasse,163,0.05,38,3673.0,False
2026-09-12,other,65,12pd Medium Gun,Cannon,171,La Orchilla,163,0.05,38,821.0,False
2026-09-12,other,65,12pd Medium Gun,Cannon,96,La Tortue,163,0.05,38,2367.0,False
2026-09-12,other,65,12pd Medium Gun,Cannon,187,La Tortuga,163,0.05,38,62.0,False
2026-09-12,other,65,12pd Medium Gun,Cannon,154,La Trinité,163,0.05,38,68.0,False
2026-09-12,other,65,12pd Medium Gun,Cannon,172,Las Aves,163,0.05,38,1534.0,False
2026-09-12,other,65,12pd Medium Gun,Cannon,314,Las Tortugas,163,0.05,38,4191.0,False
2026-09-12,other,65,12pd Medium Gun,Cannon,86,Les Cayes,163,0.05,38,4326.0,False
2026-09-12,other,65,12pd Medium Gun,Cannon,29,Little Inagua,163,0.05,38,26.0,False
2026-09-12,other,65,12pd Medium Gun,Cannon,90,Léogane,163,0.05,38,347.0,False
2026-09-12,other,65,12pd Medium Gun,Cannon,105,Macao,163,0.05,38,18806.0,False
2026-09-12,other,65,12pd Medium Gun,Cannon,358,Mangrove Cay,163,0.05,38,86.0,False
2026-09-12,other,65,12pd Medium Gun,Cannon,55,Manzanillo,163,0.05,38,1852.0,False
2026-09-12,other,65,12pd Medium Gun,Cannon,204,Maracaibo,163,0.05,38,1081.0,False
2026-09-12,other,65,12pd Medium Gun,Cannon,131,Marigot,163,0.05,38,1039.0,False
2026-09-12,other,65,12pd Medium Gun,Cannon,39,Matanzas,163,0.05,38,968.0,False
2026-09-12,other,65,12pd Medium Gun,Cannon,227,Matina,163,0.05,38,4137.0,False
2026-09-12,other,65,12pd Medium Gun,Cannon,197,Mitara,163,0.05,38,3768.0,False
2026-09-12,other,65,12pd Medium Gun,Cannon,14,Nassau,163,0.05,38,12661.0,False
2026-09-12,other,65,12pd Medium Gun,Cannon,297,Nouvelle-Orléans,163,0.05,38,4041.0,False
2026-09-12,other,65,12pd Medium Gun,Cannon,46,Nuevitas,163,0.05,38,2231.0,False
2026-09-12,other,65,12pd Medium Gun,Cannon,235,Old Providence,163,0.05,38,44.0,False
2026-09-12,other,65,12pd Medium Gun,Cannon,250,Omoa,163,0.05,38,845.0,False
2026-09-12,other,65,12pd Medium Gun,Cannon,136,Oranjestad,163,0.05,38,7535.0,False
2026-09-12,other,65,12pd Medium Gun,Cannon,185,Pampatar,163,0.05,38,2190.0,False
2026-09-12,other,65,12pd Medium Gun,Cannon,30,Parrot Cay,163,0.05,38,53.0,False
2026-09-12,other,65,12pd Medium Gun,Cannon,180,Pedernales,163,0.05,38,11887.0,False
2026-09-12,other,65,12pd Medium Gun,Cannon,301,Penzacola,163,0.05,38,5484.0,False
2026-09-12,other,65,12pd Medium Gun,Cannon,203,Perijá,163,0.05,38,56.0,False
2026-09-12,other,65,12pd Medium Gun,Cannon,65,Pinar del Río,163,0.05,38,15493.0,False
2026-09-12,other,65,12pd Medium Gun,Cannon,252,Placentia,163,0.05,38,1174.0,False
2026-09-12,other,65,12pd Medium Gun,Cannon,218,Playón,163,0.05,38,5193.0,False
2026-09-12,other,65,12pd Medium Gun,Cannon,369,Plymouth,163,0.05,38,757.0,False
2026-09-12,other,65,12pd Medium Gun,Cannon,145,Pointe-à-Pitre,163,0.05,38,266.0,False
2026-09-12,other,65,12pd Medium Gun,Cannon,77,Port Antonio,163,0.05,38,1758.0,False
2026-09-12,other,65,12pd Medium Gun,Cannon,91,Port-au-Prince,163,0.05,38,186.0,False
2026-09-12,other,65,12pd Medium Gun,Cannon,95,Port-de-Paix,163,0.05,38,14.0,False
2026-09-12,other,65,12pd Medium Gun,Cannon,54,Portillo,163,0.05,38,3079.0,False
2026-09-12,other,65,12pd Medium Gun,Cannon,220,Portobelo,163,0.05,38,1834.0,False
2026-09-12,other,65,12pd Medium Gun,Cannon,194,Puerto Cabello,163,0.05,38,70.0,False
2026-09-12,other,65,12pd Medium Gun,Cannon,169,Puerto de España,163,0.05,38,2044.0,False
2026-09-12,other,65,12pd Medium Gun,Cannon,49,Puerto de Nipe,163,0.05,38,2539.0,False
2026-09-12,other,65,12pd Medium Gun,Cannon,51,Puerto Escondido,163,0.05,38,42.0,False
2026-09-12,other,65,12pd Medium Gun,Cannon,101,Puerto Plata,163,0.05,38,37307.0,False
2026-09-12,other,65,12pd Medium Gun,Cannon,271,Puerto Real,163,0.05,38,2314.0,False
2026-09-12,other,65,12pd Medium Gun,Cannon,191,Píritu,163,0.05,38,187.0,False
2026-09-12,other,65,12pd Medium Gun,Cannon,21,Ragged Cay,163,0.05,38,126.0,False
2026-09-12,other,65,12pd Medium Gun,Cannon,43,Remedios,163,0.05,38,38.0,False
2026-09-12,other,65,12pd Medium Gun,Cannon,152,Roseau,163,0.05,38,25845.0,False
2026-09-12,other,65,12pd Medium Gun,Cannon,246,Ruatan,163,0.05,38,2120.0,False
2026-09-12,other,65,12pd Medium Gun,Cannon,192,Río Chico,163,0.05,38,264.0,False
2026-09-12,other,65,12pd Medium Gun,Cannon,209,Río de la Hacha,163,0.05,38,4.0,False
2026-09-12,other,65,12pd Medium Gun,Cannon,164,Saint George,163,0.05,38,5917.0,False
2026-09-12,other,65,12pd Medium Gun,Cannon,140,Saint John's,163,0.05,38,4555.0,False
2026-09-12,other,65,12pd Medium Gun,Cannon,296,Saint-Malo,163,0.05,38,4709.0,False
2026-09-12,other,65,12pd Medium Gun,Cannon,92,Saint-Marc,163,0.05,38,54.0,False
2026-09-12,other,65,12pd Medium Gun,Cannon,94,Saint-Nicolas,163,0.05,38,1071.0,False
2026-09-12,other,65,12pd Medium Gun,Cannon,256,Salamanca,163,0.05,38,804.0,False
2026-09-12,other,65,12pd Medium Gun,Cannon,82,Sale-Trou,163,0.05,38,694.0,False
2026-09-12,other,65,12pd Medium Gun,Cannon,104,Samaná,163,0.05,38,306.0,False
2026-09-12,other,65,12pd Medium Gun,Cannon,326,San Agustín,163,0.05,38,2122.0,False
2026-09-12,other,65,12pd Medium Gun,Cannon,236,San Andrés,163,0.05,38,1089.0,False
2026-09-12,other,65,12pd Medium Gun,Cannon,303,San José,163,0.05,38,3632.0,False
2026-09-12,other,65,12pd Medium Gun,Cannon,115,San Juan,163,0.05,38,1224.0,False
2026-09-12,other,65,12pd Medium Gun,Cannon,228,San Juan del Norte,163,0.05,38,542.0,False
2026-09-12,other,65,12pd Medium Gun,Cannon,62,San Lazaro,163,0.05,38,1137.0,False
2026-09-12,other,65,12pd Medium Gun,Cannon,56,Santa Cruz,163,0.05,38,4612.0,False
2026-09-12,other,65,12pd Medium Gun,Cannon,68,Santa Fe,163,0.05,38,52.0,False
2026-09-12,other,65,12pd Medium Gun,Cannon,210,Santa Marta,163,0.05,38,4082.0,False
2026-09-12,other,65,12pd Medium Gun,Cannon,57,Santa María,163,0.05,38,6025.0,False
2026-09-12,other,65,12pd Medium Gun,Cannon,348,Santanillas,163,0.05,38,2094.0,False
2026-09-12,other,65,12pd Medium Gun,Cannon,108,Santo Domingo,163,0.05,38,27900.0,False
2026-09-12,other,65,12pd Medium Gun,Cannon,176,Santo Tomé de Guayana,163,0.05,38,14634.0,False
2026-09-12,other,65,12pd Medium Gun,Cannon,81,Savanna la Mar,163,0.05,38,35.0,False
2026-09-12,other,65,12pd Medium Gun,Cannon,331,Savannah,163,0.05,38,1650.0,False
2026-09-12,other,65,12pd Medium Gun,Cannon,165,Scarborough,163,0.05,38,64.0,False
2026-09-12,other,65,12pd Medium Gun,Cannon,266,Selam,163,0.05,38,927.0,False
2026-09-12,other,65,12pd Medium Gun,Cannon,366,Shroud Cay,163,0.05,38,122.0,False
2026-09-12,other,65,12pd Medium Gun,Cannon,268,Sisal,163,0.05,38,13318.0,False
2026-09-12,other,65,12pd Medium Gun,Cannon,127,Spanish Town,163,0.05,38,277.0,False
2026-09-12,other,65,12pd Medium Gun,Cannon,309,Tampa,163,0.05,38,3947.0,False
2026-09-12,other,65,12pd Medium Gun,Cannon,263,Tantun Cuzamil,163,0.05,38,330.0,False
2026-09-12,other,65,12pd Medium Gun,Cannon,213,Tolú,163,0.05,38,411.0,False
2026-09-12,other,65,12pd Medium Gun,Cannon,59,Trinidad,163,0.05,38,7983.0,False
2026-09-12,other,65,12pd Medium Gun,Cannon,244,Truxillo,163,0.05,38,2445.0,False
2026-09-12,other,65,12pd Medium Gun,Cannon,254,Turneffe,163,0.05,38,4245.0,False
2026-09-12,other,65,12pd Medium Gun,Cannon,276,Vera Cruz,163,0.05,38,7975.0,False
2026-09-12,other,65,12pd Medium Gun,Cannon,273,Victoria,163,0.05,38,2682.0,False
2026-09-12,other,65,12pd Medium Gun,Cannon,159,Vieux-Fort,163,0.05,38,38.0,False
2026-09-12,other,65,12pd Medium Gun,Cannon,3,Walker's Cay,163,0.05,38,10.0,False
2026-09-12,other,65,12pd Medium Gun,Cannon,22,Watlings,163,0.05,38,16.0,False
2026-09-12,other,65,12pd Medium Gun,Cannon,4,West End,163,0.05,38,360.0,False
2026-09-12,other,65,12pd Medium Gun,Cannon,174,Willemstad,163,0.05,38,11963.0,False
2026-09-12,other,65,12pd Medium Gun,Cannon,364,William's Bay,163,0.05,38,1416.0,False
2026-09-12,other,65,12pd Medium Gun,Cannon,335,Wilmington,163,0.05,38,964.0,False
2026-09-12,other,65,12pd Medium Gun,Cannon,262,Xpu Ha,163,0.05,38,1633.0,False
2026-09-12,other,65,12pd Medium Gun,Cannon,181,Yaguaraparo,163,0.05,38,2.0,False
2026-09-12,other,74,13 Inch Mortar,Cannon,113,Aguadilla,5332,0.05,1270,49.0,False
2026-09-12,other,74,13 Inch Mortar,Cannon,123,Amalienborg,5332,0.05,1270,18.0,False
2026-09-12,other,74,13 Inch Mortar,Cannon,321,Ays,5332,0.05,1270,7.0,False
2026-09-12,other,74,13 Inch Mortar,Cannon,50,Baracoa,5332,0.05,1270,65.0,False
2026-09-12,other,74,13 Inch Mortar,Cannon,146,Basse-Terre,5332,0.05,1270,48.0,False
2026-09-12,other,74,13 Inch Mortar,Cannon,253,Belize,5332,0.05,1270,409.0,False
2026-09-12,other,74,13 Inch Mortar,Cannon,257,Bensalem,5332,0.05,1270,154.0,False
2026-09-12,other,74,13 Inch Mortar,Cannon,230,Bluefields,5332,0.05,1270,133.0,False
2026-09-12,other,74,13 Inch Mortar,Cannon,245,Bonacca,5332,0.05,1270,15.0,False
2026-09-12,other,74,13 Inch Mortar,Cannon,161,Bridgetown,5332,0.05,1270,16.0,False
2026-09-12,other,74,13 Inch Mortar,Cannon,329,Brunswick,5332,0.05,1270,11.0,False
2026-09-12,other,74,13 Inch Mortar,Cannon,318,Cabo Cañaveral,5332,0.05,1270,9.0,False
2026-09-12,other,74,13 Inch Mortar,Cannon,208,Cabo de la Vela,5332,0.05,1270,2.0,False
2026-09-12,other,74,13 Inch Mortar,Cannon,149,Camp du Roy,5332,0.05,1270,1.0,False
2026-09-12,other,74,13 Inch Mortar,Cannon,269,Campeche,5332,0.05,1270,115.0,False
2026-09-12,other,74,13 Inch Mortar,Cannon,193,Caracas,5332,0.05,1270,144.0,False
2026-09-12,other,74,13 Inch Mortar,Cannon,212,Cartagena de Indias,5332,0.05,1270,79.0,False
2026-09-12,other,74,13 Inch Mortar,Cannon,74,Cayman Brac,5332,0.05,1270,13.0,False
2026-09-12,other,74,13 Inch Mortar,Cannon,323,Cayo Biscayno,5332,0.05,1270,8.0,False
2026-09-12,other,74,13 Inch Mortar,Cannon,270,Champotón,5332,0.05,1270,17.0,False
2026-09-12,other,74,13 Inch Mortar,Cannon,333,Charleston,5332,0.05,1270,111.0,False
2026-09-12,other,74,13 Inch Mortar,Cannon,264,Conil,5332,0.05,1270,5.0,False
2026-09-12,other,74,13 Inch Mortar,Cannon,189,Cumaná,5332,0.05,1270,5.0,False
2026-09-12,other,74,13 Inch Mortar,Cannon,214,Dariena,5332,0.05,1270,17.0,False
2026-09-12,other,74,13 Inch Mortar,Cannon,274,Espíritu Santo,5332,0.05,1270,52.0,False
2026-09-12,other,74,13 Inch Mortar,Cannon,116,Fajardo,5332,0.05,1270,1.0,False
2026-09-12,other,74,13 Inch Mortar,Cannon,135,Fort Baai,5332,0.05,1270,83.0,False
2026-09-12,other,74,13 Inch Mortar,Cannon,173,Fort Oranje,5332,0.05,1270,197.0,False
2026-09-12,other,74,13 Inch Mortar,Cannon,175,Fort Zoutman,5332,0.05,1270,73.0,False
2026-09-12,other,74,13 Inch Mortar,Cannon,156,Fort-Royal,5332,0.05,1270,10.0,False
2026-09-12,other,74,13 Inch Mortar,Cannon,183,Galdonas,5332,0.05,1270,2.0,False
2026-09-12,other,74,13 Inch Mortar,Cannon,311,Gasparilla,5332,0.05,1270,11.0,False
2026-09-12,other,74,13 Inch Mortar,Cannon,72,George Town,5332,0.05,1270,11.0,False
2026-09-12,other,74,13 Inch Mortar,Cannon,240,Gracias a Dios,5332,0.05,1270,33.0,False
2026-09-12,other,74,13 Inch Mortar,Cannon,231,Great Corn,5332,0.05,1270,132.0,False
2026-09-12,other,74,13 Inch Mortar,Cannon,233,Great River,5332,0.05,1270,79.0,False
2026-09-12,other,74,13 Inch Mortar,Cannon,179,Guayaguayare,5332,0.05,1270,4.0,False
2026-09-12,other,74,13 Inch Mortar,Cannon,133,Gustavia,5332,0.05,1270,1.0,False
2026-09-12,other,74,13 Inch Mortar,Cannon,106,Higüey,5332,0.05,1270,3.0,False
2026-09-12,other,74,13 Inch Mortar,Cannon,370,Island Harbour,5332,0.05,1270,69.0,False
2026-09-12,other,74,13 Inch Mortar,Cannon,88,Jérémie,5332,0.05,1270,129.0,False
2026-09-12,other,74,13 Inch Mortar,Cannon,79,Kingston / Port Royal,5332,0.05,1270,30.0,False
2026-09-12,other,74,13 Inch Mortar,Cannon,363,La Desconocida,5332,0.05,1270,2.0,False
2026-09-12,other,74,13 Inch Mortar,Cannon,38,La Habana,5332,0.05,1270,168.0,False
2026-09-12,other,74,13 Inch Mortar,Cannon,112,La Mona,5332,0.05,1270,42.0,False
2026-09-12,other,74,13 Inch Mortar,Cannon,85,La Navasse,5332,0.05,1270,14.0,False
2026-09-12,other,74,13 Inch Mortar,Cannon,171,La Orchilla,5332,0.05,1270,72.0,False
2026-09-12,other,74,13 Inch Mortar,Cannon,96,La Tortue,5332,0.05,1270,12.0,False
2026-09-12,other,74,13 Inch Mortar,Cannon,172,Las Aves,5332,0.05,1270,9.0,False
2026-09-12,other,74,13 Inch Mortar,Cannon,86,Les Cayes,5332,0.05,1270,2.0,False
2026-09-12,other,74,13 Inch Mortar,Cannon,29,Little Inagua,5332,0.05,1270,2.0,False
2026-09-12,other,74,13 Inch Mortar,Cannon,105,Macao,5332,0.05,1270,209.0,False
2026-09-12,other,74,13 Inch Mortar,Cannon,55,Manzanillo,5332,0.05,1270,31.0,False
2026-09-12,other,74,13 Inch Mortar,Cannon,204,Maracaibo,5332,0.05,1270,42.0,False
2026-09-12,other,74,13 Inch Mortar,Cannon,227,Matina,5332,0.05,1270,78.0,False
2026-09-12,other,74,13 Inch Mortar,Cannon,27,Mortimer Town,5332,0.05,1270,66.0,False
2026-09-12,other,74,13 Inch Mortar,Cannon,136,Oranjestad,5332,0.05,1270,12.0,False
2026-09-12,other,74,13 Inch Mortar,Cannon,180,Pedernales,5332,0.05,1270,69.0,False
2026-09-12,other,74,13 Inch Mortar,Cannon,352,Pedro Cay,5332,0.05,1270,2.0,False
2026-09-12,other,74,13 Inch Mortar,Cannon,301,Penzacola,5332,0.05,1270,86.0,False
2026-09-12,other,74,13 Inch Mortar,Cannon,65,Pinar del Río,5332,0.05,1270,147.0,False
2026-09-12,other,74,13 Inch Mortar,Cannon,23,Pitt's Town,5332,0.05,1270,16750.0,False
2026-09-12,other,74,13 Inch Mortar,Cannon,252,Placentia,5332,0.05,1270,19.0,False
2026-09-12,other,74,13 Inch Mortar,Cannon,218,Playón,5332,0.05,1270,5.0,False
2026-09-12,other,74,13 Inch Mortar,Cannon,169,Puerto de España,5332,0.05,1270,37.0,False
2026-09-12,other,74,13 Inch Mortar,Cannon,271,Puerto Real,5332,0.05,1270,81.0,False
2026-09-12,other,74,13 Inch Mortar,Cannon,152,Roseau,5332,0.05,1270,83.0,False
2026-09-12,other,74,13 Inch Mortar,Cannon,246,Ruatan,5332,0.05,1270,2.0,False
2026-09-12,other,74,13 Inch Mortar,Cannon,164,Saint George,5332,0.05,1270,39.0,False
2026-09-12,other,74,13 Inch Mortar,Cannon,140,Saint John's,5332,0.05,1270,48.0,False
2026-09-12,other,74,13 Inch Mortar,Cannon,94,Saint-Nicolas,5332,0.05,1270,31.0,False
2026-09-12,other,74,13 Inch Mortar,Cannon,256,Salamanca,5332,0.05,1270,2.0,False
2026-09-12,other,74,13 Inch Mortar,Cannon,82,Sale-Trou,5332,0.05,1270,7.0,False
2026-09-12,other,74,13 Inch Mortar,Cannon,104,Samaná,5332,0.05,1270,23.0,False
2026-09-12,other,74,13 Inch Mortar,Cannon,326,San Agustín,5332,0.05,1270,8.0,False
2026-09-12,other,74,13 Inch Mortar,Cannon,236,San Andrés,5332,0.05,1270,1.0,False
2026-09-12,other,74,13 Inch Mortar,Cannon,303,San José,5332,0.05,1270,163.0,False
2026-09-12,other,74,13 Inch Mortar,Cannon,115,San Juan,5332,0.05,1270,41.0,False
2026-09-12,other,74,13 Inch Mortar,Cannon,56,Santa Cruz,5332,0.05,1270,24.0,False
2026-09-12,other,74,13 Inch Mortar,Cannon,57,Santa María,5332,0.05,1270,19.0,False
2026-09-12,other,74,13 Inch Mortar,Cannon,348,Santanillas,5332,0.05,1270,19.0,False
2026-09-12,other,74,13 Inch Mortar,Cannon,52,Santiago de Cuba,5332,0.05,1270,35.0,False
2026-09-12,other,74,13 Inch Mortar,Cannon,331,Savannah,5332,0.05,1270,2.0,False
2026-09-12,other,74,13 Inch Mortar,Cannon,165,Scarborough,5332,0.05,1270,4.0,False
2026-09-12,other,74,13 Inch Mortar,Cannon,266,Selam,5332,0.05,1270,1.0,False
2026-09-12,other,74,13 Inch Mortar,Cannon,268,Sisal,5332,0.05,1270,155.0,False
2026-09-12,other,74,13 Inch Mortar,Cannon,309,Tampa,5332,0.05,1270,1.0,False
2026-09-12,other,74,13 Inch Mortar,Cannon,59,Trinidad,5332,0.05,1270,96.0,False
2026-09-12,other,74,13 Inch Mortar,Cannon,244,Truxillo,5332,0.05,1270,7.0,False
2026-09-12,other,74,13 Inch Mortar,Cannon,343,Tumbado,5332,0.05,1270,21.0,False
2026-09-12,other,74,13 Inch Mortar,Cannon,254,Turneffe,5332,0.05,1270,58.0,False
2026-09-12,other,74,13 Inch Mortar,Cannon,276,Vera Cruz,5332,0.05,1270,193.0,False
2026-09-12,other,74,13 Inch Mortar,Cannon,273,Victoria,5332,0.05,1270,74.0,False
2026-09-12,other,74,13 Inch Mortar,Cannon,174,Willemstad,5332,0.05,1270,88.0,False
2026-09-12,other,74,13 Inch Mortar,Cannon,364,William's Bay,5332,0.05,1270,7.0,False
2026-09-12,other,51,18pd Carronade,Cannon,113,Aguadilla,146,0.05,34,30.0,False
2026-09-12,other,51,18pd Carronade,Cannon,225,Almirante,146,0.05,34,4.0,False
2026-09-12,other,51,18pd Carronade,Cannon,123,Amalienborg,146,0.05,34,714.0,False
2026-09-12,other,51,18pd Carronade,Cannon,321,Ays,146,0.05,34,3.0,False
2026-09-12,other,51,18pd Carronade,Cannon,35,Baja,146,0.05,34,1.0,False
2026-09-12,other,51,18pd Carronade,Cannon,50,Baracoa,146,0.05,34,5.0,False
2026-09-12,other,51,18pd Carronade,Cannon,146,Basse-Terre,146,0.05,34,790.0,False
2026-09-12,other,51,18pd Carronade,Cannon,253,Belize,146,0.05,34,3610.0,False
2026-09-12,other,51,18pd Carronade,Cannon,257,Bensalem,146,0.05,34,2617.0,False
2026-09-12,other,51,18pd Carronade,Cannon,230,Bluefields,146,0.05,34,2961.0,False
2026-09-12,other,51,18pd Carronade,Cannon,245,Bonacca,146,0.05,34,424.0,False
2026-09-12,other,51,18pd Carronade,Cannon,350,Bone Cay,146,0.05,34,4.0,False
2026-09-12,other,51,18pd Carronade,Cannon,237,Brangman's Bluff,146,0.05,34,1.0,False
2026-09-12,other,51,18pd Carronade,Cannon,329,Brunswick,146,0.05,34,62.0,False
2026-09-12,other,51,18pd Carronade,Cannon,318,Cabo Cañaveral,146,0.05,34,9.0,False
2026-09-12,other,51,18pd Carronade,Cannon,269,Campeche,146,0.05,34,2182.0,False
2026-09-12,other,51,18pd Carronade,Cannon,216,Canalete,146,0.05,34,706.0,False
2026-09-12,other,51,18pd Carronade,Cannon,97,Cap-Français,146,0.05,34,108.0,False
2026-09-12,other,51,18pd Carronade,Cannon,193,Caracas,146,0.05,34,3018.0,False
2026-09-12,other,51,18pd Carronade,Cannon,212,Cartagena de Indias,146,0.05,34,2530.0,False
2026-09-12,other,51,18pd Carronade,Cannon,198,Casigua,146,0.05,34,18.0,False
2026-09-12,other,51,18pd Carronade,Cannon,74,Cayman Brac,146,0.05,34,56.0,False
2026-09-12,other,51,18pd Carronade,Cannon,177,Caño Araguao,146,0.05,34,32.0,False
2026-09-12,other,51,18pd Carronade,Cannon,270,Champotón,146,0.05,34,190.0,False
2026-09-12,other,51,18pd Carronade,Cannon,333,Charleston,146,0.05,34,2279.0,False
2026-09-12,other,51,18pd Carronade,Cannon,129,Christiansted,146,0.05,34,902.0,False
2026-09-12,other,51,18pd Carronade,Cannon,134,Codrington,146,0.05,34,24.0,False
2026-09-12,other,51,18pd Carronade,Cannon,223,Concepción,146,0.05,34,127.0,False
2026-09-12,other,51,18pd Carronade,Cannon,207,Coquibacoa,146,0.05,34,313.0,False
2026-09-12,other,51,18pd Carronade,Cannon,66,Corrientes,146,0.05,34,1.0,False
2026-09-12,other,51,18pd Carronade,Cannon,241,Croata,146,0.05,34,2.0,False
2026-09-12,other,51,18pd Carronade,Cannon,189,Cumaná,146,0.05,34,140.0,False
2026-09-12,other,51,18pd Carronade,Cannon,214,Dariena,146,0.05,34,6.0,False
2026-09-12,other,51,18pd Carronade,Cannon,135,Fort Baai,146,0.05,34,157.0,False
2026-09-12,other,51,18pd Carronade,Cannon,173,Fort Oranje,146,0.05,34,3434.0,False
2026-09-12,other,51,18pd Carronade,Cannon,175,Fort Zoutman,146,0.05,34,824.0,False
2026-09-12,other,51,18pd Carronade,Cannon,156,Fort-Royal,146,0.05,34,990.0,False
2026-09-12,other,51,18pd Carronade,Cannon,183,Galdonas,146,0.05,34,792.0,False
2026-09-12,other,51,18pd Carronade,Cannon,311,Gasparilla,146,0.05,34,12.0,False
2026-09-12,other,51,18pd Carronade,Cannon,72,George Town,146,0.05,34,120.0,False
2026-09-12,other,51,18pd Carronade,Cannon,18,George's Town,146,0.05,34,2.0,False
2026-09-12,other,51,18pd Carronade,Cannon,334,Georgetown,146,0.05,34,2.0,False
2026-09-12,other,51,18pd Carronade,Cannon,240,Gracias a Dios,146,0.05,34,413.0,False
2026-09-12,other,51,18pd Carronade,Cannon,231,Great Corn,146,0.05,34,3196.0,False
2026-09-12,other,51,18pd Carronade,Cannon,233,Great River,146,0.05,34,1006.0,False
2026-09-12,other,51,18pd Carronade,Cannon,179,Guayaguayare,146,0.05,34,645.0,False
2026-09-12,other,51,18pd Carronade,Cannon,119,Guánica,146,0.05,34,1073.0,False
2026-09-12,other,51,18pd Carronade,Cannon,106,Higüey,146,0.05,34,8.0,False
2026-09-12,other,51,18pd Carronade,Cannon,316,Islamorada,146,0.05,34,1.0,False
2026-09-12,other,51,18pd Carronade,Cannon,370,Island Harbour,146,0.05,34,1470.0,False
2026-09-12,other,51,18pd Carronade,Cannon,88,Jérémie,146,0.05,34,2934.0,False
2026-09-12,other,51,18pd Carronade,Cannon,79,Kingston / Port Royal,146,0.05,34,506.0,False
2026-09-12,other,51,18pd Carronade,Cannon,42,La Anguila,146,0.05,34,6.0,False
2026-09-12,other,51,18pd Carronade,Cannon,38,La Habana,146,0.05,34,6133.0,False
2026-09-12,other,51,18pd Carronade,Cannon,100,La Isabela,146,0.05,34,36.0,False
2026-09-12,other,51,18pd Carronade,Cannon,112,La Mona,146,0.05,34,4.0,False
2026-09-12,other,51,18pd Carronade,Cannon,85,La Navasse,146,0.05,34,76.0,False
2026-09-12,other,51,18pd Carronade,Cannon,171,La Orchilla,146,0.05,34,348.0,False
2026-09-12,other,51,18pd Carronade,Cannon,172,Las Aves,146,0.05,34,2.0,False
2026-09-12,other,51,18pd Carronade,Cannon,307,Las Sabinas,146,0.05,34,9.0,False
2026-09-12,other,51,18pd Carronade,Cannon,86,Les Cayes,146,0.05,34,19.0,False
2026-09-12,other,51,18pd Carronade,Cannon,90,Léogane,146,0.05,34,2.0,False
2026-09-12,other,51,18pd Carronade,Cannon,105,Macao,146,0.05,34,1750.0,False
2026-09-12,other,51,18pd Carronade,Cannon,55,Manzanillo,146,0.05,34,345.0,False
2026-09-12,other,51,18pd Carronade,Cannon,227,Matina,146,0.05,34,2046.0,False
2026-09-12,other,51,18pd Carronade,Cannon,297,Nouvelle-Orléans,146,0.05,34,1042.0,False
2026-09-12,other,51,18pd Carronade,Cannon,136,Oranjestad,146,0.05,34,256.0,False
2026-09-12,other,51,18pd Carronade,Cannon,30,Parrot Cay,146,0.05,34,12.0,False
2026-09-12,other,51,18pd Carronade,Cannon,180,Pedernales,146,0.05,34,1374.0,False
2026-09-12,other,51,18pd Carronade,Cannon,301,Penzacola,146,0.05,34,2612.0,False
2026-09-12,other,51,18pd Carronade,Cannon,65,Pinar del Río,146,0.05,34,3265.0,False
2026-09-12,other,51,18pd Carronade,Cannon,252,Placentia,146,0.05,34,196.0,False
2026-09-12,other,51,18pd Carronade,Cannon,218,Playón,146,0.05,34,3.0,False
2026-09-12,other,51,18pd Carronade,Cannon,369,Plymouth,146,0.05,34,21.0,False
2026-09-12,other,51,18pd Carronade,Cannon,91,Port-au-Prince,146,0.05,34,2.0,False
2026-09-12,other,51,18pd Carronade,Cannon,169,Puerto de España,146,0.05,34,17.0,False
2026-09-12,other,51,18pd Carronade,Cannon,49,Puerto de Nipe,146,0.05,34,1162.0,False
2026-09-12,other,51,18pd Carronade,Cannon,101,Puerto Plata,146,0.05,34,3.0,False
2026-09-12,other,51,18pd Carronade,Cannon,271,Puerto Real,146,0.05,34,52.0,False
2026-09-12,other,51,18pd Carronade,Cannon,246,Ruatan,146,0.05,34,18.0,False
2026-09-12,other,51,18pd Carronade,Cannon,164,Saint George,146,0.05,34,1216.0,False
2026-09-12,other,51,18pd Carronade,Cannon,140,Saint John's,146,0.05,34,830.0,False
2026-09-12,other,51,18pd Carronade,Cannon,296,Saint-Malo,146,0.05,34,304.0,False
2026-09-12,other,51,18pd Carronade,Cannon,256,Salamanca,146,0.05,34,330.0,False
2026-09-12,other,51,18pd Carronade,Cannon,82,Sale-Trou,146,0.05,34,48.0,False
2026-09-12,other,51,18pd Carronade,Cannon,104,Samaná,146,0.05,34,2.0,False
2026-09-12,other,51,18pd Carronade,Cannon,326,San Agustín,146,0.05,34,512.0,False
2026-09-12,other,51,18pd Carronade,Cannon,236,San Andrés,146,0.05,34,224.0,False
2026-09-12,other,51,18pd Carronade,Cannon,303,San José,146,0.05,34,1122.0,False
2026-09-12,other,51,18pd Carronade,Cannon,115,San Juan,146,0.05,34,66.0,False
2026-09-12,other,51,18pd Carronade,Cannon,62,San Lazaro,146,0.05,34,4.0,False
2026-09-12,other,51,18pd Carronade,Cannon,56,Santa Cruz,146,0.05,34,70.0,False
2026-09-12,other,51,18pd Carronade,Cannon,68,Santa Fe,146,0.05,34,14.0,False
2026-09-12,other,51,18pd Carronade,Cannon,210,Santa Marta,146,0.05,34,756.0,False
2026-09-12,other,51,18pd Carronade,Cannon,57,Santa María,146,0.05,34,434.0,False
2026-09-12,other,51,18pd Carronade,Cannon,348,Santanillas,146,0.05,34,6.0,False
2026-09-12,other,51,18pd Carronade,Cannon,52,Santiago de Cuba,146,0.05,34,2.0,False
2026-09-12,other,51,18pd Carronade,Cannon,81,Savanna la Mar,146,0.05,34,2.0,False
2026-09-12,other,51,18pd Carronade,Cannon,331,Savannah,146,0.05,34,388.0,False
2026-09-12,other,51,18pd Carronade,Cannon,165,Scarborough,146,0.05,34,4.0,False
2026-09-12,other,51,18pd Carronade,Cannon,349,Serrana,146,0.05,34,20.0,False
2026-09-12,other,51,18pd Carronade,Cannon,71,Siguanea,146,0.05,34,5.0,False
2026-09-12,other,51,18pd Carronade,Cannon,268,Sisal,146,0.05,34,3218.0,False
2026-09-12,other,51,18pd Carronade,Cannon,309,Tampa,146,0.05,34,1326.0,False
2026-09-12,other,51,18pd Carronade,Cannon,213,Tolú,146,0.05,34,23.0,False
2026-09-12,other,51,18pd Carronade,Cannon,59,Trinidad,146,0.05,34,2230.0,False
2026-09-12,other,51,18pd Carronade,Cannon,244,Truxillo,146,0.05,34,126.0,False
2026-09-12,other,51,18pd Carronade,Cannon,254,Turneffe,146,0.05,34,663.0,False
2026-09-12,other,51,18pd Carronade,Cannon,276,Vera Cruz,146,0.05,34,1787.0,False
2026-09-12,other,51,18pd Carronade,Cannon,273,Victoria,146,0.05,34,634.0,False
2026-09-12,other,51,18pd Carronade,Cannon,360,Water Bay,146,0.05,34,12.0,False
2026-09-12,other,51,18pd Carronade,Cannon,22,Watlings,146,0.05,34,2.0,False
2026-09-12,other,51,18pd Carronade,Cannon,4,West End,146,0.05,34,2.0,False
2026-09-12,other,51,18pd Carronade,Cannon,174,Willemstad,146,0.05,34,915.0,False
2026-09-12,other,51,18pd Carronade,Cannon,364,William's Bay,146,0.05,34,400.0,False
2026-09-12,other,51,18pd Carronade,Cannon,335,Wilmington,146,0.05,34,92.0,False
2026-09-12,other,58,18pd Long Gun,Cannon,269,Campeche,233,0.05,55,446.0,False
2026-09-12,other,58,18pd Long Gun,Cannon,311,Gasparilla,233,0.05,55,106.0,False
2026-09-12,other,58,18pd Long Gun,Cannon,233,Great River,233,0.05,55,10.0,False
2026-09-12,other,58,18pd Long Gun,Cannon,297,Nouvelle-Orléans,233,0.05,55,414.0,False
2026-09-12,other,58,18pd Long Gun,Cannon,218,Playón,233,0.05,55,10.0,False
2026-09-12,other,58,18pd Long Gun,Cannon,104,Samaná,233,0.05,55,4.0,False
2026-09-12,other,58,18pd Long Gun,Cannon,127,Spanish Town,233,0.05,55,15.0,False
2026-09-12,other,66,18pd Medium Gun,Cannon,113,Aguadilla,184,0.05,44,10521.0,False
2026-09-12,other,66,18pd Medium Gun,Cannon,225,Almirante,184,0.05,44,242.0,False
2026-09-12,other,66,18pd Medium Gun,Cannon,123,Amalienborg,184,0.05,44,10287.0,False
2026-09-12,other,66,18pd Medium Gun,Cannon,17,Arthur's Town,184,0.05,44,24.0,False
2026-09-12,other,66,18pd Medium Gun,Cannon,150,Aves,184,0.05,44,8176.0,False
2026-09-12,other,66,18pd Medium Gun,Cannon,321,Ays,184,0.05,44,243.0,False
2026-09-12,other,66,18pd Medium Gun,Cannon,103,Bahía Escocesa,184,0.05,44,7176.0,False
2026-09-12,other,66,18pd Medium Gun,Cannon,35,Baja,184,0.05,44,40.0,False
2026-09-12,other,66,18pd Medium Gun,Cannon,50,Baracoa,184,0.05,44,8165.0,False
2026-09-12,other,66,18pd Medium Gun,Cannon,111,Barahona,184,0.05,44,138.0,False
2026-09-12,other,66,18pd Medium Gun,Cannon,146,Basse-Terre,184,0.05,44,20562.0,False
2026-09-12,other,66,18pd Medium Gun,Cannon,137,Basseterre Town,184,0.05,44,2736.0,False
2026-09-12,other,66,18pd Medium Gun,Cannon,253,Belize,184,0.05,44,29944.0,False
2026-09-12,other,66,18pd Medium Gun,Cannon,257,Bensalem,184,0.05,44,14687.0,False
2026-09-12,other,66,18pd Medium Gun,Cannon,10,Bimini,184,0.05,44,2.0,False
2026-09-12,other,66,18pd Medium Gun,Cannon,243,Black River,184,0.05,44,203.0,False
2026-09-12,other,66,18pd Medium Gun,Cannon,230,Bluefields,184,0.05,44,16670.0,False
2026-09-12,other,66,18pd Medium Gun,Cannon,245,Bonacca,184,0.05,44,10417.0,False
2026-09-12,other,66,18pd Medium Gun,Cannon,237,Brangman's Bluff,184,0.05,44,12.0,False
2026-09-12,other,66,18pd Medium Gun,Cannon,161,Bridgetown,184,0.05,44,21.0,False
2026-09-12,other,66,18pd Medium Gun,Cannon,329,Brunswick,184,0.05,44,3859.0,False
2026-09-12,other,66,18pd Medium Gun,Cannon,318,Cabo Cañaveral,184,0.05,44,1330.0,False
2026-09-12,other,66,18pd Medium Gun,Cannon,208,Cabo de la Vela,184,0.05,44,2140.0,False
2026-09-12,other,66,18pd Medium Gun,Cannon,222,Calobelo,184,0.05,44,767.0,False
2026-09-12,other,66,18pd Medium Gun,Cannon,149,Camp du Roy,184,0.05,44,28.0,False
2026-09-12,other,66,18pd Medium Gun,Cannon,269,Campeche,184,0.05,44,16686.0,False
2026-09-12,other,66,18pd Medium Gun,Cannon,216,Canalete,184,0.05,44,1658.0,False
2026-09-12,other,66,18pd Medium Gun,Cannon,97,Cap-Français,184,0.05,44,181.0,False
2026-09-12,other,66,18pd Medium Gun,Cannon,193,Caracas,184,0.05,44,13180.0,False
2026-09-12,other,66,18pd Medium Gun,Cannon,212,Cartagena de Indias,184,0.05,44,12968.0,False
2026-09-12,other,66,18pd Medium Gun,Cannon,198,Casigua,184,0.05,44,154.0,False
2026-09-12,other,66,18pd Medium Gun,Cannon,74,Cayman Brac,184,0.05,44,5377.0,False
2026-09-12,other,66,18pd Medium Gun,Cannon,44,Cayo Romano,184,0.05,44,70.0,False
2026-09-12,other,66,18pd Medium Gun,Cannon,177,Caño Araguao,184,0.05,44,1213.0,False
2026-09-12,other,66,18pd Medium Gun,Cannon,270,Champotón,184,0.05,44,2063.0,False
2026-09-12,other,66,18pd Medium Gun,Cannon,333,Charleston,184,0.05,44,25070.0,False
2026-09-12,other,66,18pd Medium Gun,Cannon,258,Chinchorro,184,0.05,44,106.0,False
2026-09-12,other,66,18pd Medium Gun,Cannon,129,Christiansted,184,0.05,44,9065.0,False
2026-09-12,other,66,18pd Medium Gun,Cannon,134,Codrington,184,0.05,44,1750.0,False
2026-09-12,other,66,18pd Medium Gun,Cannon,223,Concepción,184,0.05,44,337.0,False
2026-09-12,other,66,18pd Medium Gun,Cannon,259,Congrios,184,0.05,44,7207.0,False
2026-09-12,other,66,18pd Medium Gun,Cannon,264,Conil,184,0.05,44,2495.0,False
2026-09-12,other,66,18pd Medium Gun,Cannon,207,Coquibacoa,184,0.05,44,9395.0,False
2026-09-12,other,66,18pd Medium Gun,Cannon,196,Coro,184,0.05,44,146.0,False
2026-09-12,other,66,18pd Medium Gun,Cannon,66,Corrientes,184,0.05,44,1652.0,False
2026-09-12,other,66,18pd Medium Gun,Cannon,361,Crown Haven,184,0.05,44,2.0,False
2026-09-12,other,66,18pd Medium Gun,Cannon,189,Cumaná,184,0.05,44,2832.0,False
2026-09-12,other,66,18pd Medium Gun,Cannon,214,Dariena,184,0.05,44,363.0,False
2026-09-12,other,66,18pd Medium Gun,Cannon,274,Espíritu Santo,184,0.05,44,3221.0,False
2026-09-12,other,66,18pd Medium Gun,Cannon,116,Fajardo,184,0.05,44,12098.0,False
2026-09-12,other,66,18pd Medium Gun,Cannon,135,Fort Baai,184,0.05,44,24363.0,False
2026-09-12,other,66,18pd Medium Gun,Cannon,173,Fort Oranje,184,0.05,44,14606.0,False
2026-09-12,other,66,18pd Medium Gun,Cannon,175,Fort Zoutman,184,0.05,44,11657.0,False
2026-09-12,other,66,18pd Medium Gun,Cannon,156,Fort-Royal,184,0.05,44,15866.0,False
2026-09-12,other,66,18pd Medium Gun,Cannon,183,Galdonas,184,0.05,44,6791.0,False
2026-09-12,other,66,18pd Medium Gun,Cannon,311,Gasparilla,184,0.05,44,466.0,False
2026-09-12,other,66,18pd Medium Gun,Cannon,72,George Town,184,0.05,44,9971.0,False
2026-09-12,other,66,18pd Medium Gun,Cannon,334,Georgetown,184,0.05,44,1964.0,False
2026-09-12,other,66,18pd Medium Gun,Cannon,201,Gibraltar,184,0.05,44,26.0,False
2026-09-12,other,66,18pd Medium Gun,Cannon,16,Governor's Harbour,184,0.05,44,1192.0,False
2026-09-12,other,66,18pd Medium Gun,Cannon,240,Gracias a Dios,184,0.05,44,5298.0,False
2026-09-12,other,66,18pd Medium Gun,Cannon,33,Grand Turk,184,0.05,44,100.0,False
2026-09-12,other,66,18pd Medium Gun,Cannon,231,Great Corn,184,0.05,44,15294.0,False
2026-09-12,other,66,18pd Medium Gun,Cannon,233,Great River,184,0.05,44,4993.0,False
2026-09-12,other,66,18pd Medium Gun,Cannon,179,Guayaguayare,184,0.05,44,9682.0,False
2026-09-12,other,66,18pd Medium Gun,Cannon,117,Guayama,184,0.05,44,3323.0,False
2026-09-12,other,66,18pd Medium Gun,Cannon,133,Gustavia,184,0.05,44,3550.0,False
2026-09-12,other,66,18pd Medium Gun,Cannon,119,Guánica,184,0.05,44,3578.0,False
2026-09-12,other,66,18pd Medium Gun,Cannon,130,Hat Island,184,0.05,44,1342.0,False
2026-09-12,other,66,18pd Medium Gun,Cannon,106,Higüey,184,0.05,44,15871.0,False
2026-09-12,other,66,18pd Medium Gun,Cannon,316,Islamorada,184,0.05,44,4162.0,False
2026-09-12,other,66,18pd Medium Gun,Cannon,370,Island Harbour,184,0.05,44,9407.0,False
2026-09-12,other,66,18pd Medium Gun,Cannon,83,Jacmel,184,0.05,44,3619.0,False
2026-09-12,other,66,18pd Medium Gun,Cannon,88,Jérémie,184,0.05,44,75994.0,False
2026-09-12,other,66,18pd Medium Gun,Cannon,313,Key West,184,0.05,44,2123.0,False
2026-09-12,other,66,18pd Medium Gun,Cannon,79,Kingston / Port Royal,184,0.05,44,144.0,False
2026-09-12,other,66,18pd Medium Gun,Cannon,162,Kingstown,184,0.05,44,740.0,False
2026-09-12,other,66,18pd Medium Gun,Cannon,170,La Blanquilla,184,0.05,44,78.0,False
2026-09-12,other,66,18pd Medium Gun,Cannon,38,La Habana,184,0.05,44,20109.0,False
2026-09-12,other,66,18pd Medium Gun,Cannon,100,La Isabela,184,0.05,44,2318.0,False
2026-09-12,other,66,18pd Medium Gun,Cannon,112,La Mona,184,0.05,44,4394.0,False
2026-09-12,other,66,18pd Medium Gun,Cannon,85,La Navasse,184,0.05,44,5578.0,False
2026-09-12,other,66,18pd Medium Gun,Cannon,171,La Orchilla,184,0.05,44,1146.0,False
2026-09-12,other,66,18pd Medium Gun,Cannon,96,La Tortue,184,0.05,44,6022.0,False
2026-09-12,other,66,18pd Medium Gun,Cannon,187,La Tortuga,184,0.05,44,4.0,False
2026-09-12,other,66,18pd Medium Gun,Cannon,154,La Trinité,184,0.05,44,128.0,False
2026-09-12,other,66,18pd Medium Gun,Cannon,172,Las Aves,184,0.05,44,120.0,False
2026-09-12,other,66,18pd Medium Gun,Cannon,307,Las Sabinas,184,0.05,44,6.0,False
2026-09-12,other,66,18pd Medium Gun,Cannon,314,Las Tortugas,184,0.05,44,2926.0,False
2026-09-12,other,66,18pd Medium Gun,Cannon,86,Les Cayes,184,0.05,44,18674.0,False
2026-09-12,other,66,18pd Medium Gun,Cannon,29,Little Inagua,184,0.05,44,24.0,False
2026-09-12,other,66,18pd Medium Gun,Cannon,90,Léogane,184,0.05,44,1312.0,False
2026-09-12,other,66,18pd Medium Gun,Cannon,105,Macao,184,0.05,44,20284.0,False
2026-09-12,other,66,18pd Medium Gun,Cannon,358,Mangrove Cay,184,0.05,44,92.0,False
2026-09-12,other,66,18pd Medium Gun,Cannon,55,Manzanillo,184,0.05,44,3599.0,False
2026-09-12,other,66,18pd Medium Gun,Cannon,204,Maracaibo,184,0.05,44,2492.0,False
2026-09-12,other,66,18pd Medium Gun,Cannon,131,Marigot,184,0.05,44,4122.0,False
2026-09-12,other,66,18pd Medium Gun,Cannon,39,Matanzas,184,0.05,44,447.0,False
2026-09-12,other,66,18pd Medium Gun,Cannon,227,Matina,184,0.05,44,6095.0,False
2026-09-12,other,66,18pd Medium Gun,Cannon,197,Mitara,184,0.05,44,4748.0,False
2026-09-12,other,66,18pd Medium Gun,Cannon,27,Mortimer Town,184,0.05,44,28.0,False
2026-09-12,other,66,18pd Medium Gun,Cannon,14,Nassau,184,0.05,44,3423.0,False
2026-09-12,other,66,18pd Medium Gun,Cannon,297,Nouvelle-Orléans,184,0.05,44,7154.0,False
2026-09-12,other,66,18pd Medium Gun,Cannon,46,Nuevitas,184,0.05,44,1220.0,False
2026-09-12,other,66,18pd Medium Gun,Cannon,235,Old Providence,184,0.05,44,29.0,False
2026-09-12,other,66,18pd Medium Gun,Cannon,250,Omoa,184,0.05,44,1413.0,False
2026-09-12,other,66,18pd Medium Gun,Cannon,136,Oranjestad,184,0.05,44,14076.0,False
2026-09-12,other,66,18pd Medium Gun,Cannon,185,Pampatar,184,0.05,44,3662.0,False
2026-09-12,other,66,18pd Medium Gun,Cannon,30,Parrot Cay,184,0.05,44,63.0,False
2026-09-12,other,66,18pd Medium Gun,Cannon,180,Pedernales,184,0.05,44,15992.0,False
2026-09-12,other,66,18pd Medium Gun,Cannon,301,Penzacola,184,0.05,44,5143.0,False
2026-09-12,other,66,18pd Medium Gun,Cannon,203,Perijá,184,0.05,44,118.0,False
2026-09-12,other,66,18pd Medium Gun,Cannon,65,Pinar del Río,184,0.05,44,21714.0,False
2026-09-12,other,66,18pd Medium Gun,Cannon,252,Placentia,184,0.05,44,1561.0,False
2026-09-12,other,66,18pd Medium Gun,Cannon,218,Playón,184,0.05,44,7789.0,False
2026-09-12,other,66,18pd Medium Gun,Cannon,369,Plymouth,184,0.05,44,3540.0,False
2026-09-12,other,66,18pd Medium Gun,Cannon,145,Pointe-à-Pitre,184,0.05,44,10.0,False
2026-09-12,other,66,18pd Medium Gun,Cannon,77,Port Antonio,184,0.05,44,1179.0,False
2026-09-12,other,66,18pd Medium Gun,Cannon,91,Port-au-Prince,184,0.05,44,1844.0,False
2026-09-12,other,66,18pd Medium Gun,Cannon,95,Port-de-Paix,184,0.05,44,2.0,False
2026-09-12,other,66,18pd Medium Gun,Cannon,54,Portillo,184,0.05,44,3353.0,False
2026-09-12,other,66,18pd Medium Gun,Cannon,220,Portobelo,184,0.05,44,1287.0,False
2026-09-12,other,66,18pd Medium Gun,Cannon,194,Puerto Cabello,184,0.05,44,148.0,False
2026-09-12,other,66,18pd Medium Gun,Cannon,169,Puerto de España,184,0.05,44,4904.0,False
2026-09-12,other,66,18pd Medium Gun,Cannon,49,Puerto de Nipe,184,0.05,44,3289.0,False
2026-09-12,other,66,18pd Medium Gun,Cannon,51,Puerto Escondido,184,0.05,44,14.0,False
2026-09-12,other,66,18pd Medium Gun,Cannon,101,Puerto Plata,184,0.05,44,16727.0,False
2026-09-12,other,66,18pd Medium Gun,Cannon,271,Puerto Real,184,0.05,44,7816.0,False
2026-09-12,other,66,18pd Medium Gun,Cannon,191,Píritu,184,0.05,44,184.0,False
2026-09-12,other,66,18pd Medium Gun,Cannon,21,Ragged Cay,184,0.05,44,134.0,False
2026-09-12,other,66,18pd Medium Gun,Cannon,43,Remedios,184,0.05,44,78.0,False
2026-09-12,other,66,18pd Medium Gun,Cannon,152,Roseau,184,0.05,44,43284.0,False
2026-09-12,other,66,18pd Medium Gun,Cannon,246,Ruatan,184,0.05,44,2583.0,False
2026-09-12,other,66,18pd Medium Gun,Cannon,192,Río Chico,184,0.05,44,580.0,False
2026-09-12,other,66,18pd Medium Gun,Cannon,209,Río de la Hacha,184,0.05,44,44.0,False
2026-09-12,other,66,18pd Medium Gun,Cannon,164,Saint George,184,0.05,44,9928.0,False
2026-09-12,other,66,18pd Medium Gun,Cannon,140,Saint John's,184,0.05,44,7758.0,False
2026-09-12,other,66,18pd Medium Gun,Cannon,296,Saint-Malo,184,0.05,44,9612.0,False
2026-09-12,other,66,18pd Medium Gun,Cannon,92,Saint-Marc,184,0.05,44,1779.0,False
2026-09-12,other,66,18pd Medium Gun,Cannon,94,Saint-Nicolas,184,0.05,44,4579.0,False
2026-09-12,other,66,18pd Medium Gun,Cannon,256,Salamanca,184,0.05,44,2531.0,False
2026-09-12,other,66,18pd Medium Gun,Cannon,82,Sale-Trou,184,0.05,44,1454.0,False
2026-09-12,other,66,18pd Medium Gun,Cannon,104,Samaná,184,0.05,44,4637.0,False
2026-09-12,other,66,18pd Medium Gun,Cannon,326,San Agustín,184,0.05,44,1546.0,False
2026-09-12,other,66,18pd Medium Gun,Cannon,236,San Andrés,184,0.05,44,530.0,False
2026-09-12,other,66,18pd Medium Gun,Cannon,303,San José,184,0.05,44,6563.0,False
2026-09-12,other,66,18pd Medium Gun,Cannon,115,San Juan,184,0.05,44,4571.0,False
2026-09-12,other,66,18pd Medium Gun,Cannon,228,San Juan del Norte,184,0.05,44,500.0,False
2026-09-12,other,66,18pd Medium Gun,Cannon,62,San Lazaro,184,0.05,44,476.0,False
2026-09-12,other,66,18pd Medium Gun,Cannon,56,Santa Cruz,184,0.05,44,9603.0,False
2026-09-12,other,66,18pd Medium Gun,Cannon,68,Santa Fe,184,0.05,44,8.0,False
2026-09-12,other,66,18pd Medium Gun,Cannon,210,Santa Marta,184,0.05,44,2406.0,False
2026-09-12,other,66,18pd Medium Gun,Cannon,57,Santa María,184,0.05,44,10831.0,False
2026-09-12,other,66,18pd Medium Gun,Cannon,348,Santanillas,184,0.05,44,2573.0,False
2026-09-12,other,66,18pd Medium Gun,Cannon,52,Santiago de Cuba,184,0.05,44,4.0,False
2026-09-12,other,66,18pd Medium Gun,Cannon,108,Santo Domingo,184,0.05,44,19897.0,False
2026-09-12,other,66,18pd Medium Gun,Cannon,176,Santo Tomé de Guayana,184,0.05,44,26.0,False
2026-09-12,other,66,18pd Medium Gun,Cannon,81,Savanna la Mar,184,0.05,44,36.0,False
2026-09-12,other,66,18pd Medium Gun,Cannon,331,Savannah,184,0.05,44,727.0,False
2026-09-12,other,66,18pd Medium Gun,Cannon,165,Scarborough,184,0.05,44,144.0,False
2026-09-12,other,66,18pd Medium Gun,Cannon,266,Selam,184,0.05,44,1970.0,False
2026-09-12,other,66,18pd Medium Gun,Cannon,349,Serrana,184,0.05,44,4.0,False
2026-09-12,other,66,18pd Medium Gun,Cannon,71,Siguanea,184,0.05,44,30.0,False
2026-09-12,other,66,18pd Medium Gun,Cannon,268,Sisal,184,0.05,44,21640.0,False
2026-09-12,other,66,18pd Medium Gun,Cannon,127,Spanish Town,184,0.05,44,851.0,False
2026-09-12,other,66,18pd Medium Gun,Cannon,309,Tampa,184,0.05,44,5509.0,False
2026-09-12,other,66,18pd Medium Gun,Cannon,263,Tantun Cuzamil,184,0.05,44,3595.0,False
2026-09-12,other,66,18pd Medium Gun,Cannon,213,Tolú,184,0.05,44,554.0,False
2026-09-12,other,66,18pd Medium Gun,Cannon,59,Trinidad,184,0.05,44,9639.0,False
2026-09-12,other,66,18pd Medium Gun,Cannon,244,Truxillo,184,0.05,44,6046.0,False
2026-09-12,other,66,18pd Medium Gun,Cannon,254,Turneffe,184,0.05,44,5864.0,False
2026-09-12,other,66,18pd Medium Gun,Cannon,276,Vera Cruz,184,0.05,44,15119.0,False
2026-09-12,other,66,18pd Medium Gun,Cannon,273,Victoria,184,0.05,44,3644.0,False
2026-09-12,other,66,18pd Medium Gun,Cannon,159,Vieux-Fort,184,0.05,44,284.0,False
2026-09-12,other,66,18pd Medium Gun,Cannon,174,Willemstad,184,0.05,44,10918.0,False
2026-09-12,other,66,18pd Medium Gun,Cannon,364,William's Bay,184,0.05,44,1588.0,False
2026-09-12,other,66,18pd Medium Gun,Cannon,335,Wilmington,184,0.05,44,1173.0,False
2026-09-12,other,66,18pd Medium Gun,Cannon,262,Xpu Ha,184,0.05,44,7077.0,False
2026-09-12,other,66,18pd Medium Gun,Cannon,181,Yaguaraparo,184,0.05,44,20.0,False
2026-09-12,other,52,24pd Carronade,Cannon,113,Aguadilla,160,0.05,38,407.0,False
2026-09-12,other,52,24pd Carronade,Cannon,225,Almirante,160,0.05,38,120.0,False
2026-09-12,other,52,24pd Carronade,Cannon,123,Amalienborg,160,0.05,38,1120.0,False
2026-09-12,other,52,24pd Carronade,Cannon,50,Baracoa,160,0.05,38,21.0,False
2026-09-12,other,52,24pd Carronade,Cannon,137,Basseterre Town,160,0.05,38,5.0,False
2026-09-12,other,52,24pd Carronade,Cannon,253,Belize,160,0.05,38,7240.0,False
2026-09-12,other,52,24pd Carronade,Cannon,257,Bensalem,160,0.05,38,5259.0,False
2026-09-12,other,52,24pd Carronade,Cannon,243,Black River,160,0.05,38,22.0,False
2026-09-12,other,52,24pd Carronade,Cannon,230,Bluefields,160,0.05,38,7264.0,False
2026-09-12,other,52,24pd Carronade,Cannon,245,Bonacca,160,0.05,38,915.0,False
2026-09-12,other,52,24pd Carronade,Cannon,350,Bone Cay,160,0.05,38,76.0,False
2026-09-12,other,52,24pd Carronade,Cannon,318,Cabo Cañaveral,160,0.05,38,51.0,False
2026-09-12,other,52,24pd Carronade,Cannon,208,Cabo de la Vela,160,0.05,38,222.0,False
2026-09-12,other,52,24pd Carronade,Cannon,269,Campeche,160,0.05,38,4406.0,False
2026-09-12,other,52,24pd Carronade,Cannon,216,Canalete,160,0.05,38,1966.0,False
2026-09-12,other,52,24pd Carronade,Cannon,193,Caracas,160,0.05,38,3381.0,False
2026-09-12,other,52,24pd Carronade,Cannon,212,Cartagena de Indias,160,0.05,38,4067.0,False
2026-09-12,other,52,24pd Carronade,Cannon,198,Casigua,160,0.05,38,2.0,False
2026-09-12,other,52,24pd Carronade,Cannon,74,Cayman Brac,160,0.05,38,84.0,False
2026-09-12,other,52,24pd Carronade,Cannon,333,Charleston,160,0.05,38,1402.0,False
2026-09-12,other,52,24pd Carronade,Cannon,129,Christiansted,160,0.05,38,981.0,False
2026-09-12,other,52,24pd Carronade,Cannon,223,Concepción,160,0.05,38,62.0,False
2026-09-12,other,52,24pd Carronade,Cannon,207,Coquibacoa,160,0.05,38,953.0,False
2026-09-12,other,52,24pd Carronade,Cannon,241,Croata,160,0.05,38,1.0,False
2026-09-12,other,52,24pd Carronade,Cannon,189,Cumaná,160,0.05,38,303.0,False
2026-09-12,other,52,24pd Carronade,Cannon,214,Dariena,160,0.05,38,408.0,False
2026-09-12,other,52,24pd Carronade,Cannon,274,Espíritu Santo,160,0.05,38,8.0,False
2026-09-12,other,52,24pd Carronade,Cannon,135,Fort Baai,160,0.05,38,673.0,False
2026-09-12,other,52,24pd Carronade,Cannon,173,Fort Oranje,160,0.05,38,5482.0,False
2026-09-12,other,52,24pd Carronade,Cannon,175,Fort Zoutman,160,0.05,38,1142.0,False
2026-09-12,other,52,24pd Carronade,Cannon,183,Galdonas,160,0.05,38,499.0,False
2026-09-12,other,52,24pd Carronade,Cannon,72,George Town,160,0.05,38,13.0,False
2026-09-12,other,52,24pd Carronade,Cannon,240,Gracias a Dios,160,0.05,38,832.0,False
2026-09-12,other,52,24pd Carronade,Cannon,33,Grand Turk,160,0.05,38,2.0,False
2026-09-12,other,52,24pd Carronade,Cannon,231,Great Corn,160,0.05,38,50.0,False
2026-09-12,other,52,24pd Carronade,Cannon,233,Great River,160,0.05,38,2966.0,False
2026-09-12,other,52,24pd Carronade,Cannon,119,Guánica,160,0.05,38,804.0,False
2026-09-12,other,52,24pd Carronade,Cannon,88,Jérémie,160,0.05,38,2588.0,False
2026-09-12,other,52,24pd Carronade,Cannon,79,Kingston / Port Royal,160,0.05,38,396.0,False
2026-09-12,other,52,24pd Carronade,Cannon,38,La Habana,160,0.05,38,7733.0,False
2026-09-12,other,52,24pd Carronade,Cannon,171,La Orchilla,160,0.05,38,20.0,False
2026-09-12,other,52,24pd Carronade,Cannon,307,Las Sabinas,160,0.05,38,36.0,False
2026-09-12,other,52,24pd Carronade,Cannon,86,Les Cayes,160,0.05,38,151.0,False
2026-09-12,other,52,24pd Carronade,Cannon,90,Léogane,160,0.05,38,4.0,False
2026-09-12,other,52,24pd Carronade,Cannon,105,Macao,160,0.05,38,2558.0,False
2026-09-12,other,52,24pd Carronade,Cannon,55,Manzanillo,160,0.05,38,1796.0,False
2026-09-12,other,52,24pd Carronade,Cannon,131,Marigot,160,0.05,38,2.0,False
2026-09-12,other,52,24pd Carronade,Cannon,39,Matanzas,160,0.05,38,1.0,False
2026-09-12,other,52,24pd Carronade,Cannon,227,Matina,160,0.05,38,1791.0,False
2026-09-12,other,52,24pd Carronade,Cannon,297,Nouvelle-Orléans,160,0.05,38,136.0,False
2026-09-12,other,52,24pd Carronade,Cannon,46,Nuevitas,160,0.05,38,1.0,False
2026-09-12,other,52,24pd Carronade,Cannon,136,Oranjestad,160,0.05,38,5.0,False
2026-09-12,other,52,24pd Carronade,Cannon,180,Pedernales,160,0.05,38,2420.0,False
2026-09-12,other,52,24pd Carronade,Cannon,352,Pedro Cay,160,0.05,38,3.0,False
2026-09-12,other,52,24pd Carronade,Cannon,301,Penzacola,160,0.05,38,5823.0,False
2026-09-12,other,52,24pd Carronade,Cannon,65,Pinar del Río,160,0.05,38,2393.0,False
2026-09-12,other,52,24pd Carronade,Cannon,252,Placentia,160,0.05,38,529.0,False
2026-09-12,other,52,24pd Carronade,Cannon,218,Playón,160,0.05,38,87.0,False
2026-09-12,other,52,24pd Carronade,Cannon,91,Port-au-Prince,160,0.05,38,28.0,False
2026-09-12,other,52,24pd Carronade,Cannon,169,Puerto de España,160,0.05,38,148.0,False
2026-09-12,other,52,24pd Carronade,Cannon,49,Puerto de Nipe,160,0.05,38,1598.0,False
2026-09-12,other,52,24pd Carronade,Cannon,271,Puerto Real,160,0.05,38,1651.0,False
2026-09-12,other,52,24pd Carronade,Cannon,21,Ragged Cay,160,0.05,38,2.0,False
2026-09-12,other,52,24pd Carronade,Cannon,43,Remedios,160,0.05,38,12.0,False
2026-09-12,other,52,24pd Carronade,Cannon,296,Saint-Malo,160,0.05,38,440.0,False
2026-09-12,other,52,24pd Carronade,Cannon,256,Salamanca,160,0.05,38,11.0,False
2026-09-12,other,52,24pd Carronade,Cannon,82,Sale-Trou,160,0.05,38,284.0,False
2026-09-12,other,52,24pd Carronade,Cannon,326,San Agustín,160,0.05,38,324.0,False
2026-09-12,other,52,24pd Carronade,Cannon,236,San Andrés,160,0.05,38,170.0,False
2026-09-12,other,52,24pd Carronade,Cannon,303,San José,160,0.05,38,2083.0,False
2026-09-12,other,52,24pd Carronade,Cannon,115,San Juan,160,0.05,38,223.0,False
2026-09-12,other,52,24pd Carronade,Cannon,62,San Lazaro,160,0.05,38,8.0,False
2026-09-12,other,52,24pd Carronade,Cannon,56,Santa Cruz,160,0.05,38,22.0,False
2026-09-12,other,52,24pd Carronade,Cannon,68,Santa Fe,160,0.05,38,4.0,False
2026-09-12,other,52,24pd Carronade,Cannon,210,Santa Marta,160,0.05,38,586.0,False
2026-09-12,other,52,24pd Carronade,Cannon,348,Santanillas,160,0.05,38,19.0,False
2026-09-12,other,52,24pd Carronade,Cannon,52,Santiago de Cuba,160,0.05,38,16.0,False
2026-09-12,other,52,24pd Carronade,Cannon,81,Savanna la Mar,160,0.05,38,14.0,False
2026-09-12,other,52,24pd Carronade,Cannon,331,Savannah,160,0.05,38,74.0,False
2026-09-12,other,52,24pd Carronade,Cannon,165,Scarborough,160,0.05,38,10.0,False
2026-09-12,other,52,24pd Carronade,Cannon,349,Serrana,160,0.05,38,66.0,False
2026-09-12,other,52,24pd Carronade,Cannon,268,Sisal,160,0.05,38,2059.0,False
2026-09-12,other,52,24pd Carronade,Cannon,309,Tampa,160,0.05,38,1604.0,False
2026-09-12,other,52,24pd Carronade,Cannon,213,Tolú,160,0.05,38,6.0,False
2026-09-12,other,52,24pd Carronade,Cannon,59,Trinidad,160,0.05,38,1220.0,False
2026-09-12,other,52,24pd Carronade,Cannon,244,Truxillo,160,0.05,38,205.0,False
2026-09-12,other,52,24pd Carronade,Cannon,254,Turneffe,160,0.05,38,2281.0,False
2026-09-12,other,52,24pd Carronade,Cannon,276,Vera Cruz,160,0.05,38,2520.0,False
2026-09-12,other,52,24pd Carronade,Cannon,273,Victoria,160,0.05,38,414.0,False
2026-09-12,other,52,24pd Carronade,Cannon,4,West End,160,0.05,38,55.0,False
2026-09-12,other,52,24pd Carronade,Cannon,174,Willemstad,160,0.05,38,34.0,False
2026-09-12,other,52,24pd Carronade,Cannon,335,Wilmington,160,0.05,38,310.0,False
2026-09-12,other,59,24pd Long Gun,Cannon,311,Gasparilla,254,0.05,60,86.0,False
2026-09-12,other,59,24pd Long Gun,Cannon,33,Grand Turk,254,0.05,60,2.0,False
2026-09-12,other,59,24pd Long Gun,Cannon,233,Great River,254,0.05,60,4.0,False
2026-09-12,other,59,24pd Long Gun,Cannon,83,Jacmel,254,0.05,60,6.0,False
2026-09-12,other,59,24pd Long Gun,Cannon,85,La Navasse,254,0.05,60,7.0,False
2026-09-12,other,59,24pd Long Gun,Cannon,86,Les Cayes,254,0.05,60,71.0,False
2026-09-12,other,59,24pd Long Gun,Cannon,297,Nouvelle-Orléans,254,0.05,60,92.0,False
2026-09-12,other,59,24pd Long Gun,Cannon,218,Playón,254,0.05,60,42.0,False
2026-09-12,other,59,24pd Long Gun,Cannon,91,Port-au-Prince,254,0.05,60,10.0,False
2026-09-12,other,59,24pd Long Gun,Cannon,82,Sale-Trou,254,0.05,60,15.0,False
2026-09-12,other,59,24pd Long Gun,Cannon,228,San Juan del Norte,254,0.05,60,1.0,False
2026-09-12,other,67,24pd Medium Gun,Cannon,113,Aguadilla,204,0.05,49,23886.0,False
2026-09-12,other,67,24pd Medium Gun,Cannon,225,Almirante,204,0.05,49,468.0,False
2026-09-12,other,67,24pd Medium Gun,Cannon,123,Amalienborg,204,0.05,49,4861.0,False
2026-09-12,other,67,24pd Medium Gun,Cannon,17,Arthur's Town,204,0.05,49,22.0,False
2026-09-12,other,67,24pd Medium Gun,Cannon,150,Aves,204,0.05,49,21070.0,False
2026-09-12,other,67,24pd Medium Gun,Cannon,103,Bahía Escocesa,204,0.05,49,13444.0,False
2026-09-12,other,67,24pd Medium Gun,Cannon,35,Baja,204,0.05,49,16.0,False
2026-09-12,other,67,24pd Medium Gun,Cannon,50,Baracoa,204,0.05,49,1588.0,False
2026-09-12,other,67,24pd Medium Gun,Cannon,111,Barahona,204,0.05,49,166.0,False
2026-09-12,other,67,24pd Medium Gun,Cannon,146,Basse-Terre,204,0.05,49,23601.0,False
2026-09-12,other,67,24pd Medium Gun,Cannon,137,Basseterre Town,204,0.05,49,1714.0,False
2026-09-12,other,67,24pd Medium Gun,Cannon,253,Belize,204,0.05,49,22176.0,False
2026-09-12,other,67,24pd Medium Gun,Cannon,257,Bensalem,204,0.05,49,10792.0,False
2026-09-12,other,67,24pd Medium Gun,Cannon,243,Black River,204,0.05,49,154.0,False
2026-09-12,other,67,24pd Medium Gun,Cannon,230,Bluefields,204,0.05,49,13056.0,False
2026-09-12,other,67,24pd Medium Gun,Cannon,245,Bonacca,204,0.05,49,7203.0,False
2026-09-12,other,67,24pd Medium Gun,Cannon,237,Brangman's Bluff,204,0.05,49,67.0,False
2026-09-12,other,67,24pd Medium Gun,Cannon,161,Bridgetown,204,0.05,49,11.0,False
2026-09-12,other,67,24pd Medium Gun,Cannon,329,Brunswick,204,0.05,49,2749.0,False
2026-09-12,other,67,24pd Medium Gun,Cannon,318,Cabo Cañaveral,204,0.05,49,455.0,False
2026-09-12,other,67,24pd Medium Gun,Cannon,208,Cabo de la Vela,204,0.05,49,1017.0,False
2026-09-12,other,67,24pd Medium Gun,Cannon,222,Calobelo,204,0.05,49,752.0,False
2026-09-12,other,67,24pd Medium Gun,Cannon,149,Camp du Roy,204,0.05,49,44.0,False
2026-09-12,other,67,24pd Medium Gun,Cannon,269,Campeche,204,0.05,49,11028.0,False
2026-09-12,other,67,24pd Medium Gun,Cannon,216,Canalete,204,0.05,49,1891.0,False
2026-09-12,other,67,24pd Medium Gun,Cannon,193,Caracas,204,0.05,49,6316.0,False
2026-09-12,other,67,24pd Medium Gun,Cannon,212,Cartagena de Indias,204,0.05,49,8402.0,False
2026-09-12,other,67,24pd Medium Gun,Cannon,198,Casigua,204,0.05,49,36.0,False
2026-09-12,other,67,24pd Medium Gun,Cannon,74,Cayman Brac,204,0.05,49,1886.0,False
2026-09-12,other,67,24pd Medium Gun,Cannon,44,Cayo Romano,204,0.05,49,135.0,False
2026-09-12,other,67,24pd Medium Gun,Cannon,177,Caño Araguao,204,0.05,49,620.0,False
2026-09-12,other,67,24pd Medium Gun,Cannon,270,Champotón,204,0.05,49,2890.0,False
2026-09-12,other,67,24pd Medium Gun,Cannon,333,Charleston,204,0.05,49,22877.0,False
2026-09-12,other,67,24pd Medium Gun,Cannon,258,Chinchorro,204,0.05,49,122.0,False
2026-09-12,other,67,24pd Medium Gun,Cannon,129,Christiansted,204,0.05,49,13075.0,False
2026-09-12,other,67,24pd Medium Gun,Cannon,134,Codrington,204,0.05,49,956.0,False
2026-09-12,other,67,24pd Medium Gun,Cannon,223,Concepción,204,0.05,49,422.0,False
2026-09-12,other,67,24pd Medium Gun,Cannon,259,Congrios,204,0.05,49,7005.0,False
2026-09-12,other,67,24pd Medium Gun,Cannon,264,Conil,204,0.05,49,2356.0,False
2026-09-12,other,67,24pd Medium Gun,Cannon,207,Coquibacoa,204,0.05,49,6601.0,False
2026-09-12,other,67,24pd Medium Gun,Cannon,196,Coro,204,0.05,49,52.0,False
2026-09-12,other,67,24pd Medium Gun,Cannon,66,Corrientes,204,0.05,49,52.0,False
2026-09-12,other,67,24pd Medium Gun,Cannon,189,Cumaná,204,0.05,49,8035.0,False
2026-09-12,other,67,24pd Medium Gun,Cannon,214,Dariena,204,0.05,49,925.0,False
2026-09-12,other,67,24pd Medium Gun,Cannon,274,Espíritu Santo,204,0.05,49,11012.0,False
2026-09-12,other,67,24pd Medium Gun,Cannon,116,Fajardo,204,0.05,49,29180.0,False
2026-09-12,other,67,24pd Medium Gun,Cannon,135,Fort Baai,204,0.05,49,21315.0,False
2026-09-12,other,67,24pd Medium Gun,Cannon,173,Fort Oranje,204,0.05,49,13326.0,False
2026-09-12,other,67,24pd Medium Gun,Cannon,175,Fort Zoutman,204,0.05,49,11280.0,False
2026-09-12,other,67,24pd Medium Gun,Cannon,156,Fort-Royal,204,0.05,49,16019.0,False
2026-09-12,other,67,24pd Medium Gun,Cannon,183,Galdonas,204,0.05,49,6233.0,False
2026-09-12,other,67,24pd Medium Gun,Cannon,311,Gasparilla,204,0.05,49,1052.0,False
2026-09-12,other,67,24pd Medium Gun,Cannon,72,George Town,204,0.05,49,3979.0,False
2026-09-12,other,67,24pd Medium Gun,Cannon,334,Georgetown,204,0.05,49,2134.0,False
2026-09-12,other,67,24pd Medium Gun,Cannon,201,Gibraltar,204,0.05,49,28.0,False
2026-09-12,other,67,24pd Medium Gun,Cannon,16,Governor's Harbour,204,0.05,49,401.0,False
2026-09-12,other,67,24pd Medium Gun,Cannon,240,Gracias a Dios,204,0.05,49,3027.0,False
2026-09-12,other,67,24pd Medium Gun,Cannon,33,Grand Turk,204,0.05,49,72.0,False
2026-09-12,other,67,24pd Medium Gun,Cannon,231,Great Corn,204,0.05,49,8594.0,False
2026-09-12,other,67,24pd Medium Gun,Cannon,233,Great River,204,0.05,49,2851.0,False
2026-09-12,other,67,24pd Medium Gun,Cannon,179,Guayaguayare,204,0.05,49,4895.0,False
2026-09-12,other,67,24pd Medium Gun,Cannon,117,Guayama,204,0.05,49,5687.0,False
2026-09-12,other,67,24pd Medium Gun,Cannon,133,Gustavia,204,0.05,49,3478.0,False
2026-09-12,other,67,24pd Medium Gun,Cannon,119,Guánica,204,0.05,49,15575.0,False
2026-09-12,other,67,24pd Medium Gun,Cannon,130,Hat Island,204,0.05,49,1134.0,False
2026-09-12,other,67,24pd Medium Gun,Cannon,106,Higüey,204,0.05,49,87450.0,False
2026-09-12,other,67,24pd Medium Gun,Cannon,316,Islamorada,204,0.05,49,7.0,False
2026-09-12,other,67,24pd Medium Gun,Cannon,370,Island Harbour,204,0.05,49,5437.0,False
2026-09-12,other,67,24pd Medium Gun,Cannon,83,Jacmel,204,0.05,49,4121.0,False
2026-09-12,other,67,24pd Medium Gun,Cannon,88,Jérémie,204,0.05,49,77688.0,False
2026-09-12,other,67,24pd Medium Gun,Cannon,313,Key West,204,0.05,49,1133.0,False
2026-09-12,other,67,24pd Medium Gun,Cannon,79,Kingston / Port Royal,204,0.05,49,138.0,False
2026-09-12,other,67,24pd Medium Gun,Cannon,162,Kingstown,204,0.05,49,1321.0,False
2026-09-12,other,67,24pd Medium Gun,Cannon,170,La Blanquilla,204,0.05,49,64.0,False
2026-09-12,other,67,24pd Medium Gun,Cannon,38,La Habana,204,0.05,49,11366.0,False
2026-09-12,other,67,24pd Medium Gun,Cannon,100,La Isabela,204,0.05,49,4951.0,False
2026-09-12,other,67,24pd Medium Gun,Cannon,112,La Mona,204,0.05,49,11299.0,False
2026-09-12,other,67,24pd Medium Gun,Cannon,85,La Navasse,204,0.05,49,3148.0,False
2026-09-12,other,67,24pd Medium Gun,Cannon,171,La Orchilla,204,0.05,49,335.0,False
2026-09-12,other,67,24pd Medium Gun,Cannon,96,La Tortue,204,0.05,49,62.0,False
2026-09-12,other,67,24pd Medium Gun,Cannon,154,La Trinité,204,0.05,49,296.0,False
2026-09-12,other,67,24pd Medium Gun,Cannon,172,Las Aves,204,0.05,49,1112.0,False
2026-09-12,other,67,24pd Medium Gun,Cannon,307,Las Sabinas,204,0.05,49,28.0,False
2026-09-12,other,67,24pd Medium Gun,Cannon,314,Las Tortugas,204,0.05,49,1812.0,False
2026-09-12,other,67,24pd Medium Gun,Cannon,86,Les Cayes,204,0.05,49,20592.0,False
2026-09-12,other,67,24pd Medium Gun,Cannon,29,Little Inagua,204,0.05,49,22.0,False
2026-09-12,other,67,24pd Medium Gun,Cannon,90,Léogane,204,0.05,49,1596.0,False
2026-09-12,other,67,24pd Medium Gun,Cannon,105,Macao,204,0.05,49,42053.0,False
2026-09-12,other,67,24pd Medium Gun,Cannon,358,Mangrove Cay,204,0.05,49,17.0,False
2026-09-12,other,67,24pd Medium Gun,Cannon,55,Manzanillo,204,0.05,49,1377.0,False
2026-09-12,other,67,24pd Medium Gun,Cannon,204,Maracaibo,204,0.05,49,1638.0,False
2026-09-12,other,67,24pd Medium Gun,Cannon,131,Marigot,204,0.05,49,4566.0,False
2026-09-12,other,67,24pd Medium Gun,Cannon,227,Matina,204,0.05,49,4927.0,False
2026-09-12,other,67,24pd Medium Gun,Cannon,197,Mitara,204,0.05,49,2444.0,False
2026-09-12,other,67,24pd Medium Gun,Cannon,14,Nassau,204,0.05,49,1244.0,False
2026-09-12,other,67,24pd Medium Gun,Cannon,297,Nouvelle-Orléans,204,0.05,49,10381.0,False
2026-09-12,other,67,24pd Medium Gun,Cannon,46,Nuevitas,204,0.05,49,966.0,False
2026-09-12,other,67,24pd Medium Gun,Cannon,235,Old Providence,204,0.05,49,4.0,False
2026-09-12,other,67,24pd Medium Gun,Cannon,250,Omoa,204,0.05,49,1311.0,False
2026-09-12,other,67,24pd Medium Gun,Cannon,136,Oranjestad,204,0.05,49,11247.0,False
2026-09-12,other,67,24pd Medium Gun,Cannon,185,Pampatar,204,0.05,49,2877.0,False
2026-09-12,other,67,24pd Medium Gun,Cannon,30,Parrot Cay,204,0.05,49,28.0,False
2026-09-12,other,67,24pd Medium Gun,Cannon,180,Pedernales,204,0.05,49,13657.0,False
2026-09-12,other,67,24pd Medium Gun,Cannon,301,Penzacola,204,0.05,49,2443.0,False
2026-09-12,other,67,24pd Medium Gun,Cannon,203,Perijá,204,0.05,49,122.0,False
2026-09-12,other,67,24pd Medium Gun,Cannon,65,Pinar del Río,204,0.05,49,13693.0,False
2026-09-12,other,67,24pd Medium Gun,Cannon,252,Placentia,204,0.05,49,941.0,False
2026-09-12,other,67,24pd Medium Gun,Cannon,218,Playón,204,0.05,49,5398.0,False
2026-09-12,other,67,24pd Medium Gun,Cannon,369,Plymouth,204,0.05,49,3548.0,False
2026-09-12,other,67,24pd Medium Gun,Cannon,145,Pointe-à-Pitre,204,0.05,49,451.0,False
2026-09-12,other,67,24pd Medium Gun,Cannon,77,Port Antonio,204,0.05,49,746.0,False
2026-09-12,other,67,24pd Medium Gun,Cannon,91,Port-au-Prince,204,0.05,49,1839.0,False
2026-09-12,other,67,24pd Medium Gun,Cannon,95,Port-de-Paix,204,0.05,49,3.0,False
2026-09-12,other,67,24pd Medium Gun,Cannon,54,Portillo,204,0.05,49,2560.0,False
2026-09-12,other,67,24pd Medium Gun,Cannon,220,Portobelo,204,0.05,49,356.0,False
2026-09-12,other,67,24pd Medium Gun,Cannon,194,Puerto Cabello,204,0.05,49,126.0,False
2026-09-12,other,67,24pd Medium Gun,Cannon,169,Puerto de España,204,0.05,49,3987.0,False
2026-09-12,other,67,24pd Medium Gun,Cannon,49,Puerto de Nipe,204,0.05,49,970.0,False
2026-09-12,other,67,24pd Medium Gun,Cannon,51,Puerto Escondido,204,0.05,49,28.0,False
2026-09-12,other,67,24pd Medium Gun,Cannon,101,Puerto Plata,204,0.05,49,59227.0,False
2026-09-12,other,67,24pd Medium Gun,Cannon,271,Puerto Real,204,0.05,49,8171.0,False
2026-09-12,other,67,24pd Medium Gun,Cannon,191,Píritu,204,0.05,49,140.0,False
2026-09-12,other,67,24pd Medium Gun,Cannon,21,Ragged Cay,204,0.05,49,119.0,False
2026-09-12,other,67,24pd Medium Gun,Cannon,152,Roseau,204,0.05,49,81677.0,False
2026-09-12,other,67,24pd Medium Gun,Cannon,246,Ruatan,204,0.05,49,1460.0,False
2026-09-12,other,67,24pd Medium Gun,Cannon,192,Río Chico,204,0.05,49,388.0,False
2026-09-12,other,67,24pd Medium Gun,Cannon,209,Río de la Hacha,204,0.05,49,19.0,False
2026-09-12,other,67,24pd Medium Gun,Cannon,164,Saint George,204,0.05,49,10907.0,False
2026-09-12,other,67,24pd Medium Gun,Cannon,355,Saint George's Town,204,0.05,49,20.0,False
2026-09-12,other,67,24pd Medium Gun,Cannon,140,Saint John's,204,0.05,49,6487.0,False
2026-09-12,other,67,24pd Medium Gun,Cannon,296,Saint-Malo,204,0.05,49,11196.0,False
2026-09-12,other,67,24pd Medium Gun,Cannon,92,Saint-Marc,204,0.05,49,689.0,False
2026-09-12,other,67,24pd Medium Gun,Cannon,94,Saint-Nicolas,204,0.05,49,1219.0,False
2026-09-12,other,67,24pd Medium Gun,Cannon,256,Salamanca,204,0.05,49,2962.0,False
2026-09-12,other,67,24pd Medium Gun,Cannon,82,Sale-Trou,204,0.05,49,1125.0,False
2026-09-12,other,67,24pd Medium Gun,Cannon,104,Samaná,204,0.05,49,7044.0,False
2026-09-12,other,67,24pd Medium Gun,Cannon,326,San Agustín,204,0.05,49,834.0,False
2026-09-12,other,67,24pd Medium Gun,Cannon,236,San Andrés,204,0.05,49,351.0,False
2026-09-12,other,67,24pd Medium Gun,Cannon,303,San José,204,0.05,49,3480.0,False
2026-09-12,other,67,24pd Medium Gun,Cannon,115,San Juan,204,0.05,49,7789.0,False
2026-09-12,other,67,24pd Medium Gun,Cannon,228,San Juan del Norte,204,0.05,49,476.0,False
2026-09-12,other,67,24pd Medium Gun,Cannon,62,San Lazaro,204,0.05,49,682.0,False
2026-09-12,other,67,24pd Medium Gun,Cannon,56,Santa Cruz,204,0.05,49,5389.0,False
2026-09-12,other,67,24pd Medium Gun,Cannon,210,Santa Marta,204,0.05,49,4506.0,False
2026-09-12,other,67,24pd Medium Gun,Cannon,57,Santa María,204,0.05,49,5158.0,False
2026-09-12,other,67,24pd Medium Gun,Cannon,348,Santanillas,204,0.05,49,478.0,False
2026-09-12,other,67,24pd Medium Gun,Cannon,108,Santo Domingo,204,0.05,49,66229.0,False
2026-09-12,other,67,24pd Medium Gun,Cannon,176,Santo Tomé de Guayana,204,0.05,49,13962.0,False
2026-09-12,other,67,24pd Medium Gun,Cannon,81,Savanna la Mar,204,0.05,49,4.0,False
2026-09-12,other,67,24pd Medium Gun,Cannon,331,Savannah,204,0.05,49,1435.0,False
2026-09-12,other,67,24pd Medium Gun,Cannon,165,Scarborough,204,0.05,49,29.0,False
2026-09-12,other,67,24pd Medium Gun,Cannon,266,Selam,204,0.05,49,1532.0,False
2026-09-12,other,67,24pd Medium Gun,Cannon,71,Siguanea,204,0.05,49,89.0,False
2026-09-12,other,67,24pd Medium Gun,Cannon,268,Sisal,204,0.05,49,26825.0,False
2026-09-12,other,67,24pd Medium Gun,Cannon,127,Spanish Town,204,0.05,49,631.0,False
2026-09-12,other,67,24pd Medium Gun,Cannon,309,Tampa,204,0.05,49,4031.0,False
2026-09-12,other,67,24pd Medium Gun,Cannon,263,Tantun Cuzamil,204,0.05,49,3108.0,False
2026-09-12,other,67,24pd Medium Gun,Cannon,213,Tolú,204,0.05,49,266.0,False
2026-09-12,other,67,24pd Medium Gun,Cannon,59,Trinidad,204,0.05,49,5074.0,False
2026-09-12,other,67,24pd Medium Gun,Cannon,244,Truxillo,204,0.05,49,4324.0,False
2026-09-12,other,67,24pd Medium Gun,Cannon,254,Turneffe,204,0.05,49,3969.0,False
2026-09-12,other,67,24pd Medium Gun,Cannon,276,Vera Cruz,204,0.05,49,21273.0,False
2026-09-12,other,67,24pd Medium Gun,Cannon,273,Victoria,204,0.05,49,5950.0,False
2026-09-12,other,67,24pd Medium Gun,Cannon,159,Vieux-Fort,204,0.05,49,2620.0,False
2026-09-12,other,67,24pd Medium Gun,Cannon,3,Walker's Cay,204,0.05,49,10.0,False
2026-09-12,other,67,24pd Medium Gun,Cannon,174,Willemstad,204,0.05,49,11114.0,False
2026-09-12,other,67,24pd Medium Gun,Cannon,364,William's Bay,204,0.05,49,178.0,False
2026-09-12,other,67,24pd Medium Gun,Cannon,335,Wilmington,204,0.05,49,374.0,False
2026-09-12,other,67,24pd Medium Gun,Cannon,262,Xpu Ha,204,0.05,49,9020.0,False
2026-09-12,other,67,24pd Medium Gun,Cannon,181,Yaguaraparo,204,0.05,49,10.0,False
2026-09-12,other,1583,2pd Standard Gun,Cannon,113,Aguadilla,85,0.05,20,10000.0,False
2026-09-12,other,1583,2pd Standard Gun,Cannon,225,Almirante,85,0.05,20,10004.0,False
2026-09-12,other,1583,2pd Standard Gun,Cannon,123,Amalienborg,85,0.05,20,10000.0,False
2026-09-12,other,1583,2pd Standard Gun,Cannon,17,Arthur's Town,85,0.05,20,10000.0,False
2026-09-12,other,1583,2pd Standard Gun,Cannon,150,Aves,85,0.05,20,10000.0,False
2026-09-12,other,1583,2pd Standard Gun,Cannon,321,Ays,85,0.05,20,10000.0,False
2026-09-12,other,1583,2pd Standard Gun,Cannon,103,Bahía Escocesa,85,0.05,20,10071.0,False
2026-09-12,other,1583,2pd Standard Gun,Cannon,35,Baja,85,0.05,20,10016.0,False
2026-09-12,other,1583,2pd Standard Gun,Cannon,50,Baracoa,85,0.05,20,10011.0,False
2026-09-12,other,1583,2pd Standard Gun,Cannon,111,Barahona,85,0.05,20,10000.0,False
2026-09-12,other,1583,2pd Standard Gun,Cannon,146,Basse-Terre,85,0.05,20,10000.0,False
2026-09-12,other,1583,2pd Standard Gun,Cannon,137,Basseterre Town,85,0.05,20,10024.0,False
2026-09-12,other,1583,2pd Standard Gun,Cannon,253,Belize,85,0.05,20,10000.0,False
2026-09-12,other,1583,2pd Standard Gun,Cannon,257,Bensalem,85,0.05,20,10000.0,False
2026-09-12,other,1583,2pd Standard Gun,Cannon,10,Bimini,85,0.05,20,10000.0,False
2026-09-12,other,1583,2pd Standard Gun,Cannon,243,Black River,85,0.05,20,10016.0,False
2026-09-12,other,1583,2pd Standard Gun,Cannon,230,Bluefields,85,0.05,20,10030.0,False
2026-09-12,other,1583,2pd Standard Gun,Cannon,245,Bonacca,85,0.05,20,10028.0,False
2026-09-12,other,1583,2pd Standard Gun,Cannon,350,Bone Cay,85,0.05,20,10016.0,False
2026-09-12,other,1583,2pd Standard Gun,Cannon,237,Brangman's Bluff,85,0.05,20,10000.0,False
2026-09-12,other,1583,2pd Standard Gun,Cannon,161,Bridgetown,85,0.05,20,10032.0,False
2026-09-12,other,1583,2pd Standard Gun,Cannon,329,Brunswick,85,0.05,20,10032.0,False
2026-09-12,other,1583,2pd Standard Gun,Cannon,318,Cabo Cañaveral,85,0.05,20,10004.0,False
2026-09-12,other,1583,2pd Standard Gun,Cannon,208,Cabo de la Vela,85,0.05,20,10024.0,False
2026-09-12,other,1583,2pd Standard Gun,Cannon,222,Calobelo,85,0.05,20,10016.0,False
2026-09-12,other,1583,2pd Standard Gun,Cannon,149,Camp du Roy,85,0.05,20,10020.0,False
2026-09-12,other,1583,2pd Standard Gun,Cannon,269,Campeche,85,0.05,20,10096.0,False
2026-09-12,other,1583,2pd Standard Gun,Cannon,216,Canalete,85,0.05,20,10000.0,False
2026-09-12,other,1583,2pd Standard Gun,Cannon,97,Cap-Français,85,0.05,20,10016.0,False
2026-09-12,other,1583,2pd Standard Gun,Cannon,193,Caracas,85,0.05,20,10000.0,False
2026-09-12,other,1583,2pd Standard Gun,Cannon,212,Cartagena de Indias,85,0.05,20,10000.0,False
2026-09-12,other,1583,2pd Standard Gun,Cannon,198,Casigua,85,0.05,20,10016.0,False
2026-09-12,other,1583,2pd Standard Gun,Cannon,74,Cayman Brac,85,0.05,20,10000.0,False
2026-09-12,other,1583,2pd Standard Gun,Cannon,323,Cayo Biscayno,85,0.05,20,10016.0,False
2026-09-12,other,1583,2pd Standard Gun,Cannon,44,Cayo Romano,85,0.05,20,10000.0,False
2026-09-12,other,1583,2pd Standard Gun,Cannon,177,Caño Araguao,85,0.05,20,10000.0,False
2026-09-12,other,1583,2pd Standard Gun,Cannon,270,Champotón,85,0.05,20,10000.0,False
2026-09-12,other,1583,2pd Standard Gun,Cannon,333,Charleston,85,0.05,20,10016.0,False
2026-09-12,other,1583,2pd Standard Gun,Cannon,258,Chinchorro,85,0.05,20,10000.0,False
2026-09-12,other,1583,2pd Standard Gun,Cannon,129,Christiansted,85,0.05,20,10000.0,False
2026-09-12,other,1583,2pd Standard Gun,Cannon,134,Codrington,85,0.05,20,10000.0,False
2026-09-12,other,1583,2pd Standard Gun,Cannon,223,Concepción,85,0.05,20,10000.0,False
2026-09-12,other,1583,2pd Standard Gun,Cannon,259,Congrios,85,0.05,20,10000.0,False
2026-09-12,other,1583,2pd Standard Gun,Cannon,264,Conil,85,0.05,20,10000.0,False
2026-09-12,other,1583,2pd Standard Gun,Cannon,207,Coquibacoa,85,0.05,20,10012.0,False
2026-09-12,other,1583,2pd Standard Gun,Cannon,196,Coro,85,0.05,20,10000.0,False
2026-09-12,other,1583,2pd Standard Gun,Cannon,66,Corrientes,85,0.05,20,10000.0,False
2026-09-12,other,1583,2pd Standard Gun,Cannon,241,Croata,85,0.05,20,10000.0,False
2026-09-12,other,1583,2pd Standard Gun,Cannon,361,Crown Haven,85,0.05,20,10004.0,False
2026-09-12,other,1583,2pd Standard Gun,Cannon,189,Cumaná,85,0.05,20,10000.0,False
2026-09-12,other,1583,2pd Standard Gun,Cannon,214,Dariena,85,0.05,20,10041.0,False
2026-09-12,other,1583,2pd Standard Gun,Cannon,20,Deadman's Cay,85,0.05,20,10000.0,False
2026-09-12,other,1583,2pd Standard Gun,Cannon,274,Espíritu Santo,85,0.05,20,10012.0,False
2026-09-12,other,1583,2pd Standard Gun,Cannon,116,Fajardo,85,0.05,20,10047.0,False
2026-09-12,other,1583,2pd Standard Gun,Cannon,135,Fort Baai,85,0.05,20,10000.0,False
2026-09-12,other,1583,2pd Standard Gun,Cannon,173,Fort Oranje,85,0.05,20,10004.0,False
2026-09-12,other,1583,2pd Standard Gun,Cannon,175,Fort Zoutman,85,0.05,20,10000.0,False
2026-09-12,other,1583,2pd Standard Gun,Cannon,156,Fort-Royal,85,0.05,20,10000.0,False
2026-09-12,other,1583,2pd Standard Gun,Cannon,183,Galdonas,85,0.05,20,10190.0,False
2026-09-12,other,1583,2pd Standard Gun,Cannon,311,Gasparilla,85,0.05,20,10066.0,False
2026-09-12,other,1583,2pd Standard Gun,Cannon,72,George Town,85,0.05,20,10032.0,False
2026-09-12,other,1583,2pd Standard Gun,Cannon,18,George's Town,85,0.05,20,10000.0,False
2026-09-12,other,1583,2pd Standard Gun,Cannon,334,Georgetown,85,0.05,20,10163.0,False
2026-09-12,other,1583,2pd Standard Gun,Cannon,201,Gibraltar,85,0.05,20,10004.0,False
2026-09-12,other,1583,2pd Standard Gun,Cannon,16,Governor's Harbour,85,0.05,20,10001.0,False
2026-09-12,other,1583,2pd Standard Gun,Cannon,240,Gracias a Dios,85,0.05,20,10048.0,False
2026-09-12,other,1583,2pd Standard Gun,Cannon,33,Grand Turk,85,0.05,20,10012.0,False
2026-09-12,other,1583,2pd Standard Gun,Cannon,231,Great Corn,85,0.05,20,10000.0,False
2026-09-12,other,1583,2pd Standard Gun,Cannon,233,Great River,85,0.05,20,10000.0,False
2026-09-12,other,1583,2pd Standard Gun,Cannon,374,Guacata,85,0.05,20,10016.0,False
2026-09-12,other,1583,2pd Standard Gun,Cannon,179,Guayaguayare,85,0.05,20,10000.0,False
2026-09-12,other,1583,2pd Standard Gun,Cannon,117,Guayama,85,0.05,20,10040.0,False
2026-09-12,other,1583,2pd Standard Gun,Cannon,133,Gustavia,85,0.05,20,10012.0,False
2026-09-12,other,1583,2pd Standard Gun,Cannon,119,Guánica,85,0.05,20,10016.0,False
2026-09-12,other,1583,2pd Standard Gun,Cannon,15,Harbour Island,85,0.05,20,10012.0,False
2026-09-12,other,1583,2pd Standard Gun,Cannon,130,Hat Island,85,0.05,20,10000.0,False
2026-09-12,other,1583,2pd Standard Gun,Cannon,106,Higüey,85,0.05,20,10000.0,False
2026-09-12,other,1583,2pd Standard Gun,Cannon,316,Islamorada,85,0.05,20,10000.0,False
2026-09-12,other,1583,2pd Standard Gun,Cannon,370,Island Harbour,85,0.05,20,10000.0,False
2026-09-12,other,1583,2pd Standard Gun,Cannon,83,Jacmel,85,0.05,20,10000.0,False
2026-09-12,other,1583,2pd Standard Gun,Cannon,88,Jérémie,85,0.05,20,10000.0,False
2026-09-12,other,1583,2pd Standard Gun,Cannon,313,Key West,85,0.05,20,10000.0,False
2026-09-12,other,1583,2pd Standard Gun,Cannon,357,Kidd's Harbour,85,0.05,20,10000.0,False
2026-09-12,other,1583,2pd Standard Gun,Cannon,79,Kingston / Port Royal,85,0.05,20,10000.0,False
2026-09-12,other,1583,2pd Standard Gun,Cannon,162,Kingstown,85,0.05,20,10000.0,False
2026-09-12,other,1583,2pd Standard Gun,Cannon,42,La Anguila,85,0.05,20,10016.0,False
2026-09-12,other,1583,2pd Standard Gun,Cannon,170,La Blanquilla,85,0.05,20,10004.0,False
2026-09-12,other,1583,2pd Standard Gun,Cannon,363,La Desconocida,85,0.05,20,10004.0,False
2026-09-12,other,1583,2pd Standard Gun,Cannon,38,La Habana,85,0.05,20,10016.0,False
2026-09-12,other,1583,2pd Standard Gun,Cannon,100,La Isabela,85,0.05,20,10006.0,False
2026-09-12,other,1583,2pd Standard Gun,Cannon,112,La Mona,85,0.05,20,10000.0,False
2026-09-12,other,1583,2pd Standard Gun,Cannon,85,La Navasse,85,0.05,20,10000.0,False
2026-09-12,other,1583,2pd Standard Gun,Cannon,171,La Orchilla,85,0.05,20,10004.0,False
2026-09-12,other,1583,2pd Standard Gun,Cannon,96,La Tortue,85,0.05,20,10001.0,False
2026-09-12,other,1583,2pd Standard Gun,Cannon,187,La Tortuga,85,0.05,20,10000.0,False
2026-09-12,other,1583,2pd Standard Gun,Cannon,154,La Trinité,85,0.05,20,10000.0,False
2026-09-12,other,1583,2pd Standard Gun,Cannon,172,Las Aves,85,0.05,20,10000.0,False
2026-09-12,other,1583,2pd Standard Gun,Cannon,307,Las Sabinas,85,0.05,20,10004.0,False
2026-09-12,other,1583,2pd Standard Gun,Cannon,314,Las Tortugas,85,0.05,20,10000.0,False
2026-09-12,other,1583,2pd Standard Gun,Cannon,86,Les Cayes,85,0.05,20,10000.0,False
2026-09-12,other,1583,2pd Standard Gun,Cannon,8,Little Harbour,85,0.05,20,10000.0,False
2026-09-12,other,1583,2pd Standard Gun,Cannon,29,Little Inagua,85,0.05,20,10000.0,False
2026-09-12,other,1583,2pd Standard Gun,Cannon,362,Little Isaac Rocks,85,0.05,20,10000.0,False
2026-09-12,other,1583,2pd Standard Gun,Cannon,90,Léogane,85,0.05,20,10000.0,False
2026-09-12,other,1583,2pd Standard Gun,Cannon,105,Macao,85,0.05,20,10016.0,False
2026-09-12,other,1583,2pd Standard Gun,Cannon,358,Mangrove Cay,85,0.05,20,10004.0,False
2026-09-12,other,1583,2pd Standard Gun,Cannon,55,Manzanillo,85,0.05,20,10000.0,False
2026-09-12,other,1583,2pd Standard Gun,Cannon,204,Maracaibo,85,0.05,20,10000.0,False
2026-09-12,other,1583,2pd Standard Gun,Cannon,131,Marigot,85,0.05,20,10000.0,False
2026-09-12,other,1583,2pd Standard Gun,Cannon,9,Marsh Harbour,85,0.05,20,10007.0,False
2026-09-12,other,1583,2pd Standard Gun,Cannon,39,Matanzas,85,0.05,20,10032.0,False
2026-09-12,other,1583,2pd Standard Gun,Cannon,227,Matina,85,0.05,20,10000.0,False
2026-09-12,other,1583,2pd Standard Gun,Cannon,26,Mayaguana,85,0.05,20,10000.0,False
2026-09-12,other,1583,2pd Standard Gun,Cannon,11,Mimbres,85,0.05,20,10016.0,False
2026-09-12,other,1583,2pd Standard Gun,Cannon,197,Mitara,85,0.05,20,10004.0,False
2026-09-12,other,1583,2pd Standard Gun,Cannon,12,Morgan's Bluff,85,0.05,20,10000.0,False
2026-09-12,other,1583,2pd Standard Gun,Cannon,27,Mortimer Town,85,0.05,20,10000.0,False
2026-09-12,other,1583,2pd Standard Gun,Cannon,14,Nassau,85,0.05,20,10000.0,False
2026-09-12,other,1583,2pd Standard Gun,Cannon,297,Nouvelle-Orléans,85,0.05,20,10000.0,False
2026-09-12,other,1583,2pd Standard Gun,Cannon,46,Nuevitas,85,0.05,20,10072.0,False
2026-09-12,other,1583,2pd Standard Gun,Cannon,235,Old Providence,85,0.05,20,10040.0,False
2026-09-12,other,1583,2pd Standard Gun,Cannon,250,Omoa,85,0.05,20,10000.0,False
2026-09-12,other,1583,2pd Standard Gun,Cannon,136,Oranjestad,85,0.05,20,10048.0,False
2026-09-12,other,1583,2pd Standard Gun,Cannon,185,Pampatar,85,0.05,20,10000.0,False
2026-09-12,other,1583,2pd Standard Gun,Cannon,30,Parrot Cay,85,0.05,20,10008.0,False
2026-09-12,other,1583,2pd Standard Gun,Cannon,180,Pedernales,85,0.05,20,10000.0,False
2026-09-12,other,1583,2pd Standard Gun,Cannon,352,Pedro Cay,85,0.05,20,10000.0,False
2026-09-12,other,1583,2pd Standard Gun,Cannon,301,Penzacola,85,0.05,20,10045.0,False
2026-09-12,other,1583,2pd Standard Gun,Cannon,203,Perijá,85,0.05,20,10000.0,False
2026-09-12,other,1583,2pd Standard Gun,Cannon,65,Pinar del Río,85,0.05,20,10012.0,False
2026-09-12,other,1583,2pd Standard Gun,Cannon,252,Placentia,85,0.05,20,10000.0,False
2026-09-12,other,1583,2pd Standard Gun,Cannon,218,Playón,85,0.05,20,10000.0,False
2026-09-12,other,1583,2pd Standard Gun,Cannon,369,Plymouth,85,0.05,20,10004.0,False
2026-09-12,other,1583,2pd Standard Gun,Cannon,145,Pointe-à-Pitre,85,0.05,20,10000.0,False
2026-09-12,other,1583,2pd Standard Gun,Cannon,77,Port Antonio,85,0.05,20,10004.0,False
2026-09-12,other,1583,2pd Standard Gun,Cannon,91,Port-au-Prince,85,0.05,20,10000.0,False
2026-09-12,other,1583,2pd Standard Gun,Cannon,95,Port-de-Paix,85,0.05,20,10000.0,False
2026-09-12,other,1583,2pd Standard Gun,Cannon,54,Portillo,85,0.05,20,10000.0,False
2026-09-12,other,1583,2pd Standard Gun,Cannon,220,Portobelo,85,0.05,20,10000.0,False
2026-09-12,other,1583,2pd Standard Gun,Cannon,194,Puerto Cabello,85,0.05,20,10000.0,False
2026-09-12,other,1583,2pd Standard Gun,Cannon,169,Puerto de España,85,0.05,20,10000.0,False
2026-09-12,other,1583,2pd Standard Gun,Cannon,49,Puerto de Nipe,85,0.05,20,10036.0,False
2026-09-12,other,1583,2pd Standard Gun,Cannon,51,Puerto Escondido,85,0.05,20,10000.0,False
2026-09-12,other,1583,2pd Standard Gun,Cannon,101,Puerto Plata,85,0.05,20,10010.0,False
2026-09-12,other,1583,2pd Standard Gun,Cannon,271,Puerto Real,85,0.05,20,10032.0,False
2026-09-12,other,1583,2pd Standard Gun,Cannon,191,Píritu,85,0.05,20,10022.0,False
2026-09-12,other,1583,2pd Standard Gun,Cannon,21,Ragged Cay,85,0.05,20,10000.0,False
2026-09-12,other,1583,2pd Standard Gun,Cannon,43,Remedios,85,0.05,20,10044.0,False
2026-09-12,other,1583,2pd Standard Gun,Cannon,5,Road Rocks,85,0.05,20,10000.0,False
2026-09-12,other,1583,2pd Standard Gun,Cannon,152,Roseau,85,0.05,20,10004.0,False
2026-09-12,other,1583,2pd Standard Gun,Cannon,246,Ruatan,85,0.05,20,10040.0,False
2026-09-12,other,1583,2pd Standard Gun,Cannon,192,Río Chico,85,0.05,20,10000.0,False
2026-09-12,other,1583,2pd Standard Gun,Cannon,209,Río de la Hacha,85,0.05,20,10000.0,False
2026-09-12,other,1583,2pd Standard Gun,Cannon,164,Saint George,85,0.05,20,10008.0,False
2026-09-12,other,1583,2pd Standard Gun,Cannon,355,Saint George's Town,85,0.05,20,10079.0,False
2026-09-12,other,1583,2pd Standard Gun,Cannon,140,Saint John's,85,0.05,20,10000.0,False
2026-09-12,other,1583,2pd Standard Gun,Cannon,296,Saint-Malo,85,0.05,20,10000.0,False
2026-09-12,other,1583,2pd Standard Gun,Cannon,92,Saint-Marc,85,0.05,20,10000.0,False
2026-09-12,other,1583,2pd Standard Gun,Cannon,94,Saint-Nicolas,85,0.05,20,10182.0,False
2026-09-12,other,1583,2pd Standard Gun,Cannon,256,Salamanca,85,0.05,20,10020.0,False
2026-09-12,other,1583,2pd Standard Gun,Cannon,82,Sale-Trou,85,0.05,20,10012.0,False
2026-09-12,other,1583,2pd Standard Gun,Cannon,104,Samaná,85,0.05,20,10000.0,False
2026-09-12,other,1583,2pd Standard Gun,Cannon,326,San Agustín,85,0.05,20,10087.0,False
2026-09-12,other,1583,2pd Standard Gun,Cannon,236,San Andrés,85,0.05,20,10032.0,False
2026-09-12,other,1583,2pd Standard Gun,Cannon,303,San José,85,0.05,20,10000.0,False
2026-09-12,other,1583,2pd Standard Gun,Cannon,115,San Juan,85,0.05,20,10012.0,False
2026-09-12,other,1583,2pd Standard Gun,Cannon,228,San Juan del Norte,85,0.05,20,10000.0,False
2026-09-12,other,1583,2pd Standard Gun,Cannon,62,San Lazaro,85,0.05,20,10000.0,False
2026-09-12,other,1583,2pd Standard Gun,Cannon,305,San Marcos,85,0.05,20,10057.0,False
2026-09-12,other,1583,2pd Standard Gun,Cannon,56,Santa Cruz,85,0.05,20,10008.0,False
2026-09-12,other,1583,2pd Standard Gun,Cannon,68,Santa Fe,85,0.05,20,10020.0,False
2026-09-12,other,1583,2pd Standard Gun,Cannon,210,Santa Marta,85,0.05,20,10000.0,False
2026-09-12,other,1583,2pd Standard Gun,Cannon,57,Santa María,85,0.05,20,10012.0,False
2026-09-12,other,1583,2pd Standard Gun,Cannon,348,Santanillas,85,0.05,20,10004.0,False
2026-09-12,other,1583,2pd Standard Gun,Cannon,52,Santiago de Cuba,85,0.05,20,10000.0,False
2026-09-12,other,1583,2pd Standard Gun,Cannon,108,Santo Domingo,85,0.05,20,10032.0,False
2026-09-12,other,1583,2pd Standard Gun,Cannon,176,Santo Tomé de Guayana,85,0.05,20,10000.0,False
2026-09-12,other,1583,2pd Standard Gun,Cannon,81,Savanna la Mar,85,0.05,20,10000.0,False
2026-09-12,other,1583,2pd Standard Gun,Cannon,331,Savannah,85,0.05,20,10000.0,False
2026-09-12,other,1583,2pd Standard Gun,Cannon,165,Scarborough,85,0.05,20,10008.0,False
2026-09-12,other,1583,2pd Standard Gun,Cannon,266,Selam,85,0.05,20,10004.0,False
2026-09-12,other,1583,2pd Standard Gun,Cannon,349,Serrana,85,0.05,20,10000.0,False
2026-09-12,other,1583,2pd Standard Gun,Cannon,366,Shroud Cay,85,0.05,20,10011.0,False
2026-09-12,other,1583,2pd Standard Gun,Cannon,71,Siguanea,85,0.05,20,10000.0,False
2026-09-12,other,1583,2pd Standard Gun,Cannon,268,Sisal,85,0.05,20,10024.0,False
2026-09-12,other,1583,2pd Standard Gun,Cannon,127,Spanish Town,85,0.05,20,10000.0,False
2026-09-12,other,1583,2pd Standard Gun,Cannon,309,Tampa,85,0.05,20,10024.0,False
2026-09-12,other,1583,2pd Standard Gun,Cannon,263,Tantun Cuzamil,85,0.05,20,10024.0,False
2026-09-12,other,1583,2pd Standard Gun,Cannon,213,Tolú,85,0.05,20,10000.0,False
2026-09-12,other,1583,2pd Standard Gun,Cannon,59,Trinidad,85,0.05,20,10000.0,False
2026-09-12,other,1583,2pd Standard Gun,Cannon,244,Truxillo,85,0.05,20,10004.0,False
2026-09-12,other,1583,2pd Standard Gun,Cannon,343,Tumbado,85,0.05,20,10012.0,False
2026-09-12,other,1583,2pd Standard Gun,Cannon,254,Turneffe,85,0.05,20,10000.0,False
2026-09-12,other,1583,2pd Standard Gun,Cannon,6,Turtle Cay,85,0.05,20,10000.0,False
2026-09-12,other,1583,2pd Standard Gun,Cannon,276,Vera Cruz,85,0.05,20,10000.0,False
2026-09-12,other,1583,2pd Standard Gun,Cannon,273,Victoria,85,0.05,20,10000.0,False
2026-09-12,other,1583,2pd Standard Gun,Cannon,159,Vieux-Fort,85,0.05,20,10000.0,False
2026-09-12,other,1583,2pd Standard Gun,Cannon,3,Walker's Cay,85,0.05,20,10008.0,False
2026-09-12,other,1583,2pd Standard Gun,Cannon,360,Water Bay,85,0.05,20,10001.0,False
2026-09-12,other,1583,2pd Standard Gun,Cannon,22,Watlings,85,0.05,20,10012.0,False
2026-09-12,other,1583,2pd Standard Gun,Cannon,4,West End,85,0.05,20,10000.0,False
2026-09-12,other,1583,2pd Standard Gun,Cannon,174,Willemstad,85,0.05,20,10000.0,False
2026-09-12,other,1583,2pd Standard Gun,Cannon,364,William's Bay,85,0.05,20,10016.0,False
2026-09-12,other,1583,2pd Standard Gun,Cannon,335,Wilmington,85,0.05,20,10000.0,False
2026-09-12,other,1583,2pd Standard Gun,Cannon,262,Xpu Ha,85,0.05,20,10012.0,False
2026-09-12,other,1583,2pd Standard Gun,Cannon,181,Yaguaraparo,85,0.05,20,10000.0,False
2026-09-12,other,53,32pd Carronade,Cannon,225,Almirante,181,0.05,43,4.0,False
2026-09-12,other,53,32pd Carronade,Cannon,137,Basseterre Town,181,0.05,43,12.0,False
2026-09-12,other,53,32pd Carronade,Cannon,243,Black River,181,0.05,43,36.0,False
2026-09-12,other,53,32pd Carronade,Cannon,230,Bluefields,181,0.05,43,29.0,False
2026-09-12,other,53,32pd Carronade,Cannon,245,Bonacca,181,0.05,43,438.0,False
2026-09-12,other,53,32pd Carronade,Cannon,222,Calobelo,181,0.05,43,14.0,False
2026-09-12,other,53,32pd Carronade,Cannon,269,Campeche,181,0.05,43,5636.0,False
2026-09-12,other,53,32pd Carronade,Cannon,223,Concepción,181,0.05,43,6.0,False
2026-09-12,other,53,32pd Carronade,Cannon,189,Cumaná,181,0.05,43,1008.0,False
2026-09-12,other,53,32pd Carronade,Cannon,173,Fort Oranje,181,0.05,43,14.0,False
2026-09-12,other,53,32pd Carronade,Cannon,156,Fort-Royal,181,0.05,43,2.0,False
2026-09-12,other,53,32pd Carronade,Cannon,72,George Town,181,0.05,43,15.0,False
2026-09-12,other,53,32pd Carronade,Cannon,240,Gracias a Dios,181,0.05,43,55.0,False
2026-09-12,other,53,32pd Carronade,Cannon,231,Great Corn,181,0.05,43,36.0,False
2026-09-12,other,53,32pd Carronade,Cannon,233,Great River,181,0.05,43,4.0,False
2026-09-12,other,53,32pd Carronade,Cannon,85,La Navasse,181,0.05,43,4.0,False
2026-09-12,other,53,32pd Carronade,Cannon,204,Maracaibo,181,0.05,43,2.0,False
2026-09-12,other,53,32pd Carronade,Cannon,227,Matina,181,0.05,43,676.0,False
2026-09-12,other,53,32pd Carronade,Cannon,297,Nouvelle-Orléans,181,0.05,43,272.0,False
2026-09-12,other,53,32pd Carronade,Cannon,91,Port-au-Prince,181,0.05,43,3.0,False
2026-09-12,other,53,32pd Carronade,Cannon,220,Portobelo,181,0.05,43,26.0,False
2026-09-12,other,53,32pd Carronade,Cannon,271,Puerto Real,181,0.05,43,326.0,False
2026-09-12,other,53,32pd Carronade,Cannon,43,Remedios,181,0.05,43,20.0,False
2026-09-12,other,53,32pd Carronade,Cannon,104,Samaná,181,0.05,43,12.0,False
2026-09-12,other,53,32pd Carronade,Cannon,236,San Andrés,181,0.05,43,52.0,False
2026-09-12,other,53,32pd Carronade,Cannon,115,San Juan,181,0.05,43,1.0,False
2026-09-12,other,53,32pd Carronade,Cannon,56,Santa Cruz,181,0.05,43,2.0,False
2026-09-12,other,53,32pd Carronade,Cannon,68,Santa Fe,181,0.05,43,52.0,False
2026-09-12,other,53,32pd Carronade,Cannon,348,Santanillas,181,0.05,43,28.0,False
2026-09-12,other,53,32pd Carronade,Cannon,331,Savannah,181,0.05,43,10.0,False
2026-09-12,other,53,32pd Carronade,Cannon,349,Serrana,181,0.05,43,58.0,False
2026-09-12,other,53,32pd Carronade,Cannon,71,Siguanea,181,0.05,43,8.0,False
2026-09-12,other,53,32pd Carronade,Cannon,59,Trinidad,181,0.05,43,17.0,False
2026-09-12,other,53,32pd Carronade,Cannon,335,Wilmington,181,0.05,43,42.0,False
2026-09-12,other,60,32pd Long Gun,Cannon,74,Cayman Brac,288,0.05,69,1.0,False
2026-09-12,other,60,32pd Long Gun,Cannon,311,Gasparilla,288,0.05,69,26.0,False
2026-09-12,other,60,32pd Long Gun,Cannon,79,Kingston / Port Royal,288,0.05,69,1.0,False
2026-09-12,other,60,32pd Long Gun,Cannon,85,La Navasse,288,0.05,69,32.0,False
2026-09-12,other,60,32pd Long Gun,Cannon,297,Nouvelle-Orléans,288,0.05,69,190.0,False
2026-09-12,other,60,32pd Long Gun,Cannon,228,San Juan del Norte,288,0.05,69,17.0,False
2026-09-12,other,60,32pd Long Gun,Cannon,57,Santa María,288,0.05,69,1.0,False
2026-09-12,other,68,32pd Medium Gun,Cannon,113,Aguadilla,225,0.05,53,18176.0,False
2026-09-12,other,68,32pd Medium Gun,Cannon,225,Almirante,225,0.05,53,87.0,False
2026-09-12,other,68,32pd Medium Gun,Cannon,123,Amalienborg,225,0.05,53,4369.0,False
2026-09-12,other,68,32pd Medium Gun,Cannon,150,Aves,225,0.05,53,15196.0,False
2026-09-12,other,68,32pd Medium Gun,Cannon,321,Ays,225,0.05,53,10.0,False
2026-09-12,other,68,32pd Medium Gun,Cannon,103,Bahía Escocesa,225,0.05,53,16661.0,False
2026-09-12,other,68,32pd Medium Gun,Cannon,35,Baja,225,0.05,53,2.0,False
2026-09-12,other,68,32pd Medium Gun,Cannon,50,Baracoa,225,0.05,53,1331.0,False
2026-09-12,other,68,32pd Medium Gun,Cannon,111,Barahona,225,0.05,53,166.0,False
2026-09-12,other,68,32pd Medium Gun,Cannon,146,Basse-Terre,225,0.05,53,11122.0,False
2026-09-12,other,68,32pd Medium Gun,Cannon,137,Basseterre Town,225,0.05,53,837.0,False
2026-09-12,other,68,32pd Medium Gun,Cannon,253,Belize,225,0.05,53,14182.0,False
2026-09-12,other,68,32pd Medium Gun,Cannon,257,Bensalem,225,0.05,53,7683.0,False
2026-09-12,other,68,32pd Medium Gun,Cannon,243,Black River,225,0.05,53,77.0,False
2026-09-12,other,68,32pd Medium Gun,Cannon,230,Bluefields,225,0.05,53,9970.0,False
2026-09-12,other,68,32pd Medium Gun,Cannon,245,Bonacca,225,0.05,53,2557.0,False
2026-09-12,other,68,32pd Medium Gun,Cannon,237,Brangman's Bluff,225,0.05,53,8.0,False
2026-09-12,other,68,32pd Medium Gun,Cannon,161,Bridgetown,225,0.05,53,748.0,False
2026-09-12,other,68,32pd Medium Gun,Cannon,329,Brunswick,225,0.05,53,208.0,False
2026-09-12,other,68,32pd Medium Gun,Cannon,208,Cabo de la Vela,225,0.05,53,158.0,False
2026-09-12,other,68,32pd Medium Gun,Cannon,222,Calobelo,225,0.05,53,154.0,False
2026-09-12,other,68,32pd Medium Gun,Cannon,149,Camp du Roy,225,0.05,53,224.0,False
2026-09-12,other,68,32pd Medium Gun,Cannon,269,Campeche,225,0.05,53,9505.0,False
2026-09-12,other,68,32pd Medium Gun,Cannon,216,Canalete,225,0.05,53,270.0,False
2026-09-12,other,68,32pd Medium Gun,Cannon,97,Cap-Français,225,0.05,53,3.0,False
2026-09-12,other,68,32pd Medium Gun,Cannon,193,Caracas,225,0.05,53,2286.0,False
2026-09-12,other,68,32pd Medium Gun,Cannon,212,Cartagena de Indias,225,0.05,53,3670.0,False
2026-09-12,other,68,32pd Medium Gun,Cannon,198,Casigua,225,0.05,53,6.0,False
2026-09-12,other,68,32pd Medium Gun,Cannon,74,Cayman Brac,225,0.05,53,206.0,False
2026-09-12,other,68,32pd Medium Gun,Cannon,323,Cayo Biscayno,225,0.05,53,157.0,False
2026-09-12,other,68,32pd Medium Gun,Cannon,44,Cayo Romano,225,0.05,53,24.0,False
2026-09-12,other,68,32pd Medium Gun,Cannon,177,Caño Araguao,225,0.05,53,235.0,False
2026-09-12,other,68,32pd Medium Gun,Cannon,270,Champotón,225,0.05,53,1322.0,False
2026-09-12,other,68,32pd Medium Gun,Cannon,333,Charleston,225,0.05,53,7430.0,False
2026-09-12,other,68,32pd Medium Gun,Cannon,258,Chinchorro,225,0.05,53,114.0,False
2026-09-12,other,68,32pd Medium Gun,Cannon,129,Christiansted,225,0.05,53,8411.0,False
2026-09-12,other,68,32pd Medium Gun,Cannon,134,Codrington,225,0.05,53,417.0,False
2026-09-12,other,68,32pd Medium Gun,Cannon,223,Concepción,225,0.05,53,28.0,False
2026-09-12,other,68,32pd Medium Gun,Cannon,259,Congrios,225,0.05,53,3966.0,False
2026-09-12,other,68,32pd Medium Gun,Cannon,264,Conil,225,0.05,53,480.0,False
2026-09-12,other,68,32pd Medium Gun,Cannon,207,Coquibacoa,225,0.05,53,723.0,False
2026-09-12,other,68,32pd Medium Gun,Cannon,66,Corrientes,225,0.05,53,30.0,False
2026-09-12,other,68,32pd Medium Gun,Cannon,361,Crown Haven,225,0.05,53,67.0,False
2026-09-12,other,68,32pd Medium Gun,Cannon,189,Cumaná,225,0.05,53,684.0,False
2026-09-12,other,68,32pd Medium Gun,Cannon,214,Dariena,225,0.05,53,242.0,False
2026-09-12,other,68,32pd Medium Gun,Cannon,274,Espíritu Santo,225,0.05,53,6680.0,False
2026-09-12,other,68,32pd Medium Gun,Cannon,116,Fajardo,225,0.05,53,17666.0,False
2026-09-12,other,68,32pd Medium Gun,Cannon,135,Fort Baai,225,0.05,53,15670.0,False
2026-09-12,other,68,32pd Medium Gun,Cannon,173,Fort Oranje,225,0.05,53,5981.0,False
2026-09-12,other,68,32pd Medium Gun,Cannon,175,Fort Zoutman,225,0.05,53,3212.0,False
2026-09-12,other,68,32pd Medium Gun,Cannon,156,Fort-Royal,225,0.05,53,10090.0,False
2026-09-12,other,68,32pd Medium Gun,Cannon,183,Galdonas,225,0.05,53,1751.0,False
2026-09-12,other,68,32pd Medium Gun,Cannon,311,Gasparilla,225,0.05,53,608.0,False
2026-09-12,other,68,32pd Medium Gun,Cannon,72,George Town,225,0.05,53,600.0,False
2026-09-12,other,68,32pd Medium Gun,Cannon,334,Georgetown,225,0.05,53,686.0,False
2026-09-12,other,68,32pd Medium Gun,Cannon,201,Gibraltar,225,0.05,53,2.0,False
2026-09-12,other,68,32pd Medium Gun,Cannon,16,Governor's Harbour,225,0.05,53,244.0,False
2026-09-12,other,68,32pd Medium Gun,Cannon,240,Gracias a Dios,225,0.05,53,1285.0,False
2026-09-12,other,68,32pd Medium Gun,Cannon,33,Grand Turk,225,0.05,53,46.0,False
2026-09-12,other,68,32pd Medium Gun,Cannon,231,Great Corn,225,0.05,53,3814.0,False
2026-09-12,other,68,32pd Medium Gun,Cannon,233,Great River,225,0.05,53,1865.0,False
2026-09-12,other,68,32pd Medium Gun,Cannon,179,Guayaguayare,225,0.05,53,877.0,False
2026-09-12,other,68,32pd Medium Gun,Cannon,117,Guayama,225,0.05,53,2522.0,False
2026-09-12,other,68,32pd Medium Gun,Cannon,133,Gustavia,225,0.05,53,1265.0,False
2026-09-12,other,68,32pd Medium Gun,Cannon,119,Guánica,225,0.05,53,5516.0,False
2026-09-12,other,68,32pd Medium Gun,Cannon,130,Hat Island,225,0.05,53,196.0,False
2026-09-12,other,68,32pd Medium Gun,Cannon,106,Higüey,225,0.05,53,46044.0,False
2026-09-12,other,68,32pd Medium Gun,Cannon,370,Island Harbour,225,0.05,53,5763.0,False
2026-09-12,other,68,32pd Medium Gun,Cannon,83,Jacmel,225,0.05,53,3596.0,False
2026-09-12,other,68,32pd Medium Gun,Cannon,88,Jérémie,225,0.05,53,47570.0,False
2026-09-12,other,68,32pd Medium Gun,Cannon,313,Key West,225,0.05,53,680.0,False
2026-09-12,other,68,32pd Medium Gun,Cannon,79,Kingston / Port Royal,225,0.05,53,420.0,False
2026-09-12,other,68,32pd Medium Gun,Cannon,162,Kingstown,225,0.05,53,1026.0,False
2026-09-12,other,68,32pd Medium Gun,Cannon,170,La Blanquilla,225,0.05,53,60.0,False
2026-09-12,other,68,32pd Medium Gun,Cannon,38,La Habana,225,0.05,53,3380.0,False
2026-09-12,other,68,32pd Medium Gun,Cannon,100,La Isabela,225,0.05,53,2783.0,False
2026-09-12,other,68,32pd Medium Gun,Cannon,112,La Mona,225,0.05,53,313.0,False
2026-09-12,other,68,32pd Medium Gun,Cannon,85,La Navasse,225,0.05,53,1331.0,False
2026-09-12,other,68,32pd Medium Gun,Cannon,171,La Orchilla,225,0.05,53,30.0,False
2026-09-12,other,68,32pd Medium Gun,Cannon,96,La Tortue,225,0.05,53,22.0,False
2026-09-12,other,68,32pd Medium Gun,Cannon,154,La Trinité,225,0.05,53,368.0,False
2026-09-12,other,68,32pd Medium Gun,Cannon,172,Las Aves,225,0.05,53,3.0,False
2026-09-12,other,68,32pd Medium Gun,Cannon,307,Las Sabinas,225,0.05,53,24.0,False
2026-09-12,other,68,32pd Medium Gun,Cannon,314,Las Tortugas,225,0.05,53,2.0,False
2026-09-12,other,68,32pd Medium Gun,Cannon,86,Les Cayes,225,0.05,53,12588.0,False
2026-09-12,other,68,32pd Medium Gun,Cannon,90,Léogane,225,0.05,53,1326.0,False
2026-09-12,other,68,32pd Medium Gun,Cannon,105,Macao,225,0.05,53,31577.0,False
2026-09-12,other,68,32pd Medium Gun,Cannon,55,Manzanillo,225,0.05,53,963.0,False
2026-09-12,other,68,32pd Medium Gun,Cannon,204,Maracaibo,225,0.05,53,644.0,False
2026-09-12,other,68,32pd Medium Gun,Cannon,131,Marigot,225,0.05,53,6156.0,False
2026-09-12,other,68,32pd Medium Gun,Cannon,227,Matina,225,0.05,53,2882.0,False
2026-09-12,other,68,32pd Medium Gun,Cannon,197,Mitara,225,0.05,53,544.0,False
2026-09-12,other,68,32pd Medium Gun,Cannon,14,Nassau,225,0.05,53,72.0,False
2026-09-12,other,68,32pd Medium Gun,Cannon,297,Nouvelle-Orléans,225,0.05,53,5273.0,False
2026-09-12,other,68,32pd Medium Gun,Cannon,46,Nuevitas,225,0.05,53,18.0,False
2026-09-12,other,68,32pd Medium Gun,Cannon,250,Omoa,225,0.05,53,117.0,False
2026-09-12,other,68,32pd Medium Gun,Cannon,136,Oranjestad,225,0.05,53,7315.0,False
2026-09-12,other,68,32pd Medium Gun,Cannon,185,Pampatar,225,0.05,53,326.0,False
2026-09-12,other,68,32pd Medium Gun,Cannon,30,Parrot Cay,225,0.05,53,202.0,False
2026-09-12,other,68,32pd Medium Gun,Cannon,180,Pedernales,225,0.05,53,3840.0,False
2026-09-12,other,68,32pd Medium Gun,Cannon,301,Penzacola,225,0.05,53,2370.0,False
2026-09-12,other,68,32pd Medium Gun,Cannon,65,Pinar del Río,225,0.05,53,2507.0,False
2026-09-12,other,68,32pd Medium Gun,Cannon,252,Placentia,225,0.05,53,419.0,False
2026-09-12,other,68,32pd Medium Gun,Cannon,218,Playón,225,0.05,53,880.0,False
2026-09-12,other,68,32pd Medium Gun,Cannon,369,Plymouth,225,0.05,53,1563.0,False
2026-09-12,other,68,32pd Medium Gun,Cannon,145,Pointe-à-Pitre,225,0.05,53,165.0,False
2026-09-12,other,68,32pd Medium Gun,Cannon,77,Port Antonio,225,0.05,53,103.0,False
2026-09-12,other,68,32pd Medium Gun,Cannon,91,Port-au-Prince,225,0.05,53,1054.0,False
2026-09-12,other,68,32pd Medium Gun,Cannon,95,Port-de-Paix,225,0.05,53,4.0,False
2026-09-12,other,68,32pd Medium Gun,Cannon,54,Portillo,225,0.05,53,22.0,False
2026-09-12,other,68,32pd Medium Gun,Cannon,220,Portobelo,225,0.05,53,602.0,False
2026-09-12,other,68,32pd Medium Gun,Cannon,194,Puerto Cabello,225,0.05,53,48.0,False
2026-09-12,other,68,32pd Medium Gun,Cannon,169,Puerto de España,225,0.05,53,1186.0,False
2026-09-12,other,68,32pd Medium Gun,Cannon,49,Puerto de Nipe,225,0.05,53,524.0,False
2026-09-12,other,68,32pd Medium Gun,Cannon,101,Puerto Plata,225,0.05,53,32750.0,False
2026-09-12,other,68,32pd Medium Gun,Cannon,271,Puerto Real,225,0.05,53,6065.0,False
2026-09-12,other,68,32pd Medium Gun,Cannon,191,Píritu,225,0.05,53,72.0,False
2026-09-12,other,68,32pd Medium Gun,Cannon,152,Roseau,225,0.05,53,61268.0,False
2026-09-12,other,68,32pd Medium Gun,Cannon,246,Ruatan,225,0.05,53,443.0,False
2026-09-12,other,68,32pd Medium Gun,Cannon,209,Río de la Hacha,225,0.05,53,24.0,False
2026-09-12,other,68,32pd Medium Gun,Cannon,164,Saint George,225,0.05,53,5502.0,False
2026-09-12,other,68,32pd Medium Gun,Cannon,355,Saint George's Town,225,0.05,53,32.0,False
2026-09-12,other,68,32pd Medium Gun,Cannon,140,Saint John's,225,0.05,53,4301.0,False
2026-09-12,other,68,32pd Medium Gun,Cannon,296,Saint-Malo,225,0.05,53,3523.0,False
2026-09-12,other,68,32pd Medium Gun,Cannon,92,Saint-Marc,225,0.05,53,211.0,False
2026-09-12,other,68,32pd Medium Gun,Cannon,94,Saint-Nicolas,225,0.05,53,1826.0,False
2026-09-12,other,68,32pd Medium Gun,Cannon,256,Salamanca,225,0.05,53,1605.0,False
2026-09-12,other,68,32pd Medium Gun,Cannon,82,Sale-Trou,225,0.05,53,1341.0,False
2026-09-12,other,68,32pd Medium Gun,Cannon,104,Samaná,225,0.05,53,4889.0,False
2026-09-12,other,68,32pd Medium Gun,Cannon,326,San Agustín,225,0.05,53,6.0,False
2026-09-12,other,68,32pd Medium Gun,Cannon,236,San Andrés,225,0.05,53,192.0,False
2026-09-12,other,68,32pd Medium Gun,Cannon,303,San José,225,0.05,53,3616.0,False
2026-09-12,other,68,32pd Medium Gun,Cannon,115,San Juan,225,0.05,53,7118.0,False
2026-09-12,other,68,32pd Medium Gun,Cannon,228,San Juan del Norte,225,0.05,53,20.0,False
2026-09-12,other,68,32pd Medium Gun,Cannon,56,Santa Cruz,225,0.05,53,60.0,False
2026-09-12,other,68,32pd Medium Gun,Cannon,68,Santa Fe,225,0.05,53,25.0,False
2026-09-12,other,68,32pd Medium Gun,Cannon,210,Santa Marta,225,0.05,53,3080.0,False
2026-09-12,other,68,32pd Medium Gun,Cannon,57,Santa María,225,0.05,53,312.0,False
2026-09-12,other,68,32pd Medium Gun,Cannon,52,Santiago de Cuba,225,0.05,53,2.0,False
2026-09-12,other,68,32pd Medium Gun,Cannon,108,Santo Domingo,225,0.05,53,48182.0,False
2026-09-12,other,68,32pd Medium Gun,Cannon,176,Santo Tomé de Guayana,225,0.05,53,49.0,False
2026-09-12,other,68,32pd Medium Gun,Cannon,81,Savanna la Mar,225,0.05,53,50.0,False
2026-09-12,other,68,32pd Medium Gun,Cannon,331,Savannah,225,0.05,53,581.0,False
2026-09-12,other,68,32pd Medium Gun,Cannon,165,Scarborough,225,0.05,53,50.0,False
2026-09-12,other,68,32pd Medium Gun,Cannon,266,Selam,225,0.05,53,73.0,False
2026-09-12,other,68,32pd Medium Gun,Cannon,349,Serrana,225,0.05,53,30.0,False
2026-09-12,other,68,32pd Medium Gun,Cannon,71,Siguanea,225,0.05,53,30.0,False
2026-09-12,other,68,32pd Medium Gun,Cannon,268,Sisal,225,0.05,53,16823.0,False
2026-09-12,other,68,32pd Medium Gun,Cannon,127,Spanish Town,225,0.05,53,325.0,False
2026-09-12,other,68,32pd Medium Gun,Cannon,309,Tampa,225,0.05,53,2637.0,False
2026-09-12,other,68,32pd Medium Gun,Cannon,263,Tantun Cuzamil,225,0.05,53,3238.0,False
2026-09-12,other,68,32pd Medium Gun,Cannon,213,Tolú,225,0.05,53,708.0,False
2026-09-12,other,68,32pd Medium Gun,Cannon,59,Trinidad,225,0.05,53,1700.0,False
2026-09-12,other,68,32pd Medium Gun,Cannon,244,Truxillo,225,0.05,53,1324.0,False
2026-09-12,other,68,32pd Medium Gun,Cannon,254,Turneffe,225,0.05,53,2313.0,False
2026-09-12,other,68,32pd Medium Gun,Cannon,276,Vera Cruz,225,0.05,53,22339.0,False
2026-09-12,other,68,32pd Medium Gun,Cannon,273,Victoria,225,0.05,53,4860.0,False
2026-09-12,other,68,32pd Medium Gun,Cannon,159,Vieux-Fort,225,0.05,53,2254.0,False
2026-09-12,other,68,32pd Medium Gun,Cannon,174,Willemstad,225,0.05,53,2711.0,False
2026-09-12,other,68,32pd Medium Gun,Cannon,364,William's Bay,225,0.05,53,111.0,False
2026-09-12,other,68,32pd Medium Gun,Cannon,335,Wilmington,225,0.05,53,203.0,False
2026-09-12,other,68,32pd Medium Gun,Cannon,262,Xpu Ha,225,0.05,53,7857.0,False
2026-09-12,other,692,36pd Long Gun,Cannon,269,Campeche,309,0.05,73,1253.0,False
2026-09-12,other,692,36pd Long Gun,Cannon,311,Gasparilla,309,0.05,73,6.0,False
2026-09-12,other,692,36pd Long Gun,Cannon,233,Great River,309,0.05,73,9.0,False
2026-09-12,other,692,36pd Long Gun,Cannon,85,La Navasse,309,0.05,73,21.0,False
2026-09-12,other,692,36pd Long Gun,Cannon,86,Les Cayes,309,0.05,73,34.0,False
2026-09-12,other,692,36pd Long Gun,Cannon,297,Nouvelle-Orléans,309,0.05,73,23.0,False
2026-09-12,other,692,36pd Long Gun,Cannon,218,Playón,309,0.05,73,6.0,False
2026-09-12,other,692,36pd Long Gun,Cannon,82,Sale-Trou,309,0.05,73,15.0,False
2026-09-12,other,693,36pd Medium Gun,Cannon,113,Aguadilla,246,0.05,58,1646.0,False
2026-09-12,other,693,36pd Medium Gun,Cannon,123,Amalienborg,246,0.05,58,2348.0,False
2026-09-12,other,693,36pd Medium Gun,Cannon,150,Aves,246,0.05,58,4798.0,False
2026-09-12,other,693,36pd Medium Gun,Cannon,321,Ays,246,0.05,58,12.0,False
2026-09-12,other,693,36pd Medium Gun,Cannon,103,Bahía Escocesa,246,0.05,58,30.0,False
2026-09-12,other,693,36pd Medium Gun,Cannon,50,Baracoa,246,0.05,58,324.0,False
2026-09-12,other,693,36pd Medium Gun,Cannon,146,Basse-Terre,246,0.05,58,2004.0,False
2026-09-12,other,693,36pd Medium Gun,Cannon,137,Basseterre Town,246,0.05,58,71.0,False
2026-09-12,other,693,36pd Medium Gun,Cannon,253,Belize,246,0.05,58,5550.0,False
2026-09-12,other,693,36pd Medium Gun,Cannon,257,Bensalem,246,0.05,58,2682.0,False
2026-09-12,other,693,36pd Medium Gun,Cannon,243,Black River,246,0.05,58,360.0,False
2026-09-12,other,693,36pd Medium Gun,Cannon,230,Bluefields,246,0.05,58,7697.0,False
2026-09-12,other,693,36pd Medium Gun,Cannon,245,Bonacca,246,0.05,58,778.0,False
2026-09-12,other,693,36pd Medium Gun,Cannon,161,Bridgetown,246,0.05,58,382.0,False
2026-09-12,other,693,36pd Medium Gun,Cannon,149,Camp du Roy,246,0.05,58,21.0,False
2026-09-12,other,693,36pd Medium Gun,Cannon,269,Campeche,246,0.05,58,2962.0,False
2026-09-12,other,693,36pd Medium Gun,Cannon,216,Canalete,246,0.05,58,520.0,False
2026-09-12,other,693,36pd Medium Gun,Cannon,193,Caracas,246,0.05,58,2112.0,False
2026-09-12,other,693,36pd Medium Gun,Cannon,212,Cartagena de Indias,246,0.05,58,2786.0,False
2026-09-12,other,693,36pd Medium Gun,Cannon,198,Casigua,246,0.05,58,26.0,False
2026-09-12,other,693,36pd Medium Gun,Cannon,74,Cayman Brac,246,0.05,58,354.0,False
2026-09-12,other,693,36pd Medium Gun,Cannon,323,Cayo Biscayno,246,0.05,58,208.0,False
2026-09-12,other,693,36pd Medium Gun,Cannon,270,Champotón,246,0.05,58,150.0,False
2026-09-12,other,693,36pd Medium Gun,Cannon,333,Charleston,246,0.05,58,2776.0,False
2026-09-12,other,693,36pd Medium Gun,Cannon,129,Christiansted,246,0.05,58,2282.0,False
2026-09-12,other,693,36pd Medium Gun,Cannon,134,Codrington,246,0.05,58,24.0,False
2026-09-12,other,693,36pd Medium Gun,Cannon,223,Concepción,246,0.05,58,306.0,False
2026-09-12,other,693,36pd Medium Gun,Cannon,207,Coquibacoa,246,0.05,58,15.0,False
2026-09-12,other,693,36pd Medium Gun,Cannon,66,Corrientes,246,0.05,58,20.0,False
2026-09-12,other,693,36pd Medium Gun,Cannon,274,Espíritu Santo,246,0.05,58,78.0,False
2026-09-12,other,693,36pd Medium Gun,Cannon,135,Fort Baai,246,0.05,58,414.0,False
2026-09-12,other,693,36pd Medium Gun,Cannon,173,Fort Oranje,246,0.05,58,4781.0,False
2026-09-12,other,693,36pd Medium Gun,Cannon,175,Fort Zoutman,246,0.05,58,1469.0,False
2026-09-12,other,693,36pd Medium Gun,Cannon,156,Fort-Royal,246,0.05,58,1452.0,False
2026-09-12,other,693,36pd Medium Gun,Cannon,183,Galdonas,246,0.05,58,448.0,False
2026-09-12,other,693,36pd Medium Gun,Cannon,311,Gasparilla,246,0.05,58,542.0,False
2026-09-12,other,693,36pd Medium Gun,Cannon,240,Gracias a Dios,246,0.05,58,1344.0,False
2026-09-12,other,693,36pd Medium Gun,Cannon,231,Great Corn,246,0.05,58,1979.0,False
2026-09-12,other,693,36pd Medium Gun,Cannon,233,Great River,246,0.05,58,1261.0,False
2026-09-12,other,693,36pd Medium Gun,Cannon,179,Guayaguayare,246,0.05,58,487.0,False
2026-09-12,other,693,36pd Medium Gun,Cannon,133,Gustavia,246,0.05,58,38.0,False
2026-09-12,other,693,36pd Medium Gun,Cannon,119,Guánica,246,0.05,58,20.0,False
2026-09-12,other,693,36pd Medium Gun,Cannon,106,Higüey,246,0.05,58,2.0,False
2026-09-12,other,693,36pd Medium Gun,Cannon,370,Island Harbour,246,0.05,58,2294.0,False
2026-09-12,other,693,36pd Medium Gun,Cannon,88,Jérémie,246,0.05,58,4567.0,False
2026-09-12,other,693,36pd Medium Gun,Cannon,313,Key West,246,0.05,58,295.0,False
2026-09-12,other,693,36pd Medium Gun,Cannon,79,Kingston / Port Royal,246,0.05,58,8.0,False
2026-09-12,other,693,36pd Medium Gun,Cannon,170,La Blanquilla,246,0.05,58,28.0,False
2026-09-12,other,693,36pd Medium Gun,Cannon,38,La Habana,246,0.05,58,2694.0,False
2026-09-12,other,693,36pd Medium Gun,Cannon,100,La Isabela,246,0.05,58,62.0,False
2026-09-12,other,693,36pd Medium Gun,Cannon,112,La Mona,246,0.05,58,2.0,False
2026-09-12,other,693,36pd Medium Gun,Cannon,85,La Navasse,246,0.05,58,12.0,False
2026-09-12,other,693,36pd Medium Gun,Cannon,172,Las Aves,246,0.05,58,499.0,False
2026-09-12,other,693,36pd Medium Gun,Cannon,90,Léogane,246,0.05,58,31.0,False
2026-09-12,other,693,36pd Medium Gun,Cannon,105,Macao,246,0.05,58,2848.0,False
2026-09-12,other,693,36pd Medium Gun,Cannon,55,Manzanillo,246,0.05,58,18.0,False
2026-09-12,other,693,36pd Medium Gun,Cannon,204,Maracaibo,246,0.05,58,790.0,False
2026-09-12,other,693,36pd Medium Gun,Cannon,227,Matina,246,0.05,58,1026.0,False
2026-09-12,other,693,36pd Medium Gun,Cannon,197,Mitara,246,0.05,58,30.0,False
2026-09-12,other,693,36pd Medium Gun,Cannon,14,Nassau,246,0.05,58,4.0,False
2026-09-12,other,693,36pd Medium Gun,Cannon,297,Nouvelle-Orléans,246,0.05,58,30.0,False
2026-09-12,other,693,36pd Medium Gun,Cannon,136,Oranjestad,246,0.05,58,222.0,False
2026-09-12,other,693,36pd Medium Gun,Cannon,180,Pedernales,246,0.05,58,2483.0,False
2026-09-12,other,693,36pd Medium Gun,Cannon,301,Penzacola,246,0.05,58,2541.0,False
2026-09-12,other,693,36pd Medium Gun,Cannon,65,Pinar del Río,246,0.05,58,3377.0,False
2026-09-12,other,693,36pd Medium Gun,Cannon,23,Pitt's Town,246,0.05,58,32191.0,False
2026-09-12,other,693,36pd Medium Gun,Cannon,252,Placentia,246,0.05,58,7.0,False
2026-09-12,other,693,36pd Medium Gun,Cannon,218,Playón,246,0.05,58,82.0,False
2026-09-12,other,693,36pd Medium Gun,Cannon,369,Plymouth,246,0.05,58,98.0,False
2026-09-12,other,693,36pd Medium Gun,Cannon,77,Port Antonio,246,0.05,58,30.0,False
2026-09-12,other,693,36pd Medium Gun,Cannon,169,Puerto de España,246,0.05,58,218.0,False
2026-09-12,other,693,36pd Medium Gun,Cannon,49,Puerto de Nipe,246,0.05,58,606.0,False
2026-09-12,other,693,36pd Medium Gun,Cannon,271,Puerto Real,246,0.05,58,1678.0,False
2026-09-12,other,693,36pd Medium Gun,Cannon,152,Roseau,246,0.05,58,227.0,False
2026-09-12,other,693,36pd Medium Gun,Cannon,246,Ruatan,246,0.05,58,3.0,False
2026-09-12,other,693,36pd Medium Gun,Cannon,355,Saint George's Town,246,0.05,58,30.0,False
2026-09-12,other,693,36pd Medium Gun,Cannon,296,Saint-Malo,246,0.05,58,60.0,False
2026-09-12,other,693,36pd Medium Gun,Cannon,92,Saint-Marc,246,0.05,58,290.0,False
2026-09-12,other,693,36pd Medium Gun,Cannon,256,Salamanca,246,0.05,58,2.0,False
2026-09-12,other,693,36pd Medium Gun,Cannon,82,Sale-Trou,246,0.05,58,10.0,False
2026-09-12,other,693,36pd Medium Gun,Cannon,104,Samaná,246,0.05,58,3.0,False
2026-09-12,other,693,36pd Medium Gun,Cannon,326,San Agustín,246,0.05,58,14.0,False
2026-09-12,other,693,36pd Medium Gun,Cannon,303,San José,246,0.05,58,2272.0,False
2026-09-12,other,693,36pd Medium Gun,Cannon,115,San Juan,246,0.05,58,455.0,False
2026-09-12,other,693,36pd Medium Gun,Cannon,210,Santa Marta,246,0.05,58,1652.0,False
2026-09-12,other,693,36pd Medium Gun,Cannon,57,Santa María,246,0.05,58,457.0,False
2026-09-12,other,693,36pd Medium Gun,Cannon,52,Santiago de Cuba,246,0.05,58,141.0,False
2026-09-12,other,693,36pd Medium Gun,Cannon,331,Savannah,246,0.05,58,64.0,False
2026-09-12,other,693,36pd Medium Gun,Cannon,71,Siguanea,246,0.05,58,30.0,False
2026-09-12,other,693,36pd Medium Gun,Cannon,268,Sisal,246,0.05,58,1614.0,False
2026-09-12,other,693,36pd Medium Gun,Cannon,309,Tampa,246,0.05,58,1292.0,False
2026-09-12,other,693,36pd Medium Gun,Cannon,213,Tolú,246,0.05,58,510.0,False
2026-09-12,other,693,36pd Medium Gun,Cannon,59,Trinidad,246,0.05,58,934.0,False
2026-09-12,other,693,36pd Medium Gun,Cannon,244,Truxillo,246,0.05,58,166.0,False
2026-09-12,other,693,36pd Medium Gun,Cannon,254,Turneffe,246,0.05,58,706.0,False
2026-09-12,other,693,36pd Medium Gun,Cannon,276,Vera Cruz,246,0.05,58,3466.0,False
2026-09-12,other,693,36pd Medium Gun,Cannon,273,Victoria,246,0.05,58,1848.0,False
2026-09-12,other,693,36pd Medium Gun,Cannon,174,Willemstad,246,0.05,58,652.0,False
2026-09-12,other,693,36pd Medium Gun,Cannon,364,William's Bay,246,0.05,58,66.0,False
2026-09-12,other,693,36pd Medium Gun,Cannon,335,Wilmington,246,0.05,58,252.0,False
2026-09-12,other,2065,42pd Blomefield,Cannon,268,Sisal,338,0.05,80,7.0,False
2026-09-12,other,54,42pd Carronade,Cannon,123,Amalienborg,211,0.05,50,1505.0,False
2026-09-12,other,54,42pd Carronade,Cannon,50,Baracoa,211,0.05,50,2.0,False
2026-09-12,other,54,42pd Carronade,Cannon,137,Basseterre Town,211,0.05,50,12.0,False
2026-09-12,other,54,42pd Carronade,Cannon,243,Black River,211,0.05,50,44.0,False
2026-09-12,other,54,42pd Carronade,Cannon,230,Bluefields,211,0.05,50,1004.0,False
2026-09-12,other,54,42pd Carronade,Cannon,245,Bonacca,211,0.05,50,26.0,False
2026-09-12,other,54,42pd Carronade,Cannon,269,Campeche,211,0.05,50,3744.0,False
2026-09-12,other,54,42pd Carronade,Cannon,216,Canalete,211,0.05,50,58.0,False
2026-09-12,other,54,42pd Carronade,Cannon,212,Cartagena de Indias,211,0.05,50,1089.0,False
2026-09-12,other,54,42pd Carronade,Cannon,207,Coquibacoa,211,0.05,50,3.0,False
2026-09-12,other,54,42pd Carronade,Cannon,173,Fort Oranje,211,0.05,50,4.0,False
2026-09-12,other,54,42pd Carronade,Cannon,311,Gasparilla,211,0.05,50,4.0,False
2026-09-12,other,54,42pd Carronade,Cannon,72,George Town,211,0.05,50,41.0,False
2026-09-12,other,54,42pd Carronade,Cannon,240,Gracias a Dios,211,0.05,50,4.0,False
2026-09-12,other,54,42pd Carronade,Cannon,233,Great River,211,0.05,50,243.0,False
2026-09-12,other,54,42pd Carronade,Cannon,88,Jérémie,211,0.05,50,2206.0,False
2026-09-12,other,54,42pd Carronade,Cannon,85,La Navasse,211,0.05,50,68.0,False
2026-09-12,other,54,42pd Carronade,Cannon,86,Les Cayes,211,0.05,50,13.0,False
2026-09-12,other,54,42pd Carronade,Cannon,90,Léogane,211,0.05,50,2.0,False
2026-09-12,other,54,42pd Carronade,Cannon,227,Matina,211,0.05,50,2823.0,False
2026-09-12,other,54,42pd Carronade,Cannon,297,Nouvelle-Orléans,211,0.05,50,322.0,False
2026-09-12,other,54,42pd Carronade,Cannon,218,Playón,211,0.05,50,128.0,False
2026-09-12,other,54,42pd Carronade,Cannon,91,Port-au-Prince,211,0.05,50,11.0,False
2026-09-12,other,54,42pd Carronade,Cannon,54,Portillo,211,0.05,50,12.0,False
2026-09-12,other,54,42pd Carronade,Cannon,271,Puerto Real,211,0.05,50,640.0,False
2026-09-12,other,54,42pd Carronade,Cannon,82,Sale-Trou,211,0.05,50,5.0,False
2026-09-12,other,54,42pd Carronade,Cannon,62,San Lazaro,211,0.05,50,18.0,False
2026-09-12,other,54,42pd Carronade,Cannon,210,Santa Marta,211,0.05,50,790.0,False
2026-09-12,other,54,42pd Carronade,Cannon,57,Santa María,211,0.05,50,40.0,False
2026-09-12,other,54,42pd Carronade,Cannon,309,Tampa,211,0.05,50,796.0,False
2026-09-12,other,61,42pd Long Gun,Cannon,311,Gasparilla,338,0.05,80,30.0,False
2026-09-12,other,61,42pd Long Gun,Cannon,85,La Navasse,338,0.05,80,48.0,False
2026-09-12,other,61,42pd Long Gun,Cannon,297,Nouvelle-Orléans,338,0.05,80,30.0,False
2026-09-12,other,61,42pd Long Gun,Cannon,91,Port-au-Prince,338,0.05,80,6.0,False
2026-09-12,other,69,42pd Medium Gun,Cannon,113,Aguadilla,267,0.05,63,12383.0,False
2026-09-12,other,69,42pd Medium Gun,Cannon,225,Almirante,267,0.05,63,30.0,False
2026-09-12,other,69,42pd Medium Gun,Cannon,123,Amalienborg,267,0.05,63,5509.0,False
2026-09-12,other,69,42pd Medium Gun,Cannon,150,Aves,267,0.05,63,3063.0,False
2026-09-12,other,69,42pd Medium Gun,Cannon,321,Ays,267,0.05,63,244.0,False
2026-09-12,other,69,42pd Medium Gun,Cannon,103,Bahía Escocesa,267,0.05,63,1895.0,False
2026-09-12,other,69,42pd Medium Gun,Cannon,35,Baja,267,0.05,63,6.0,False
2026-09-12,other,69,42pd Medium Gun,Cannon,50,Baracoa,267,0.05,63,87.0,False
2026-09-12,other,69,42pd Medium Gun,Cannon,111,Barahona,267,0.05,63,30.0,False
2026-09-12,other,69,42pd Medium Gun,Cannon,146,Basse-Terre,267,0.05,63,1612.0,False
2026-09-12,other,69,42pd Medium Gun,Cannon,137,Basseterre Town,267,0.05,63,64.0,False
2026-09-12,other,69,42pd Medium Gun,Cannon,253,Belize,267,0.05,63,2558.0,False
2026-09-12,other,69,42pd Medium Gun,Cannon,257,Bensalem,267,0.05,63,733.0,False
2026-09-12,other,69,42pd Medium Gun,Cannon,243,Black River,267,0.05,63,88.0,False
2026-09-12,other,69,42pd Medium Gun,Cannon,230,Bluefields,267,0.05,63,5821.0,False
2026-09-12,other,69,42pd Medium Gun,Cannon,245,Bonacca,267,0.05,63,14.0,False
2026-09-12,other,69,42pd Medium Gun,Cannon,350,Bone Cay,267,0.05,63,66.0,False
2026-09-12,other,69,42pd Medium Gun,Cannon,237,Brangman's Bluff,267,0.05,63,64.0,False
2026-09-12,other,69,42pd Medium Gun,Cannon,161,Bridgetown,267,0.05,63,192.0,False
2026-09-12,other,69,42pd Medium Gun,Cannon,329,Brunswick,267,0.05,63,168.0,False
2026-09-12,other,69,42pd Medium Gun,Cannon,318,Cabo Cañaveral,267,0.05,63,247.0,False
2026-09-12,other,69,42pd Medium Gun,Cannon,269,Campeche,267,0.05,63,4776.0,False
2026-09-12,other,69,42pd Medium Gun,Cannon,216,Canalete,267,0.05,63,1109.0,False
2026-09-12,other,69,42pd Medium Gun,Cannon,193,Caracas,267,0.05,63,3678.0,False
2026-09-12,other,69,42pd Medium Gun,Cannon,212,Cartagena de Indias,267,0.05,63,2243.0,False
2026-09-12,other,69,42pd Medium Gun,Cannon,74,Cayman Brac,267,0.05,63,30.0,False
2026-09-12,other,69,42pd Medium Gun,Cannon,44,Cayo Romano,267,0.05,63,2.0,False
2026-09-12,other,69,42pd Medium Gun,Cannon,177,Caño Araguao,267,0.05,63,166.0,False
2026-09-12,other,69,42pd Medium Gun,Cannon,270,Champotón,267,0.05,63,56.0,False
2026-09-12,other,69,42pd Medium Gun,Cannon,333,Charleston,267,0.05,63,2841.0,False
2026-09-12,other,69,42pd Medium Gun,Cannon,129,Christiansted,267,0.05,63,3287.0,False
2026-09-12,other,69,42pd Medium Gun,Cannon,134,Codrington,267,0.05,63,130.0,False
2026-09-12,other,69,42pd Medium Gun,Cannon,223,Concepción,267,0.05,63,60.0,False
2026-09-12,other,69,42pd Medium Gun,Cannon,259,Congrios,267,0.05,63,34.0,False
2026-09-12,other,69,42pd Medium Gun,Cannon,207,Coquibacoa,267,0.05,63,222.0,False
2026-09-12,other,69,42pd Medium Gun,Cannon,66,Corrientes,267,0.05,63,8.0,False
2026-09-12,other,69,42pd Medium Gun,Cannon,189,Cumaná,267,0.05,63,5908.0,False
2026-09-12,other,69,42pd Medium Gun,Cannon,214,Dariena,267,0.05,63,666.0,False
2026-09-12,other,69,42pd Medium Gun,Cannon,274,Espíritu Santo,267,0.05,63,5940.0,False
2026-09-12,other,69,42pd Medium Gun,Cannon,116,Fajardo,267,0.05,63,14443.0,False
2026-09-12,other,69,42pd Medium Gun,Cannon,135,Fort Baai,267,0.05,63,433.0,False
2026-09-12,other,69,42pd Medium Gun,Cannon,173,Fort Oranje,267,0.05,63,7598.0,False
2026-09-12,other,69,42pd Medium Gun,Cannon,175,Fort Zoutman,267,0.05,63,3767.0,False
2026-09-12,other,69,42pd Medium Gun,Cannon,156,Fort-Royal,267,0.05,63,3037.0,False
2026-09-12,other,69,42pd Medium Gun,Cannon,183,Galdonas,267,0.05,63,1272.0,False
2026-09-12,other,69,42pd Medium Gun,Cannon,311,Gasparilla,267,0.05,63,131.0,False
2026-09-12,other,69,42pd Medium Gun,Cannon,334,Georgetown,267,0.05,63,428.0,False
2026-09-12,other,69,42pd Medium Gun,Cannon,240,Gracias a Dios,267,0.05,63,542.0,False
2026-09-12,other,69,42pd Medium Gun,Cannon,33,Grand Turk,267,0.05,63,156.0,False
2026-09-12,other,69,42pd Medium Gun,Cannon,231,Great Corn,267,0.05,63,3163.0,False
2026-09-12,other,69,42pd Medium Gun,Cannon,233,Great River,267,0.05,63,1123.0,False
2026-09-12,other,69,42pd Medium Gun,Cannon,179,Guayaguayare,267,0.05,63,814.0,False
2026-09-12,other,69,42pd Medium Gun,Cannon,117,Guayama,267,0.05,63,2595.0,False
2026-09-12,other,69,42pd Medium Gun,Cannon,133,Gustavia,267,0.05,63,46.0,False
2026-09-12,other,69,42pd Medium Gun,Cannon,119,Guánica,267,0.05,63,12204.0,False
2026-09-12,other,69,42pd Medium Gun,Cannon,130,Hat Island,267,0.05,63,30.0,False
2026-09-12,other,69,42pd Medium Gun,Cannon,106,Higüey,267,0.05,63,55782.0,False
2026-09-12,other,69,42pd Medium Gun,Cannon,370,Island Harbour,267,0.05,63,2664.0,False
2026-09-12,other,69,42pd Medium Gun,Cannon,88,Jérémie,267,0.05,63,1478.0,False
2026-09-12,other,69,42pd Medium Gun,Cannon,313,Key West,267,0.05,63,20.0,False
2026-09-12,other,69,42pd Medium Gun,Cannon,79,Kingston / Port Royal,267,0.05,63,1196.0,False
2026-09-12,other,69,42pd Medium Gun,Cannon,170,La Blanquilla,267,0.05,63,72.0,False
2026-09-12,other,69,42pd Medium Gun,Cannon,38,La Habana,267,0.05,63,2361.0,False
2026-09-12,other,69,42pd Medium Gun,Cannon,100,La Isabela,267,0.05,63,1976.0,False
2026-09-12,other,69,42pd Medium Gun,Cannon,112,La Mona,267,0.05,63,5726.0,False
2026-09-12,other,69,42pd Medium Gun,Cannon,85,La Navasse,267,0.05,63,102.0,False
2026-09-12,other,69,42pd Medium Gun,Cannon,171,La Orchilla,267,0.05,63,28.0,False
2026-09-12,other,69,42pd Medium Gun,Cannon,96,La Tortue,267,0.05,63,17.0,False
2026-09-12,other,69,42pd Medium Gun,Cannon,154,La Trinité,267,0.05,63,14.0,False
2026-09-12,other,69,42pd Medium Gun,Cannon,172,Las Aves,267,0.05,63,3470.0,False
2026-09-12,other,69,42pd Medium Gun,Cannon,314,Las Tortugas,267,0.05,63,6.0,False
2026-09-12,other,69,42pd Medium Gun,Cannon,86,Les Cayes,267,0.05,63,1.0,False
2026-09-12,other,69,42pd Medium Gun,Cannon,90,Léogane,267,0.05,63,30.0,False
2026-09-12,other,69,42pd Medium Gun,Cannon,105,Macao,267,0.05,63,19842.0,False
2026-09-12,other,69,42pd Medium Gun,Cannon,358,Mangrove Cay,267,0.05,63,309.0,False
2026-09-12,other,69,42pd Medium Gun,Cannon,55,Manzanillo,267,0.05,63,1128.0,False
2026-09-12,other,69,42pd Medium Gun,Cannon,204,Maracaibo,267,0.05,63,415.0,False
2026-09-12,other,69,42pd Medium Gun,Cannon,39,Matanzas,267,0.05,63,6.0,False
2026-09-12,other,69,42pd Medium Gun,Cannon,227,Matina,267,0.05,63,2433.0,False
2026-09-12,other,69,42pd Medium Gun,Cannon,14,Nassau,267,0.05,63,85.0,False
2026-09-12,other,69,42pd Medium Gun,Cannon,297,Nouvelle-Orléans,267,0.05,63,1252.0,False
2026-09-12,other,69,42pd Medium Gun,Cannon,235,Old Providence,267,0.05,63,30.0,False
2026-09-12,other,69,42pd Medium Gun,Cannon,250,Omoa,267,0.05,63,16.0,False
2026-09-12,other,69,42pd Medium Gun,Cannon,136,Oranjestad,267,0.05,63,552.0,False
2026-09-12,other,69,42pd Medium Gun,Cannon,185,Pampatar,267,0.05,63,30.0,False
2026-09-12,other,69,42pd Medium Gun,Cannon,180,Pedernales,267,0.05,63,1995.0,False
2026-09-12,other,69,42pd Medium Gun,Cannon,301,Penzacola,267,0.05,63,793.0,False
2026-09-12,other,69,42pd Medium Gun,Cannon,65,Pinar del Río,267,0.05,63,4841.0,False
2026-09-12,other,69,42pd Medium Gun,Cannon,23,Pitt's Town,267,0.05,63,18713.0,False
2026-09-12,other,69,42pd Medium Gun,Cannon,218,Playón,267,0.05,63,222.0,False
2026-09-12,other,69,42pd Medium Gun,Cannon,369,Plymouth,267,0.05,63,172.0,False
2026-09-12,other,69,42pd Medium Gun,Cannon,145,Pointe-à-Pitre,267,0.05,63,5.0,False
2026-09-12,other,69,42pd Medium Gun,Cannon,77,Port Antonio,267,0.05,63,20.0,False
2026-09-12,other,69,42pd Medium Gun,Cannon,220,Portobelo,267,0.05,63,177.0,False
2026-09-12,other,69,42pd Medium Gun,Cannon,169,Puerto de España,267,0.05,63,480.0,False
2026-09-12,other,69,42pd Medium Gun,Cannon,51,Puerto Escondido,267,0.05,63,30.0,False
2026-09-12,other,69,42pd Medium Gun,Cannon,101,Puerto Plata,267,0.05,63,38795.0,False
2026-09-12,other,69,42pd Medium Gun,Cannon,271,Puerto Real,267,0.05,63,1594.0,False
2026-09-12,other,69,42pd Medium Gun,Cannon,152,Roseau,267,0.05,63,20602.0,False
2026-09-12,other,69,42pd Medium Gun,Cannon,246,Ruatan,267,0.05,63,30.0,False
2026-09-12,other,69,42pd Medium Gun,Cannon,209,Río de la Hacha,267,0.05,63,4.0,False
2026-09-12,other,69,42pd Medium Gun,Cannon,164,Saint George,267,0.05,63,1139.0,False
2026-09-12,other,69,42pd Medium Gun,Cannon,355,Saint George's Town,267,0.05,63,160.0,False
2026-09-12,other,69,42pd Medium Gun,Cannon,140,Saint John's,267,0.05,63,665.0,False
2026-09-12,other,69,42pd Medium Gun,Cannon,296,Saint-Malo,267,0.05,63,78.0,False
2026-09-12,other,69,42pd Medium Gun,Cannon,92,Saint-Marc,267,0.05,63,30.0,False
2026-09-12,other,69,42pd Medium Gun,Cannon,94,Saint-Nicolas,267,0.05,63,62.0,False
2026-09-12,other,69,42pd Medium Gun,Cannon,256,Salamanca,267,0.05,63,16.0,False
2026-09-12,other,69,42pd Medium Gun,Cannon,82,Sale-Trou,267,0.05,63,442.0,False
2026-09-12,other,69,42pd Medium Gun,Cannon,104,Samaná,267,0.05,63,1661.0,False
2026-09-12,other,69,42pd Medium Gun,Cannon,326,San Agustín,267,0.05,63,458.0,False
2026-09-12,other,69,42pd Medium Gun,Cannon,236,San Andrés,267,0.05,63,140.0,False
2026-09-12,other,69,42pd Medium Gun,Cannon,303,San José,267,0.05,63,803.0,False
2026-09-12,other,69,42pd Medium Gun,Cannon,115,San Juan,267,0.05,63,2823.0,False
2026-09-12,other,69,42pd Medium Gun,Cannon,228,San Juan del Norte,267,0.05,63,64.0,False
2026-09-12,other,69,42pd Medium Gun,Cannon,62,San Lazaro,267,0.05,63,28.0,False
2026-09-12,other,69,42pd Medium Gun,Cannon,56,Santa Cruz,267,0.05,63,244.0,False
2026-09-12,other,69,42pd Medium Gun,Cannon,68,Santa Fe,267,0.05,63,30.0,False
2026-09-12,other,69,42pd Medium Gun,Cannon,210,Santa Marta,267,0.05,63,3561.0,False
2026-09-12,other,69,42pd Medium Gun,Cannon,57,Santa María,267,0.05,63,888.0,False
2026-09-12,other,69,42pd Medium Gun,Cannon,52,Santiago de Cuba,267,0.05,63,468.0,False
2026-09-12,other,69,42pd Medium Gun,Cannon,108,Santo Domingo,267,0.05,63,29576.0,False
2026-09-12,other,69,42pd Medium Gun,Cannon,176,Santo Tomé de Guayana,267,0.05,63,13796.0,False
2026-09-12,other,69,42pd Medium Gun,Cannon,81,Savanna la Mar,267,0.05,63,28.0,False
2026-09-12,other,69,42pd Medium Gun,Cannon,331,Savannah,267,0.05,63,111.0,False
2026-09-12,other,69,42pd Medium Gun,Cannon,165,Scarborough,267,0.05,63,2.0,False
2026-09-12,other,69,42pd Medium Gun,Cannon,266,Selam,267,0.05,63,179.0,False
2026-09-12,other,69,42pd Medium Gun,Cannon,71,Siguanea,267,0.05,63,128.0,False
2026-09-12,other,69,42pd Medium Gun,Cannon,268,Sisal,267,0.05,63,3390.0,False
2026-09-12,other,69,42pd Medium Gun,Cannon,127,Spanish Town,267,0.05,63,92.0,False
2026-09-12,other,69,42pd Medium Gun,Cannon,309,Tampa,267,0.05,63,2211.0,False
2026-09-12,other,69,42pd Medium Gun,Cannon,263,Tantun Cuzamil,267,0.05,63,2.0,False
2026-09-12,other,69,42pd Medium Gun,Cannon,213,Tolú,267,0.05,63,642.0,False
2026-09-12,other,69,42pd Medium Gun,Cannon,59,Trinidad,267,0.05,63,1918.0,False
2026-09-12,other,69,42pd Medium Gun,Cannon,244,Truxillo,267,0.05,63,136.0,False
2026-09-12,other,69,42pd Medium Gun,Cannon,254,Turneffe,267,0.05,63,739.0,False
2026-09-12,other,69,42pd Medium Gun,Cannon,276,Vera Cruz,267,0.05,63,5880.0,False
2026-09-12,other,69,42pd Medium Gun,Cannon,273,Victoria,267,0.05,63,1288.0,False
2026-09-12,other,69,42pd Medium Gun,Cannon,159,Vieux-Fort,267,0.05,63,28.0,False
2026-09-12,other,69,42pd Medium Gun,Cannon,174,Willemstad,267,0.05,63,4252.0,False
2026-09-12,other,69,42pd Medium Gun,Cannon,364,William's Bay,267,0.05,63,530.0,False
2026-09-12,other,69,42pd Medium Gun,Cannon,262,Xpu Ha,267,0.05,63,10.0,False
2026-09-12,other,62,4pd Long Gun,Cannon,225,Almirante,129,0.05,30,4.0,False
2026-09-12,other,62,4pd Long Gun,Cannon,123,Amalienborg,129,0.05,30,2235.0,False
2026-09-12,other,62,4pd Long Gun,Cannon,150,Aves,129,0.05,30,36.0,False
2026-09-12,other,62,4pd Long Gun,Cannon,321,Ays,129,0.05,30,5.0,False
2026-09-12,other,62,4pd Long Gun,Cannon,35,Baja,129,0.05,30,1.0,False
2026-09-12,other,62,4pd Long Gun,Cannon,50,Baracoa,129,0.05,30,46.0,False
2026-09-12,other,62,4pd Long Gun,Cannon,111,Barahona,129,0.05,30,8.0,False
2026-09-12,other,62,4pd Long Gun,Cannon,137,Basseterre Town,129,0.05,30,467.0,False
2026-09-12,other,62,4pd Long Gun,Cannon,253,Belize,129,0.05,30,2945.0,False
2026-09-12,other,62,4pd Long Gun,Cannon,257,Bensalem,129,0.05,30,1140.0,False
2026-09-12,other,62,4pd Long Gun,Cannon,243,Black River,129,0.05,30,11.0,False
2026-09-12,other,62,4pd Long Gun,Cannon,230,Bluefields,129,0.05,30,6399.0,False
2026-09-12,other,62,4pd Long Gun,Cannon,245,Bonacca,129,0.05,30,1011.0,False
2026-09-12,other,62,4pd Long Gun,Cannon,350,Bone Cay,129,0.05,30,10.0,False
2026-09-12,other,62,4pd Long Gun,Cannon,237,Brangman's Bluff,129,0.05,30,2.0,False
2026-09-12,other,62,4pd Long Gun,Cannon,329,Brunswick,129,0.05,30,12.0,False
2026-09-12,other,62,4pd Long Gun,Cannon,318,Cabo Cañaveral,129,0.05,30,112.0,False
2026-09-12,other,62,4pd Long Gun,Cannon,269,Campeche,129,0.05,30,1066.0,False
2026-09-12,other,62,4pd Long Gun,Cannon,216,Canalete,129,0.05,30,790.0,False
2026-09-12,other,62,4pd Long Gun,Cannon,193,Caracas,129,0.05,30,3510.0,False
2026-09-12,other,62,4pd Long Gun,Cannon,212,Cartagena de Indias,129,0.05,30,5001.0,False
2026-09-12,other,62,4pd Long Gun,Cannon,198,Casigua,129,0.05,30,124.0,False
2026-09-12,other,62,4pd Long Gun,Cannon,74,Cayman Brac,129,0.05,30,13.0,False
2026-09-12,other,62,4pd Long Gun,Cannon,177,Caño Araguao,129,0.05,30,71.0,False
2026-09-12,other,62,4pd Long Gun,Cannon,270,Champotón,129,0.05,30,396.0,False
2026-09-12,other,62,4pd Long Gun,Cannon,333,Charleston,129,0.05,30,1058.0,False
2026-09-12,other,62,4pd Long Gun,Cannon,129,Christiansted,129,0.05,30,1036.0,False
2026-09-12,other,62,4pd Long Gun,Cannon,223,Concepción,129,0.05,30,158.0,False
2026-09-12,other,62,4pd Long Gun,Cannon,264,Conil,129,0.05,30,9.0,False
2026-09-12,other,62,4pd Long Gun,Cannon,207,Coquibacoa,129,0.05,30,518.0,False
2026-09-12,other,62,4pd Long Gun,Cannon,66,Corrientes,129,0.05,30,2.0,False
2026-09-12,other,62,4pd Long Gun,Cannon,241,Croata,129,0.05,30,6.0,False
2026-09-12,other,62,4pd Long Gun,Cannon,361,Crown Haven,129,0.05,30,8.0,False
2026-09-12,other,62,4pd Long Gun,Cannon,214,Dariena,129,0.05,30,600.0,False
2026-09-12,other,62,4pd Long Gun,Cannon,274,Espíritu Santo,129,0.05,30,9.0,False
2026-09-12,other,62,4pd Long Gun,Cannon,116,Fajardo,129,0.05,30,332.0,False
2026-09-12,other,62,4pd Long Gun,Cannon,135,Fort Baai,129,0.05,30,383.0,False
2026-09-12,other,62,4pd Long Gun,Cannon,173,Fort Oranje,129,0.05,30,3533.0,False
2026-09-12,other,62,4pd Long Gun,Cannon,175,Fort Zoutman,129,0.05,30,99.0,False
2026-09-12,other,62,4pd Long Gun,Cannon,156,Fort-Royal,129,0.05,30,434.0,False
2026-09-12,other,62,4pd Long Gun,Cannon,183,Galdonas,129,0.05,30,516.0,False
2026-09-12,other,62,4pd Long Gun,Cannon,311,Gasparilla,129,0.05,30,1.0,False
2026-09-12,other,62,4pd Long Gun,Cannon,72,George Town,129,0.05,30,328.0,False
2026-09-12,other,62,4pd Long Gun,Cannon,240,Gracias a Dios,129,0.05,30,630.0,False
2026-09-12,other,62,4pd Long Gun,Cannon,231,Great Corn,129,0.05,30,4092.0,False
2026-09-12,other,62,4pd Long Gun,Cannon,233,Great River,129,0.05,30,2254.0,False
2026-09-12,other,62,4pd Long Gun,Cannon,179,Guayaguayare,129,0.05,30,1273.0,False
2026-09-12,other,62,4pd Long Gun,Cannon,133,Gustavia,129,0.05,30,222.0,False
2026-09-12,other,62,4pd Long Gun,Cannon,130,Hat Island,129,0.05,30,2.0,False
2026-09-12,other,62,4pd Long Gun,Cannon,316,Islamorada,129,0.05,30,26.0,False
2026-09-12,other,62,4pd Long Gun,Cannon,88,Jérémie,129,0.05,30,4326.0,False
2026-09-12,other,62,4pd Long Gun,Cannon,79,Kingston / Port Royal,129,0.05,30,474.0,False
2026-09-12,other,62,4pd Long Gun,Cannon,38,La Habana,129,0.05,30,10988.0,False
2026-09-12,other,62,4pd Long Gun,Cannon,85,La Navasse,129,0.05,30,311.0,False
2026-09-12,other,62,4pd Long Gun,Cannon,96,La Tortue,129,0.05,30,6.0,False
2026-09-12,other,62,4pd Long Gun,Cannon,187,La Tortuga,129,0.05,30,384.0,False
2026-09-12,other,62,4pd Long Gun,Cannon,307,Las Sabinas,129,0.05,30,24.0,False
2026-09-12,other,62,4pd Long Gun,Cannon,314,Las Tortugas,129,0.05,30,4.0,False
2026-09-12,other,62,4pd Long Gun,Cannon,86,Les Cayes,129,0.05,30,1.0,False
2026-09-12,other,62,4pd Long Gun,Cannon,105,Macao,129,0.05,30,644.0,False
2026-09-12,other,62,4pd Long Gun,Cannon,55,Manzanillo,129,0.05,30,678.0,False
2026-09-12,other,62,4pd Long Gun,Cannon,204,Maracaibo,129,0.05,30,188.0,False
2026-09-12,other,62,4pd Long Gun,Cannon,227,Matina,129,0.05,30,1100.0,False
2026-09-12,other,62,4pd Long Gun,Cannon,197,Mitara,129,0.05,30,1.0,False
2026-09-12,other,62,4pd Long Gun,Cannon,297,Nouvelle-Orléans,129,0.05,30,238.0,False
2026-09-12,other,62,4pd Long Gun,Cannon,136,Oranjestad,129,0.05,30,1030.0,False
2026-09-12,other,62,4pd Long Gun,Cannon,180,Pedernales,129,0.05,30,973.0,False
2026-09-12,other,62,4pd Long Gun,Cannon,352,Pedro Cay,129,0.05,30,1.0,False
2026-09-12,other,62,4pd Long Gun,Cannon,301,Penzacola,129,0.05,30,564.0,False
2026-09-12,other,62,4pd Long Gun,Cannon,65,Pinar del Río,129,0.05,30,2906.0,False
2026-09-12,other,62,4pd Long Gun,Cannon,252,Placentia,129,0.05,30,80.0,False
2026-09-12,other,62,4pd Long Gun,Cannon,218,Playón,129,0.05,30,162.0,False
2026-09-12,other,62,4pd Long Gun,Cannon,369,Plymouth,129,0.05,30,563.0,False
2026-09-12,other,62,4pd Long Gun,Cannon,77,Port Antonio,129,0.05,30,1.0,False
2026-09-12,other,62,4pd Long Gun,Cannon,54,Portillo,129,0.05,30,10.0,False
2026-09-12,other,62,4pd Long Gun,Cannon,220,Portobelo,129,0.05,30,2.0,False
2026-09-12,other,62,4pd Long Gun,Cannon,101,Puerto Plata,129,0.05,30,1.0,False
2026-09-12,other,62,4pd Long Gun,Cannon,271,Puerto Real,129,0.05,30,514.0,False
2026-09-12,other,62,4pd Long Gun,Cannon,152,Roseau,129,0.05,30,285.0,False
2026-09-12,other,62,4pd Long Gun,Cannon,246,Ruatan,129,0.05,30,590.0,False
2026-09-12,other,62,4pd Long Gun,Cannon,164,Saint George,129,0.05,30,508.0,False
2026-09-12,other,62,4pd Long Gun,Cannon,140,Saint John's,129,0.05,30,101.0,False
2026-09-12,other,62,4pd Long Gun,Cannon,296,Saint-Malo,129,0.05,30,21.0,False
2026-09-12,other,62,4pd Long Gun,Cannon,256,Salamanca,129,0.05,30,154.0,False
2026-09-12,other,62,4pd Long Gun,Cannon,82,Sale-Trou,129,0.05,30,8.0,False
2026-09-12,other,62,4pd Long Gun,Cannon,104,Samaná,129,0.05,30,42.0,False
2026-09-12,other,62,4pd Long Gun,Cannon,326,San Agustín,129,0.05,30,600.0,False
2026-09-12,other,62,4pd Long Gun,Cannon,236,San Andrés,129,0.05,30,8.0,False
2026-09-12,other,62,4pd Long Gun,Cannon,303,San José,129,0.05,30,1042.0,False
2026-09-12,other,62,4pd Long Gun,Cannon,115,San Juan,129,0.05,30,4.0,False
2026-09-12,other,62,4pd Long Gun,Cannon,228,San Juan del Norte,129,0.05,30,24.0,False
2026-09-12,other,62,4pd Long Gun,Cannon,305,San Marcos,129,0.05,30,408.0,False
2026-09-12,other,62,4pd Long Gun,Cannon,56,Santa Cruz,129,0.05,30,327.0,False
2026-09-12,other,62,4pd Long Gun,Cannon,68,Santa Fe,129,0.05,30,216.0,False
2026-09-12,other,62,4pd Long Gun,Cannon,210,Santa Marta,129,0.05,30,692.0,False
2026-09-12,other,62,4pd Long Gun,Cannon,57,Santa María,129,0.05,30,1245.0,False
2026-09-12,other,62,4pd Long Gun,Cannon,348,Santanillas,129,0.05,30,1.0,False
2026-09-12,other,62,4pd Long Gun,Cannon,108,Santo Domingo,129,0.05,30,1.0,False
2026-09-12,other,62,4pd Long Gun,Cannon,176,Santo Tomé de Guayana,129,0.05,30,2.0,False
2026-09-12,other,62,4pd Long Gun,Cannon,331,Savannah,129,0.05,30,246.0,False
2026-09-12,other,62,4pd Long Gun,Cannon,165,Scarborough,129,0.05,30,2.0,False
2026-09-12,other,62,4pd Long Gun,Cannon,268,Sisal,129,0.05,30,4944.0,False
2026-09-12,other,62,4pd Long Gun,Cannon,309,Tampa,129,0.05,30,1935.0,False
2026-09-12,other,62,4pd Long Gun,Cannon,59,Trinidad,129,0.05,30,996.0,False
2026-09-12,other,62,4pd Long Gun,Cannon,244,Truxillo,129,0.05,30,405.0,False
2026-09-12,other,62,4pd Long Gun,Cannon,254,Turneffe,129,0.05,30,1113.0,False
2026-09-12,other,62,4pd Long Gun,Cannon,276,Vera Cruz,129,0.05,30,304.0,False
2026-09-12,other,62,4pd Long Gun,Cannon,273,Victoria,129,0.05,30,806.0,False
2026-09-12,other,62,4pd Long Gun,Cannon,4,West End,129,0.05,30,289.0,False
2026-09-12,other,62,4pd Long Gun,Cannon,174,Willemstad,129,0.05,30,657.0,False
2026-09-12,other,62,4pd Long Gun,Cannon,364,William's Bay,129,0.05,30,18.0,False
2026-09-12,other,62,4pd Long Gun,Cannon,335,Wilmington,129,0.05,30,102.0,False
2026-09-12,other,62,4pd Long Gun,Cannon,262,Xpu Ha,129,0.05,30,1.0,False
2026-09-12,other,70,4pd Medium Gun,Cannon,113,Aguadilla,100,0.05,24,10000.0,False
2026-09-12,other,70,4pd Medium Gun,Cannon,225,Almirante,100,0.05,24,10016.0,False
2026-09-12,other,70,4pd Medium Gun,Cannon,123,Amalienborg,100,0.05,24,16508.0,False
2026-09-12,other,70,4pd Medium Gun,Cannon,17,Arthur's Town,100,0.05,24,10056.0,False
2026-09-12,other,70,4pd Medium Gun,Cannon,150,Aves,100,0.05,24,14844.0,False
2026-09-12,other,70,4pd Medium Gun,Cannon,321,Ays,100,0.05,24,14343.0,False
2026-09-12,other,70,4pd Medium Gun,Cannon,103,Bahía Escocesa,100,0.05,24,10000.0,False
2026-09-12,other,70,4pd Medium Gun,Cannon,35,Baja,100,0.05,24,10000.0,False
2026-09-12,other,70,4pd Medium Gun,Cannon,50,Baracoa,100,0.05,24,11529.0,False
2026-09-12,other,70,4pd Medium Gun,Cannon,111,Barahona,100,0.05,24,10046.0,False
2026-09-12,other,70,4pd Medium Gun,Cannon,146,Basse-Terre,100,0.05,24,12231.0,False
2026-09-12,other,70,4pd Medium Gun,Cannon,137,Basseterre Town,100,0.05,24,10874.0,False
2026-09-12,other,70,4pd Medium Gun,Cannon,253,Belize,100,0.05,24,19104.0,False
2026-09-12,other,70,4pd Medium Gun,Cannon,257,Bensalem,100,0.05,24,13840.0,False
2026-09-12,other,70,4pd Medium Gun,Cannon,10,Bimini,100,0.05,24,10008.0,False
2026-09-12,other,70,4pd Medium Gun,Cannon,243,Black River,100,0.05,24,10008.0,False
2026-09-12,other,70,4pd Medium Gun,Cannon,230,Bluefields,100,0.05,24,20016.0,False
2026-09-12,other,70,4pd Medium Gun,Cannon,245,Bonacca,100,0.05,24,12044.0,False
2026-09-12,other,70,4pd Medium Gun,Cannon,350,Bone Cay,100,0.05,24,10140.0,False
2026-09-12,other,70,4pd Medium Gun,Cannon,237,Brangman's Bluff,100,0.05,24,10046.0,False
2026-09-12,other,70,4pd Medium Gun,Cannon,161,Bridgetown,100,0.05,24,10024.0,False
2026-09-12,other,70,4pd Medium Gun,Cannon,329,Brunswick,100,0.05,24,10094.0,False
2026-09-12,other,70,4pd Medium Gun,Cannon,318,Cabo Cañaveral,100,0.05,24,10152.0,False
2026-09-12,other,70,4pd Medium Gun,Cannon,208,Cabo de la Vela,100,0.05,24,10000.0,False
2026-09-12,other,70,4pd Medium Gun,Cannon,222,Calobelo,100,0.05,24,10006.0,False
2026-09-12,other,70,4pd Medium Gun,Cannon,149,Camp du Roy,100,0.05,24,10026.0,False
2026-09-12,other,70,4pd Medium Gun,Cannon,269,Campeche,100,0.05,24,12055.0,False
2026-09-12,other,70,4pd Medium Gun,Cannon,216,Canalete,100,0.05,24,10082.0,False
2026-09-12,other,70,4pd Medium Gun,Cannon,97,Cap-Français,100,0.05,24,10174.0,False
2026-09-12,other,70,4pd Medium Gun,Cannon,193,Caracas,100,0.05,24,16085.0,False
2026-09-12,other,70,4pd Medium Gun,Cannon,212,Cartagena de Indias,100,0.05,24,15938.0,False
2026-09-12,other,70,4pd Medium Gun,Cannon,198,Casigua,100,0.05,24,10050.0,False
2026-09-12,other,70,4pd Medium Gun,Cannon,74,Cayman Brac,100,0.05,24,10692.0,False
2026-09-12,other,70,4pd Medium Gun,Cannon,323,Cayo Biscayno,100,0.05,24,10518.0,False
2026-09-12,other,70,4pd Medium Gun,Cannon,44,Cayo Romano,100,0.05,24,10028.0,False
2026-09-12,other,70,4pd Medium Gun,Cannon,177,Caño Araguao,100,0.05,24,10194.0,False
2026-09-12,other,70,4pd Medium Gun,Cannon,270,Champotón,100,0.05,24,10014.0,False
2026-09-12,other,70,4pd Medium Gun,Cannon,333,Charleston,100,0.05,24,15248.0,False
2026-09-12,other,70,4pd Medium Gun,Cannon,258,Chinchorro,100,0.05,24,10008.0,False
2026-09-12,other,70,4pd Medium Gun,Cannon,129,Christiansted,100,0.05,24,11426.0,False
2026-09-12,other,70,4pd Medium Gun,Cannon,134,Codrington,100,0.05,24,10046.0,False
2026-09-12,other,70,4pd Medium Gun,Cannon,223,Concepción,100,0.05,24,10258.0,False
2026-09-12,other,70,4pd Medium Gun,Cannon,259,Congrios,100,0.05,24,10732.0,False
2026-09-12,other,70,4pd Medium Gun,Cannon,264,Conil,100,0.05,24,10000.0,False
2026-09-12,other,70,4pd Medium Gun,Cannon,207,Coquibacoa,100,0.05,24,10118.0,False
2026-09-12,other,70,4pd Medium Gun,Cannon,196,Coro,100,0.05,24,10034.0,False
2026-09-12,other,70,4pd Medium Gun,Cannon,66,Corrientes,100,0.05,24,11535.0,False
2026-09-12,other,70,4pd Medium Gun,Cannon,241,Croata,100,0.05,24,10018.0,False
2026-09-12,other,70,4pd Medium Gun,Cannon,361,Crown Haven,100,0.05,24,10000.0,False
2026-09-12,other,70,4pd Medium Gun,Cannon,189,Cumaná,100,0.05,24,10885.0,False
2026-09-12,other,70,4pd Medium Gun,Cannon,214,Dariena,100,0.05,24,10514.0,False
2026-09-12,other,70,4pd Medium Gun,Cannon,20,Deadman's Cay,100,0.05,24,10026.0,False
2026-09-12,other,70,4pd Medium Gun,Cannon,274,Espíritu Santo,100,0.05,24,10000.0,False
2026-09-12,other,70,4pd Medium Gun,Cannon,116,Fajardo,100,0.05,24,10082.0,False
2026-09-12,other,70,4pd Medium Gun,Cannon,135,Fort Baai,100,0.05,24,10317.0,False
2026-09-12,other,70,4pd Medium Gun,Cannon,173,Fort Oranje,100,0.05,24,15701.0,False
2026-09-12,other,70,4pd Medium Gun,Cannon,175,Fort Zoutman,100,0.05,24,10198.0,False
2026-09-12,other,70,4pd Medium Gun,Cannon,156,Fort-Royal,100,0.05,24,11415.0,False
2026-09-12,other,70,4pd Medium Gun,Cannon,183,Galdonas,100,0.05,24,10636.0,False
2026-09-12,other,70,4pd Medium Gun,Cannon,311,Gasparilla,100,0.05,24,10723.0,False
2026-09-12,other,70,4pd Medium Gun,Cannon,72,George Town,100,0.05,24,10761.0,False
2026-09-12,other,70,4pd Medium Gun,Cannon,18,George's Town,100,0.05,24,10022.0,False
2026-09-12,other,70,4pd Medium Gun,Cannon,334,Georgetown,100,0.05,24,10380.0,False
2026-09-12,other,70,4pd Medium Gun,Cannon,201,Gibraltar,100,0.05,24,10000.0,False
2026-09-12,other,70,4pd Medium Gun,Cannon,16,Governor's Harbour,100,0.05,24,10022.0,False
2026-09-12,other,70,4pd Medium Gun,Cannon,240,Gracias a Dios,100,0.05,24,11553.0,False
2026-09-12,other,70,4pd Medium Gun,Cannon,33,Grand Turk,100,0.05,24,12346.0,False
2026-09-12,other,70,4pd Medium Gun,Cannon,231,Great Corn,100,0.05,24,16711.0,False
2026-09-12,other,70,4pd Medium Gun,Cannon,233,Great River,100,0.05,24,14261.0,False
2026-09-12,other,70,4pd Medium Gun,Cannon,374,Guacata,100,0.05,24,10032.0,False
2026-09-12,other,70,4pd Medium Gun,Cannon,179,Guayaguayare,100,0.05,24,11280.0,False
2026-09-12,other,70,4pd Medium Gun,Cannon,117,Guayama,100,0.05,24,10024.0,False
2026-09-12,other,70,4pd Medium Gun,Cannon,133,Gustavia,100,0.05,24,10717.0,False
2026-09-12,other,70,4pd Medium Gun,Cannon,119,Guánica,100,0.05,24,10000.0,False
2026-09-12,other,70,4pd Medium Gun,Cannon,15,Harbour Island,100,0.05,24,10058.0,False
2026-09-12,other,70,4pd Medium Gun,Cannon,130,Hat Island,100,0.05,24,10032.0,False
2026-09-12,other,70,4pd Medium Gun,Cannon,106,Higüey,100,0.05,24,10008.0,False
2026-09-12,other,70,4pd Medium Gun,Cannon,316,Islamorada,100,0.05,24,14157.0,False
2026-09-12,other,70,4pd Medium Gun,Cannon,370,Island Harbour,100,0.05,24,14972.0,False
2026-09-12,other,70,4pd Medium Gun,Cannon,83,Jacmel,100,0.05,24,10014.0,False
2026-09-12,other,70,4pd Medium Gun,Cannon,88,Jérémie,100,0.05,24,18039.0,False
2026-09-12,other,70,4pd Medium Gun,Cannon,313,Key West,100,0.05,24,10825.0,False
2026-09-12,other,70,4pd Medium Gun,Cannon,357,Kidd's Harbour,100,0.05,24,10000.0,False
2026-09-12,other,70,4pd Medium Gun,Cannon,79,Kingston / Port Royal,100,0.05,24,12941.0,False
2026-09-12,other,70,4pd Medium Gun,Cannon,162,Kingstown,100,0.05,24,10004.0,False
2026-09-12,other,70,4pd Medium Gun,Cannon,42,La Anguila,100,0.05,24,10308.0,False
2026-09-12,other,70,4pd Medium Gun,Cannon,170,La Blanquilla,100,0.05,24,10012.0,False
2026-09-12,other,70,4pd Medium Gun,Cannon,363,La Desconocida,100,0.05,24,10000.0,False
2026-09-12,other,70,4pd Medium Gun,Cannon,38,La Habana,100,0.05,24,29082.0,False
2026-09-12,other,70,4pd Medium Gun,Cannon,100,La Isabela,100,0.05,24,10092.0,False
2026-09-12,other,70,4pd Medium Gun,Cannon,112,La Mona,100,0.05,24,10189.0,False
2026-09-12,other,70,4pd Medium Gun,Cannon,85,La Navasse,100,0.05,24,11225.0,False
2026-09-12,other,70,4pd Medium Gun,Cannon,171,La Orchilla,100,0.05,24,10030.0,False
2026-09-12,other,70,4pd Medium Gun,Cannon,96,La Tortue,100,0.05,24,10000.0,False
2026-09-12,other,70,4pd Medium Gun,Cannon,187,La Tortuga,100,0.05,24,10074.0,False
2026-09-12,other,70,4pd Medium Gun,Cannon,154,La Trinité,100,0.05,24,10000.0,False
2026-09-12,other,70,4pd Medium Gun,Cannon,172,Las Aves,100,0.05,24,10000.0,False
2026-09-12,other,70,4pd Medium Gun,Cannon,307,Las Sabinas,100,0.05,24,10086.0,False
2026-09-12,other,70,4pd Medium Gun,Cannon,314,Las Tortugas,100,0.05,24,11550.0,False
2026-09-12,other,70,4pd Medium Gun,Cannon,86,Les Cayes,100,0.05,24,10470.0,False
2026-09-12,other,70,4pd Medium Gun,Cannon,8,Little Harbour,100,0.05,24,10010.0,False
2026-09-12,other,70,4pd Medium Gun,Cannon,29,Little Inagua,100,0.05,24,10419.0,False
2026-09-12,other,70,4pd Medium Gun,Cannon,362,Little Isaac Rocks,100,0.05,24,10008.0,False
2026-09-12,other,70,4pd Medium Gun,Cannon,90,Léogane,100,0.05,24,10008.0,False
2026-09-12,other,70,4pd Medium Gun,Cannon,105,Macao,100,0.05,24,12456.0,False
2026-09-12,other,70,4pd Medium Gun,Cannon,358,Mangrove Cay,100,0.05,24,10504.0,False
2026-09-12,other,70,4pd Medium Gun,Cannon,55,Manzanillo,100,0.05,24,11564.0,False
2026-09-12,other,70,4pd Medium Gun,Cannon,204,Maracaibo,100,0.05,24,10668.0,False
2026-09-12,other,70,4pd Medium Gun,Cannon,131,Marigot,100,0.05,24,10000.0,False
2026-09-12,other,70,4pd Medium Gun,Cannon,9,Marsh Harbour,100,0.05,24,10032.0,False
2026-09-12,other,70,4pd Medium Gun,Cannon,39,Matanzas,100,0.05,24,10036.0,False
2026-09-12,other,70,4pd Medium Gun,Cannon,227,Matina,100,0.05,24,12898.0,False
2026-09-12,other,70,4pd Medium Gun,Cannon,26,Mayaguana,100,0.05,24,10000.0,False
2026-09-12,other,70,4pd Medium Gun,Cannon,11,Mimbres,100,0.05,24,10759.0,False
2026-09-12,other,70,4pd Medium Gun,Cannon,197,Mitara,100,0.05,24,10373.0,False
2026-09-12,other,70,4pd Medium Gun,Cannon,12,Morgan's Bluff,100,0.05,24,10000.0,False
2026-09-12,other,70,4pd Medium Gun,Cannon,27,Mortimer Town,100,0.05,24,13621.0,False
2026-09-12,other,70,4pd Medium Gun,Cannon,297,Nouvelle-Orléans,100,0.05,24,11208.0,False
2026-09-12,other,70,4pd Medium Gun,Cannon,46,Nuevitas,100,0.05,24,10057.0,False
2026-09-12,other,70,4pd Medium Gun,Cannon,235,Old Providence,100,0.05,24,10006.0,False
2026-09-12,other,70,4pd Medium Gun,Cannon,250,Omoa,100,0.05,24,10414.0,False
2026-09-12,other,70,4pd Medium Gun,Cannon,136,Oranjestad,100,0.05,24,11433.0,False
2026-09-12,other,70,4pd Medium Gun,Cannon,185,Pampatar,100,0.05,24,10649.0,False
2026-09-12,other,70,4pd Medium Gun,Cannon,30,Parrot Cay,100,0.05,24,10146.0,False
2026-09-12,other,70,4pd Medium Gun,Cannon,180,Pedernales,100,0.05,24,15405.0,False
2026-09-12,other,70,4pd Medium Gun,Cannon,352,Pedro Cay,100,0.05,24,10000.0,False
2026-09-12,other,70,4pd Medium Gun,Cannon,301,Penzacola,100,0.05,24,13129.0,False
2026-09-12,other,70,4pd Medium Gun,Cannon,203,Perijá,100,0.05,24,10000.0,False
2026-09-12,other,70,4pd Medium Gun,Cannon,65,Pinar del Río,100,0.05,24,18167.0,False
2026-09-12,other,70,4pd Medium Gun,Cannon,23,Pitt's Town,100,0.05,24,247425.0,False
2026-09-12,other,70,4pd Medium Gun,Cannon,252,Placentia,100,0.05,24,10077.0,False
2026-09-12,other,70,4pd Medium Gun,Cannon,218,Playón,100,0.05,24,10694.0,False
2026-09-12,other,70,4pd Medium Gun,Cannon,369,Plymouth,100,0.05,24,10905.0,False
2026-09-12,other,70,4pd Medium Gun,Cannon,145,Pointe-à-Pitre,100,0.05,24,10682.0,False
2026-09-12,other,70,4pd Medium Gun,Cannon,77,Port Antonio,100,0.05,24,10000.0,False
2026-09-12,other,70,4pd Medium Gun,Cannon,91,Port-au-Prince,100,0.05,24,10000.0,False
2026-09-12,other,70,4pd Medium Gun,Cannon,95,Port-de-Paix,100,0.05,24,10008.0,False
2026-09-12,other,70,4pd Medium Gun,Cannon,54,Portillo,100,0.05,24,11175.0,False
2026-09-12,other,70,4pd Medium Gun,Cannon,220,Portobelo,100,0.05,24,11152.0,False
2026-09-12,other,70,4pd Medium Gun,Cannon,194,Puerto Cabello,100,0.05,24,10000.0,False
2026-09-12,other,70,4pd Medium Gun,Cannon,169,Puerto de España,100,0.05,24,10230.0,False
2026-09-12,other,70,4pd Medium Gun,Cannon,49,Puerto de Nipe,100,0.05,24,11535.0,False
2026-09-12,other,70,4pd Medium Gun,Cannon,51,Puerto Escondido,100,0.05,24,10000.0,False
2026-09-12,other,70,4pd Medium Gun,Cannon,101,Puerto Plata,100,0.05,24,10008.0,False
2026-09-12,other,70,4pd Medium Gun,Cannon,271,Puerto Real,100,0.05,24,10880.0,False
2026-09-12,other,70,4pd Medium Gun,Cannon,191,Píritu,100,0.05,24,10038.0,False
2026-09-12,other,70,4pd Medium Gun,Cannon,21,Ragged Cay,100,0.05,24,10020.0,False
2026-09-12,other,70,4pd Medium Gun,Cannon,43,Remedios,100,0.05,24,10252.0,False
2026-09-12,other,70,4pd Medium Gun,Cannon,5,Road Rocks,100,0.05,24,10000.0,False
2026-09-12,other,70,4pd Medium Gun,Cannon,152,Roseau,100,0.05,24,11706.0,False
2026-09-12,other,70,4pd Medium Gun,Cannon,246,Ruatan,100,0.05,24,10094.0,False
2026-09-12,other,70,4pd Medium Gun,Cannon,192,Río Chico,100,0.05,24,10004.0,False
2026-09-12,other,70,4pd Medium Gun,Cannon,209,Río de la Hacha,100,0.05,24,10056.0,False
2026-09-12,other,70,4pd Medium Gun,Cannon,164,Saint George,100,0.05,24,12779.0,False
2026-09-12,other,70,4pd Medium Gun,Cannon,355,Saint George's Town,100,0.05,24,10174.0,False
2026-09-12,other,70,4pd Medium Gun,Cannon,140,Saint John's,100,0.05,24,12553.0,False
2026-09-12,other,70,4pd Medium Gun,Cannon,296,Saint-Malo,100,0.05,24,10580.0,False
2026-09-12,other,70,4pd Medium Gun,Cannon,92,Saint-Marc,100,0.05,24,10000.0,False
2026-09-12,other,70,4pd Medium Gun,Cannon,94,Saint-Nicolas,100,0.05,24,10191.0,False
2026-09-12,other,70,4pd Medium Gun,Cannon,256,Salamanca,100,0.05,24,10382.0,False
2026-09-12,other,70,4pd Medium Gun,Cannon,82,Sale-Trou,100,0.05,24,10000.0,False
2026-09-12,other,70,4pd Medium Gun,Cannon,104,Samaná,100,0.05,24,10020.0,False
2026-09-12,other,70,4pd Medium Gun,Cannon,326,San Agustín,100,0.05,24,10738.0,False
2026-09-12,other,70,4pd Medium Gun,Cannon,236,San Andrés,100,0.05,24,10198.0,False
2026-09-12,other,70,4pd Medium Gun,Cannon,303,San José,100,0.05,24,11063.0,False
2026-09-12,other,70,4pd Medium Gun,Cannon,115,San Juan,100,0.05,24,10367.0,False
2026-09-12,other,70,4pd Medium Gun,Cannon,228,San Juan del Norte,100,0.05,24,10000.0,False
2026-09-12,other,70,4pd Medium Gun,Cannon,62,San Lazaro,100,0.05,24,10000.0,False
2026-09-12,other,70,4pd Medium Gun,Cannon,305,San Marcos,100,0.05,24,10158.0,False
2026-09-12,other,70,4pd Medium Gun,Cannon,56,Santa Cruz,100,0.05,24,10644.0,False
2026-09-12,other,70,4pd Medium Gun,Cannon,68,Santa Fe,100,0.05,24,10000.0,False
2026-09-12,other,70,4pd Medium Gun,Cannon,210,Santa Marta,100,0.05,24,11618.0,False
2026-09-12,other,70,4pd Medium Gun,Cannon,57,Santa María,100,0.05,24,12182.0,False
2026-09-12,other,70,4pd Medium Gun,Cannon,348,Santanillas,100,0.05,24,10000.0,False
2026-09-12,other,70,4pd Medium Gun,Cannon,52,Santiago de Cuba,100,0.05,24,10828.0,False
2026-09-12,other,70,4pd Medium Gun,Cannon,108,Santo Domingo,100,0.05,24,10372.0,False
2026-09-12,other,70,4pd Medium Gun,Cannon,176,Santo Tomé de Guayana,100,0.05,24,10072.0,False
2026-09-12,other,70,4pd Medium Gun,Cannon,81,Savanna la Mar,100,0.05,24,10213.0,False
2026-09-12,other,70,4pd Medium Gun,Cannon,331,Savannah,100,0.05,24,10340.0,False
2026-09-12,other,70,4pd Medium Gun,Cannon,165,Scarborough,100,0.05,24,10016.0,False
2026-09-12,other,70,4pd Medium Gun,Cannon,266,Selam,100,0.05,24,10272.0,False
2026-09-12,other,70,4pd Medium Gun,Cannon,349,Serrana,100,0.05,24,10000.0,False
2026-09-12,other,70,4pd Medium Gun,Cannon,366,Shroud Cay,100,0.05,24,10109.0,False
2026-09-12,other,70,4pd Medium Gun,Cannon,71,Siguanea,100,0.05,24,10119.0,False
2026-09-12,other,70,4pd Medium Gun,Cannon,268,Sisal,100,0.05,24,15357.0,False
2026-09-12,other,70,4pd Medium Gun,Cannon,127,Spanish Town,100,0.05,24,10004.0,False
2026-09-12,other,70,4pd Medium Gun,Cannon,309,Tampa,100,0.05,24,13251.0,False
2026-09-12,other,70,4pd Medium Gun,Cannon,263,Tantun Cuzamil,100,0.05,24,10226.0,False
2026-09-12,other,70,4pd Medium Gun,Cannon,213,Tolú,100,0.05,24,10000.0,False
2026-09-12,other,70,4pd Medium Gun,Cannon,59,Trinidad,100,0.05,24,13171.0,False
2026-09-12,other,70,4pd Medium Gun,Cannon,244,Truxillo,100,0.05,24,11132.0,False
2026-09-12,other,70,4pd Medium Gun,Cannon,343,Tumbado,100,0.05,24,11521.0,False
2026-09-12,other,70,4pd Medium Gun,Cannon,254,Turneffe,100,0.05,24,11456.0,False
2026-09-12,other,70,4pd Medium Gun,Cannon,6,Turtle Cay,100,0.05,24,10254.0,False
2026-09-12,other,70,4pd Medium Gun,Cannon,276,Vera Cruz,100,0.05,24,12294.0,False
2026-09-12,other,70,4pd Medium Gun,Cannon,273,Victoria,100,0.05,24,10553.0,False
2026-09-12,other,70,4pd Medium Gun,Cannon,159,Vieux-Fort,100,0.05,24,10034.0,False
2026-09-12,other,70,4pd Medium Gun,Cannon,3,Walker's Cay,100,0.05,24,10093.0,False
2026-09-12,other,70,4pd Medium Gun,Cannon,360,Water Bay,100,0.05,24,10008.0,False
2026-09-12,other,70,4pd Medium Gun,Cannon,22,Watlings,100,0.05,24,10066.0,False
2026-09-12,other,70,4pd Medium Gun,Cannon,4,West End,100,0.05,24,10268.0,False
2026-09-12,other,70,4pd Medium Gun,Cannon,174,Willemstad,100,0.05,24,11299.0,False
2026-09-12,other,70,4pd Medium Gun,Cannon,364,William's Bay,100,0.05,24,15107.0,False
2026-09-12,other,70,4pd Medium Gun,Cannon,335,Wilmington,100,0.05,24,10414.0,False
2026-09-12,other,70,4pd Medium Gun,Cannon,262,Xpu Ha,100,0.05,24,10155.0,False
2026-09-12,other,70,4pd Medium Gun,Cannon,181,Yaguaraparo,100,0.05,24,10000.0,False
2026-09-12,other,55,68pd Carronade,Cannon,123,Amalienborg,262,0.05,62,390.0,False
2026-09-12,other,55,68pd Carronade,Cannon,321,Ays,262,0.05,62,475.0,False
2026-09-12,other,55,68pd Carronade,Cannon,137,Basseterre Town,262,0.05,62,1.0,False
2026-09-12,other,55,68pd Carronade,Cannon,257,Bensalem,262,0.05,62,1620.0,False
2026-09-12,other,55,68pd Carronade,Cannon,230,Bluefields,262,0.05,62,2565.0,False
2026-09-12,other,55,68pd Carronade,Cannon,245,Bonacca,262,0.05,62,6.0,False
2026-09-12,other,55,68pd Carronade,Cannon,350,Bone Cay,262,0.05,62,239.0,False
2026-09-12,other,55,68pd Carronade,Cannon,237,Brangman's Bluff,262,0.05,62,24.0,False
2026-09-12,other,55,68pd Carronade,Cannon,269,Campeche,262,0.05,62,583.0,False
2026-09-12,other,55,68pd Carronade,Cannon,216,Canalete,262,0.05,62,8.0,False
2026-09-12,other,55,68pd Carronade,Cannon,193,Caracas,262,0.05,62,750.0,False
2026-09-12,other,55,68pd Carronade,Cannon,333,Charleston,262,0.05,62,619.0,False
2026-09-12,other,55,68pd Carronade,Cannon,129,Christiansted,262,0.05,62,172.0,False
2026-09-12,other,55,68pd Carronade,Cannon,264,Conil,262,0.05,62,18.0,False
2026-09-12,other,55,68pd Carronade,Cannon,207,Coquibacoa,262,0.05,62,1.0,False
2026-09-12,other,55,68pd Carronade,Cannon,189,Cumaná,262,0.05,62,110.0,False
2026-09-12,other,55,68pd Carronade,Cannon,274,Espíritu Santo,262,0.05,62,240.0,False
2026-09-12,other,55,68pd Carronade,Cannon,135,Fort Baai,262,0.05,62,858.0,False
2026-09-12,other,55,68pd Carronade,Cannon,173,Fort Oranje,262,0.05,62,378.0,False
2026-09-12,other,55,68pd Carronade,Cannon,175,Fort Zoutman,262,0.05,62,2.0,False
2026-09-12,other,55,68pd Carronade,Cannon,72,George Town,262,0.05,62,4.0,False
2026-09-12,other,55,68pd Carronade,Cannon,233,Great River,262,0.05,62,1013.0,False
2026-09-12,other,55,68pd Carronade,Cannon,119,Guánica,262,0.05,62,20.0,False
2026-09-12,other,55,68pd Carronade,Cannon,83,Jacmel,262,0.05,62,68.0,False
2026-09-12,other,55,68pd Carronade,Cannon,88,Jérémie,262,0.05,62,2535.0,False
2026-09-12,other,55,68pd Carronade,Cannon,313,Key West,262,0.05,62,1.0,False
2026-09-12,other,55,68pd Carronade,Cannon,79,Kingston / Port Royal,262,0.05,62,686.0,False
2026-09-12,other,55,68pd Carronade,Cannon,112,La Mona,262,0.05,62,15.0,False
2026-09-12,other,55,68pd Carronade,Cannon,85,La Navasse,262,0.05,62,16.0,False
2026-09-12,other,55,68pd Carronade,Cannon,86,Les Cayes,262,0.05,62,12.0,False
2026-09-12,other,55,68pd Carronade,Cannon,55,Manzanillo,262,0.05,62,96.0,False
2026-09-12,other,55,68pd Carronade,Cannon,204,Maracaibo,262,0.05,62,10.0,False
2026-09-12,other,55,68pd Carronade,Cannon,227,Matina,262,0.05,62,2055.0,False
2026-09-12,other,55,68pd Carronade,Cannon,297,Nouvelle-Orléans,262,0.05,62,305.0,False
2026-09-12,other,55,68pd Carronade,Cannon,301,Penzacola,262,0.05,62,576.0,False
2026-09-12,other,55,68pd Carronade,Cannon,218,Playón,262,0.05,62,132.0,False
2026-09-12,other,55,68pd Carronade,Cannon,54,Portillo,262,0.05,62,8.0,False
2026-09-12,other,55,68pd Carronade,Cannon,49,Puerto de Nipe,262,0.05,62,424.0,False
2026-09-12,other,55,68pd Carronade,Cannon,271,Puerto Real,262,0.05,62,954.0,False
2026-09-12,other,55,68pd Carronade,Cannon,296,Saint-Malo,262,0.05,62,12.0,False
2026-09-12,other,55,68pd Carronade,Cannon,104,Samaná,262,0.05,62,2.0,False
2026-09-12,other,55,68pd Carronade,Cannon,326,San Agustín,262,0.05,62,573.0,False
2026-09-12,other,55,68pd Carronade,Cannon,303,San José,262,0.05,62,1279.0,False
2026-09-12,other,55,68pd Carronade,Cannon,62,San Lazaro,262,0.05,62,74.0,False
2026-09-12,other,55,68pd Carronade,Cannon,56,Santa Cruz,262,0.05,62,887.0,False
2026-09-12,other,55,68pd Carronade,Cannon,210,Santa Marta,262,0.05,62,210.0,False
2026-09-12,other,55,68pd Carronade,Cannon,57,Santa María,262,0.05,62,58.0,False
2026-09-12,other,55,68pd Carronade,Cannon,165,Scarborough,262,0.05,62,1.0,False
2026-09-12,other,55,68pd Carronade,Cannon,71,Siguanea,262,0.05,62,18.0,False
2026-09-12,other,55,68pd Carronade,Cannon,268,Sisal,262,0.05,62,60.0,False
2026-09-12,other,55,68pd Carronade,Cannon,309,Tampa,262,0.05,62,94.0,False
2026-09-12,other,55,68pd Carronade,Cannon,213,Tolú,262,0.05,62,110.0,False
2026-09-12,other,55,68pd Carronade,Cannon,59,Trinidad,262,0.05,62,185.0,False
2026-09-12,other,55,68pd Carronade,Cannon,244,Truxillo,262,0.05,62,307.0,False
2026-09-12,other,55,68pd Carronade,Cannon,254,Turneffe,262,0.05,62,123.0,False
2026-09-12,other,55,68pd Carronade,Cannon,276,Vera Cruz,262,0.05,62,496.0,False
2026-09-12,other,55,68pd Carronade,Cannon,273,Victoria,262,0.05,62,664.0,False
2026-09-12,other,55,68pd Carronade,Cannon,174,Willemstad,262,0.05,62,50.0,False
2026-09-12,other,55,68pd Carronade,Cannon,364,William's Bay,262,0.05,62,383.0,False
2026-09-12,other,63,6pd Long Gun,Cannon,225,Almirante,150,0.05,35,6.0,False
2026-09-12,other,63,6pd Long Gun,Cannon,50,Baracoa,150,0.05,35,26.0,False
2026-09-12,other,63,6pd Long Gun,Cannon,253,Belize,150,0.05,35,298.0,False
2026-09-12,other,63,6pd Long Gun,Cannon,243,Black River,150,0.05,35,1.0,False
2026-09-12,other,63,6pd Long Gun,Cannon,230,Bluefields,150,0.05,35,21.0,False
2026-09-12,other,63,6pd Long Gun,Cannon,350,Bone Cay,150,0.05,35,8.0,False
2026-09-12,other,63,6pd Long Gun,Cannon,269,Campeche,150,0.05,35,8.0,False
2026-09-12,other,63,6pd Long Gun,Cannon,97,Cap-Français,150,0.05,35,12.0,False
2026-09-12,other,63,6pd Long Gun,Cannon,193,Caracas,150,0.05,35,119.0,False
2026-09-12,other,63,6pd Long Gun,Cannon,212,Cartagena de Indias,150,0.05,35,229.0,False
2026-09-12,other,63,6pd Long Gun,Cannon,129,Christiansted,150,0.05,35,4.0,False
2026-09-12,other,63,6pd Long Gun,Cannon,207,Coquibacoa,150,0.05,35,8.0,False
2026-09-12,other,63,6pd Long Gun,Cannon,241,Croata,150,0.05,35,1.0,False
2026-09-12,other,63,6pd Long Gun,Cannon,173,Fort Oranje,150,0.05,35,1756.0,False
2026-09-12,other,63,6pd Long Gun,Cannon,175,Fort Zoutman,150,0.05,35,1.0,False
2026-09-12,other,63,6pd Long Gun,Cannon,183,Galdonas,150,0.05,35,6.0,False
2026-09-12,other,63,6pd Long Gun,Cannon,72,George Town,150,0.05,35,42.0,False
2026-09-12,other,63,6pd Long Gun,Cannon,33,Grand Turk,150,0.05,35,14.0,False
2026-09-12,other,63,6pd Long Gun,Cannon,231,Great Corn,150,0.05,35,4.0,False
2026-09-12,other,63,6pd Long Gun,Cannon,374,Guacata,150,0.05,35,6.0,False
2026-09-12,other,63,6pd Long Gun,Cannon,179,Guayaguayare,150,0.05,35,20.0,False
2026-09-12,other,63,6pd Long Gun,Cannon,119,Guánica,150,0.05,35,58.0,False
2026-09-12,other,63,6pd Long Gun,Cannon,83,Jacmel,150,0.05,35,18.0,False
2026-09-12,other,63,6pd Long Gun,Cannon,357,Kidd's Harbour,150,0.05,35,16.0,False
2026-09-12,other,63,6pd Long Gun,Cannon,38,La Habana,150,0.05,35,566.0,False
2026-09-12,other,63,6pd Long Gun,Cannon,307,Las Sabinas,150,0.05,35,4.0,False
2026-09-12,other,63,6pd Long Gun,Cannon,55,Manzanillo,150,0.05,35,104.0,False
2026-09-12,other,63,6pd Long Gun,Cannon,9,Marsh Harbour,150,0.05,35,10.0,False
2026-09-12,other,63,6pd Long Gun,Cannon,197,Mitara,150,0.05,35,10.0,False
2026-09-12,other,63,6pd Long Gun,Cannon,27,Mortimer Town,150,0.05,35,1.0,False
2026-09-12,other,63,6pd Long Gun,Cannon,297,Nouvelle-Orléans,150,0.05,35,106.0,False
2026-09-12,other,63,6pd Long Gun,Cannon,250,Omoa,150,0.05,35,2.0,False
2026-09-12,other,63,6pd Long Gun,Cannon,180,Pedernales,150,0.05,35,653.0,False
2026-09-12,other,63,6pd Long Gun,Cannon,301,Penzacola,150,0.05,35,554.0,False
2026-09-12,other,63,6pd Long Gun,Cannon,65,Pinar del Río,150,0.05,35,94.0,False
2026-09-12,other,63,6pd Long Gun,Cannon,218,Playón,150,0.05,35,14.0,False
2026-09-12,other,63,6pd Long Gun,Cannon,95,Port-de-Paix,150,0.05,35,1.0,False
2026-09-12,other,63,6pd Long Gun,Cannon,54,Portillo,150,0.05,35,30.0,False
2026-09-12,other,63,6pd Long Gun,Cannon,169,Puerto de España,150,0.05,35,20.0,False
2026-09-12,other,63,6pd Long Gun,Cannon,271,Puerto Real,150,0.05,35,70.0,False
2026-09-12,other,63,6pd Long Gun,Cannon,296,Saint-Malo,150,0.05,35,10.0,False
2026-09-12,other,63,6pd Long Gun,Cannon,94,Saint-Nicolas,150,0.05,35,1.0,False
2026-09-12,other,63,6pd Long Gun,Cannon,104,Samaná,150,0.05,35,1.0,False
2026-09-12,other,63,6pd Long Gun,Cannon,326,San Agustín,150,0.05,35,20.0,False
2026-09-12,other,63,6pd Long Gun,Cannon,303,San José,150,0.05,35,205.0,False
2026-09-12,other,63,6pd Long Gun,Cannon,115,San Juan,150,0.05,35,12.0,False
2026-09-12,other,63,6pd Long Gun,Cannon,305,San Marcos,150,0.05,35,7.0,False
2026-09-12,other,63,6pd Long Gun,Cannon,68,Santa Fe,150,0.05,35,1.0,False
2026-09-12,other,63,6pd Long Gun,Cannon,210,Santa Marta,150,0.05,35,1.0,False
2026-09-12,other,63,6pd Long Gun,Cannon,108,Santo Domingo,150,0.05,35,2.0,False
2026-09-12,other,63,6pd Long Gun,Cannon,176,Santo Tomé de Guayana,150,0.05,35,2.0,False
2026-09-12,other,63,6pd Long Gun,Cannon,349,Serrana,150,0.05,35,20.0,False
2026-09-12,other,63,6pd Long Gun,Cannon,268,Sisal,150,0.05,35,260.0,False
2026-09-12,other,63,6pd Long Gun,Cannon,309,Tampa,150,0.05,35,134.0,False
2026-09-12,other,63,6pd Long Gun,Cannon,273,Victoria,150,0.05,35,8.0,False
2026-09-12,other,63,6pd Long Gun,Cannon,174,Willemstad,150,0.05,35,70.0,False
2026-09-12,other,63,6pd Long Gun,Cannon,364,William's Bay,150,0.05,35,56.0,False
2026-09-12,other,72,6pd Medium Gun,Cannon,113,Aguadilla,121,0.05,29,11182.0,False
2026-09-12,other,72,6pd Medium Gun,Cannon,225,Almirante,121,0.05,29,10124.0,False
2026-09-12,other,72,6pd Medium Gun,Cannon,123,Amalienborg,121,0.05,29,14209.0,False
2026-09-12,other,72,6pd Medium Gun,Cannon,17,Arthur's Town,121,0.05,29,10036.0,False
2026-09-12,other,72,6pd Medium Gun,Cannon,150,Aves,121,0.05,29,13244.0,False
2026-09-12,other,72,6pd Medium Gun,Cannon,321,Ays,121,0.05,29,13093.0,False
2026-09-12,other,72,6pd Medium Gun,Cannon,103,Bahía Escocesa,121,0.05,29,10464.0,False
2026-09-12,other,72,6pd Medium Gun,Cannon,35,Baja,121,0.05,29,10002.0,False
2026-09-12,other,72,6pd Medium Gun,Cannon,50,Baracoa,121,0.05,29,15161.0,False
2026-09-12,other,72,6pd Medium Gun,Cannon,111,Barahona,121,0.05,29,10013.0,False
2026-09-12,other,72,6pd Medium Gun,Cannon,146,Basse-Terre,121,0.05,29,15419.0,False
2026-09-12,other,72,6pd Medium Gun,Cannon,137,Basseterre Town,121,0.05,29,10420.0,False
2026-09-12,other,72,6pd Medium Gun,Cannon,253,Belize,121,0.05,29,21375.0,False
2026-09-12,other,72,6pd Medium Gun,Cannon,257,Bensalem,121,0.05,29,17788.0,False
2026-09-12,other,72,6pd Medium Gun,Cannon,10,Bimini,121,0.05,29,10000.0,False
2026-09-12,other,72,6pd Medium Gun,Cannon,243,Black River,121,0.05,29,10583.0,False
2026-09-12,other,72,6pd Medium Gun,Cannon,230,Bluefields,121,0.05,29,19048.0,False
2026-09-12,other,72,6pd Medium Gun,Cannon,245,Bonacca,121,0.05,29,14546.0,False
2026-09-12,other,72,6pd Medium Gun,Cannon,350,Bone Cay,121,0.05,29,10002.0,False
2026-09-12,other,72,6pd Medium Gun,Cannon,237,Brangman's Bluff,121,0.05,29,10014.0,False
2026-09-12,other,72,6pd Medium Gun,Cannon,161,Bridgetown,121,0.05,29,10000.0,False
2026-09-12,other,72,6pd Medium Gun,Cannon,329,Brunswick,121,0.05,29,10991.0,False
2026-09-12,other,72,6pd Medium Gun,Cannon,318,Cabo Cañaveral,121,0.05,29,10915.0,False
2026-09-12,other,72,6pd Medium Gun,Cannon,208,Cabo de la Vela,121,0.05,29,10814.0,False
2026-09-12,other,72,6pd Medium Gun,Cannon,222,Calobelo,121,0.05,29,10378.0,False
2026-09-12,other,72,6pd Medium Gun,Cannon,149,Camp du Roy,121,0.05,29,10000.0,False
2026-09-12,other,72,6pd Medium Gun,Cannon,269,Campeche,121,0.05,29,13046.0,False
2026-09-12,other,72,6pd Medium Gun,Cannon,216,Canalete,121,0.05,29,10854.0,False
2026-09-12,other,72,6pd Medium Gun,Cannon,97,Cap-Français,121,0.05,29,10302.0,False
2026-09-12,other,72,6pd Medium Gun,Cannon,193,Caracas,121,0.05,29,17765.0,False
2026-09-12,other,72,6pd Medium Gun,Cannon,212,Cartagena de Indias,121,0.05,29,17130.0,False
2026-09-12,other,72,6pd Medium Gun,Cannon,198,Casigua,121,0.05,29,10042.0,False
2026-09-12,other,72,6pd Medium Gun,Cannon,74,Cayman Brac,121,0.05,29,13528.0,False
2026-09-12,other,72,6pd Medium Gun,Cannon,323,Cayo Biscayno,121,0.05,29,10006.0,False
2026-09-12,other,72,6pd Medium Gun,Cannon,44,Cayo Romano,121,0.05,29,10014.0,False
2026-09-12,other,72,6pd Medium Gun,Cannon,177,Caño Araguao,121,0.05,29,11025.0,False
2026-09-12,other,72,6pd Medium Gun,Cannon,270,Champotón,121,0.05,29,10526.0,False
2026-09-12,other,72,6pd Medium Gun,Cannon,333,Charleston,121,0.05,29,21330.0,False
2026-09-12,other,72,6pd Medium Gun,Cannon,258,Chinchorro,121,0.05,29,10002.0,False
2026-09-12,other,72,6pd Medium Gun,Cannon,129,Christiansted,121,0.05,29,12910.0,False
2026-09-12,other,72,6pd Medium Gun,Cannon,134,Codrington,121,0.05,29,10481.0,False
2026-09-12,other,72,6pd Medium Gun,Cannon,223,Concepción,121,0.05,29,10380.0,False
2026-09-12,other,72,6pd Medium Gun,Cannon,259,Congrios,121,0.05,29,11371.0,False
2026-09-12,other,72,6pd Medium Gun,Cannon,264,Conil,121,0.05,29,10893.0,False
2026-09-12,other,72,6pd Medium Gun,Cannon,207,Coquibacoa,121,0.05,29,12483.0,False
2026-09-12,other,72,6pd Medium Gun,Cannon,196,Coro,121,0.05,29,10054.0,False
2026-09-12,other,72,6pd Medium Gun,Cannon,66,Corrientes,121,0.05,29,11953.0,False
2026-09-12,other,72,6pd Medium Gun,Cannon,241,Croata,121,0.05,29,10110.0,False
2026-09-12,other,72,6pd Medium Gun,Cannon,361,Crown Haven,121,0.05,29,11975.0,False
2026-09-12,other,72,6pd Medium Gun,Cannon,189,Cumaná,121,0.05,29,10932.0,False
2026-09-12,other,72,6pd Medium Gun,Cannon,214,Dariena,121,0.05,29,10932.0,False
2026-09-12,other,72,6pd Medium Gun,Cannon,20,Deadman's Cay,121,0.05,29,10044.0,False
2026-09-12,other,72,6pd Medium Gun,Cannon,274,Espíritu Santo,121,0.05,29,10605.0,False
2026-09-12,other,72,6pd Medium Gun,Cannon,116,Fajardo,121,0.05,29,12414.0,False
2026-09-12,other,72,6pd Medium Gun,Cannon,135,Fort Baai,121,0.05,29,16194.0,False
2026-09-12,other,72,6pd Medium Gun,Cannon,173,Fort Oranje,121,0.05,29,15892.0,False
2026-09-12,other,72,6pd Medium Gun,Cannon,175,Fort Zoutman,121,0.05,29,12811.0,False
2026-09-12,other,72,6pd Medium Gun,Cannon,156,Fort-Royal,121,0.05,29,15239.0,False
2026-09-12,other,72,6pd Medium Gun,Cannon,183,Galdonas,121,0.05,29,11966.0,False
2026-09-12,other,72,6pd Medium Gun,Cannon,311,Gasparilla,121,0.05,29,11873.0,False
2026-09-12,other,72,6pd Medium Gun,Cannon,72,George Town,121,0.05,29,14733.0,False
2026-09-12,other,72,6pd Medium Gun,Cannon,18,George's Town,121,0.05,29,10096.0,False
2026-09-12,other,72,6pd Medium Gun,Cannon,334,Georgetown,121,0.05,29,10374.0,False
2026-09-12,other,72,6pd Medium Gun,Cannon,201,Gibraltar,121,0.05,29,10000.0,False
2026-09-12,other,72,6pd Medium Gun,Cannon,16,Governor's Harbour,121,0.05,29,10090.0,False
2026-09-12,other,72,6pd Medium Gun,Cannon,240,Gracias a Dios,121,0.05,29,12817.0,False
2026-09-12,other,72,6pd Medium Gun,Cannon,33,Grand Turk,121,0.05,29,11235.0,False
2026-09-12,other,72,6pd Medium Gun,Cannon,231,Great Corn,121,0.05,29,17105.0,False
2026-09-12,other,72,6pd Medium Gun,Cannon,233,Great River,121,0.05,29,12783.0,False
2026-09-12,other,72,6pd Medium Gun,Cannon,374,Guacata,121,0.05,29,10006.0,False
2026-09-12,other,72,6pd Medium Gun,Cannon,179,Guayaguayare,121,0.05,29,14617.0,False
2026-09-12,other,72,6pd Medium Gun,Cannon,117,Guayama,121,0.05,29,10748.0,False
2026-09-12,other,72,6pd Medium Gun,Cannon,133,Gustavia,121,0.05,29,11351.0,False
2026-09-12,other,72,6pd Medium Gun,Cannon,119,Guánica,121,0.05,29,10662.0,False
2026-09-12,other,72,6pd Medium Gun,Cannon,15,Harbour Island,121,0.05,29,10502.0,False
2026-09-12,other,72,6pd Medium Gun,Cannon,130,Hat Island,121,0.05,29,10236.0,False
2026-09-12,other,72,6pd Medium Gun,Cannon,106,Higüey,121,0.05,29,13532.0,False
2026-09-12,other,72,6pd Medium Gun,Cannon,316,Islamorada,121,0.05,29,18306.0,False
2026-09-12,other,72,6pd Medium Gun,Cannon,370,Island Harbour,121,0.05,29,13987.0,False
2026-09-12,other,72,6pd Medium Gun,Cannon,83,Jacmel,121,0.05,29,10964.0,False
2026-09-12,other,72,6pd Medium Gun,Cannon,88,Jérémie,121,0.05,29,31572.0,False
2026-09-12,other,72,6pd Medium Gun,Cannon,313,Key West,121,0.05,29,12373.0,False
2026-09-12,other,72,6pd Medium Gun,Cannon,357,Kidd's Harbour,121,0.05,29,10012.0,False
2026-09-12,other,72,6pd Medium Gun,Cannon,79,Kingston / Port Royal,121,0.05,29,10981.0,False
2026-09-12,other,72,6pd Medium Gun,Cannon,162,Kingstown,121,0.05,29,10162.0,False
2026-09-12,other,72,6pd Medium Gun,Cannon,42,La Anguila,121,0.05,29,10002.0,False
2026-09-12,other,72,6pd Medium Gun,Cannon,170,La Blanquilla,121,0.05,29,10313.0,False
2026-09-12,other,72,6pd Medium Gun,Cannon,363,La Desconocida,121,0.05,29,17513.0,False
2026-09-12,other,72,6pd Medium Gun,Cannon,38,La Habana,121,0.05,29,28245.0,False
2026-09-12,other,72,6pd Medium Gun,Cannon,100,La Isabela,121,0.05,29,10277.0,False
2026-09-12,other,72,6pd Medium Gun,Cannon,112,La Mona,121,0.05,29,10087.0,False
2026-09-12,other,72,6pd Medium Gun,Cannon,85,La Navasse,121,0.05,29,12224.0,False
2026-09-12,other,72,6pd Medium Gun,Cannon,171,La Orchilla,121,0.05,29,10406.0,False
2026-09-12,other,72,6pd Medium Gun,Cannon,96,La Tortue,121,0.05,29,13739.0,False
2026-09-12,other,72,6pd Medium Gun,Cannon,187,La Tortuga,121,0.05,29,10040.0,False
2026-09-12,other,72,6pd Medium Gun,Cannon,154,La Trinité,121,0.05,29,10054.0,False
2026-09-12,other,72,6pd Medium Gun,Cannon,172,Las Aves,121,0.05,29,10004.0,False
2026-09-12,other,72,6pd Medium Gun,Cannon,307,Las Sabinas,121,0.05,29,10020.0,False
2026-09-12,other,72,6pd Medium Gun,Cannon,314,Las Tortugas,121,0.05,29,11997.0,False
2026-09-12,other,72,6pd Medium Gun,Cannon,86,Les Cayes,121,0.05,29,13978.0,False
2026-09-12,other,72,6pd Medium Gun,Cannon,8,Little Harbour,121,0.05,29,10000.0,False
2026-09-12,other,72,6pd Medium Gun,Cannon,29,Little Inagua,121,0.05,29,10010.0,False
2026-09-12,other,72,6pd Medium Gun,Cannon,362,Little Isaac Rocks,121,0.05,29,10000.0,False
2026-09-12,other,72,6pd Medium Gun,Cannon,90,Léogane,121,0.05,29,10116.0,False
2026-09-12,other,72,6pd Medium Gun,Cannon,105,Macao,121,0.05,29,15341.0,False
2026-09-12,other,72,6pd Medium Gun,Cannon,358,Mangrove Cay,121,0.05,29,14935.0,False
2026-09-12,other,72,6pd Medium Gun,Cannon,55,Manzanillo,121,0.05,29,12411.0,False
2026-09-12,other,72,6pd Medium Gun,Cannon,204,Maracaibo,121,0.05,29,11274.0,False
2026-09-12,other,72,6pd Medium Gun,Cannon,131,Marigot,121,0.05,29,10840.0,False
2026-09-12,other,72,6pd Medium Gun,Cannon,9,Marsh Harbour,121,0.05,29,10000.0,False
2026-09-12,other,72,6pd Medium Gun,Cannon,39,Matanzas,121,0.05,29,10377.0,False
2026-09-12,other,72,6pd Medium Gun,Cannon,227,Matina,121,0.05,29,15088.0,False
2026-09-12,other,72,6pd Medium Gun,Cannon,26,Mayaguana,121,0.05,29,10000.0,False
2026-09-12,other,72,6pd Medium Gun,Cannon,11,Mimbres,121,0.05,29,12559.0,False
2026-09-12,other,72,6pd Medium Gun,Cannon,197,Mitara,121,0.05,29,12330.0,False
2026-09-12,other,72,6pd Medium Gun,Cannon,12,Morgan's Bluff,121,0.05,29,10000.0,False
2026-09-12,other,72,6pd Medium Gun,Cannon,27,Mortimer Town,121,0.05,29,21004.0,False
2026-09-12,other,72,6pd Medium Gun,Cannon,297,Nouvelle-Orléans,121,0.05,29,13088.0,False
2026-09-12,other,72,6pd Medium Gun,Cannon,46,Nuevitas,121,0.05,29,11715.0,False
2026-09-12,other,72,6pd Medium Gun,Cannon,235,Old Providence,121,0.05,29,10172.0,False
2026-09-12,other,72,6pd Medium Gun,Cannon,250,Omoa,121,0.05,29,10510.0,False
2026-09-12,other,72,6pd Medium Gun,Cannon,136,Oranjestad,121,0.05,29,14175.0,False
2026-09-12,other,72,6pd Medium Gun,Cannon,185,Pampatar,121,0.05,29,11182.0,False
2026-09-12,other,72,6pd Medium Gun,Cannon,30,Parrot Cay,121,0.05,29,10834.0,False
2026-09-12,other,72,6pd Medium Gun,Cannon,180,Pedernales,121,0.05,29,16201.0,False
2026-09-12,other,72,6pd Medium Gun,Cannon,352,Pedro Cay,121,0.05,29,10000.0,False
2026-09-12,other,72,6pd Medium Gun,Cannon,301,Penzacola,121,0.05,29,13375.0,False
2026-09-12,other,72,6pd Medium Gun,Cannon,203,Perijá,121,0.05,29,10000.0,False
2026-09-12,other,72,6pd Medium Gun,Cannon,65,Pinar del Río,121,0.05,29,22898.0,False
2026-09-12,other,72,6pd Medium Gun,Cannon,252,Placentia,121,0.05,29,10909.0,False
2026-09-12,other,72,6pd Medium Gun,Cannon,218,Playón,121,0.05,29,12447.0,False
2026-09-12,other,72,6pd Medium Gun,Cannon,369,Plymouth,121,0.05,29,11045.0,False
2026-09-12,other,72,6pd Medium Gun,Cannon,145,Pointe-à-Pitre,121,0.05,29,10186.0,False
2026-09-12,other,72,6pd Medium Gun,Cannon,77,Port Antonio,121,0.05,29,10323.0,False
2026-09-12,other,72,6pd Medium Gun,Cannon,91,Port-au-Prince,121,0.05,29,10190.0,False
2026-09-12,other,72,6pd Medium Gun,Cannon,95,Port-de-Paix,121,0.05,29,10000.0,False
2026-09-12,other,72,6pd Medium Gun,Cannon,54,Portillo,121,0.05,29,11232.0,False
2026-09-12,other,72,6pd Medium Gun,Cannon,220,Portobelo,121,0.05,29,10923.0,False
2026-09-12,other,72,6pd Medium Gun,Cannon,194,Puerto Cabello,121,0.05,29,10102.0,False
2026-09-12,other,72,6pd Medium Gun,Cannon,169,Puerto de España,121,0.05,29,11266.0,False
2026-09-12,other,72,6pd Medium Gun,Cannon,49,Puerto de Nipe,121,0.05,29,13898.0,False
2026-09-12,other,72,6pd Medium Gun,Cannon,51,Puerto Escondido,121,0.05,29,10000.0,False
2026-09-12,other,72,6pd Medium Gun,Cannon,101,Puerto Plata,121,0.05,29,13638.0,False
2026-09-12,other,72,6pd Medium Gun,Cannon,271,Puerto Real,121,0.05,29,11592.0,False
2026-09-12,other,72,6pd Medium Gun,Cannon,191,Píritu,121,0.05,29,10054.0,False
2026-09-12,other,72,6pd Medium Gun,Cannon,21,Ragged Cay,121,0.05,29,10000.0,False
2026-09-12,other,72,6pd Medium Gun,Cannon,43,Remedios,121,0.05,29,10000.0,False
2026-09-12,other,72,6pd Medium Gun,Cannon,5,Road Rocks,121,0.05,29,10012.0,False
2026-09-12,other,72,6pd Medium Gun,Cannon,152,Roseau,121,0.05,29,16339.0,False
2026-09-12,other,72,6pd Medium Gun,Cannon,246,Ruatan,121,0.05,29,11168.0,False
2026-09-12,other,72,6pd Medium Gun,Cannon,192,Río Chico,121,0.05,29,10184.0,False
2026-09-12,other,72,6pd Medium Gun,Cannon,209,Río de la Hacha,121,0.05,29,10114.0,False
2026-09-12,other,72,6pd Medium Gun,Cannon,164,Saint George,121,0.05,29,13171.0,False
2026-09-12,other,72,6pd Medium Gun,Cannon,355,Saint George's Town,121,0.05,29,10008.0,False
2026-09-12,other,72,6pd Medium Gun,Cannon,140,Saint John's,121,0.05,29,14355.0,False
2026-09-12,other,72,6pd Medium Gun,Cannon,296,Saint-Malo,121,0.05,29,13480.0,False
2026-09-12,other,72,6pd Medium Gun,Cannon,92,Saint-Marc,121,0.05,29,10352.0,False
2026-09-12,other,72,6pd Medium Gun,Cannon,94,Saint-Nicolas,121,0.05,29,13080.0,False
2026-09-12,other,72,6pd Medium Gun,Cannon,256,Salamanca,121,0.05,29,10952.0,False
2026-09-12,other,72,6pd Medium Gun,Cannon,82,Sale-Trou,121,0.05,29,10252.0,False
2026-09-12,other,72,6pd Medium Gun,Cannon,104,Samaná,121,0.05,29,10999.0,False
2026-09-12,other,72,6pd Medium Gun,Cannon,326,San Agustín,121,0.05,29,12103.0,False
2026-09-12,other,72,6pd Medium Gun,Cannon,236,San Andrés,121,0.05,29,10354.0,False
2026-09-12,other,72,6pd Medium Gun,Cannon,303,San José,121,0.05,29,13799.0,False
2026-09-12,other,72,6pd Medium Gun,Cannon,115,San Juan,121,0.05,29,11156.0,False
2026-09-12,other,72,6pd Medium Gun,Cannon,228,San Juan del Norte,121,0.05,29,11520.0,False
2026-09-12,other,72,6pd Medium Gun,Cannon,62,San Lazaro,121,0.05,29,10026.0,False
2026-09-12,other,72,6pd Medium Gun,Cannon,305,San Marcos,121,0.05,29,10000.0,False
2026-09-12,other,72,6pd Medium Gun,Cannon,56,Santa Cruz,121,0.05,29,13861.0,False
2026-09-12,other,72,6pd Medium Gun,Cannon,68,Santa Fe,121,0.05,29,10198.0,False
2026-09-12,other,72,6pd Medium Gun,Cannon,210,Santa Marta,121,0.05,29,10884.0,False
2026-09-12,other,72,6pd Medium Gun,Cannon,57,Santa María,121,0.05,29,14004.0,False
2026-09-12,other,72,6pd Medium Gun,Cannon,348,Santanillas,121,0.05,29,10833.0,False
2026-09-12,other,72,6pd Medium Gun,Cannon,52,Santiago de Cuba,121,0.05,29,10016.0,False
2026-09-12,other,72,6pd Medium Gun,Cannon,108,Santo Domingo,121,0.05,29,13563.0,False
2026-09-12,other,72,6pd Medium Gun,Cannon,176,Santo Tomé de Guayana,121,0.05,29,10050.0,False
2026-09-12,other,72,6pd Medium Gun,Cannon,81,Savanna la Mar,121,0.05,29,10000.0,False
2026-09-12,other,72,6pd Medium Gun,Cannon,331,Savannah,121,0.05,29,11318.0,False
2026-09-12,other,72,6pd Medium Gun,Cannon,165,Scarborough,121,0.05,29,10000.0,False
2026-09-12,other,72,6pd Medium Gun,Cannon,266,Selam,121,0.05,29,10664.0,False
2026-09-12,other,72,6pd Medium Gun,Cannon,349,Serrana,121,0.05,29,10029.0,False
2026-09-12,other,72,6pd Medium Gun,Cannon,366,Shroud Cay,121,0.05,29,10145.0,False
2026-09-12,other,72,6pd Medium Gun,Cannon,71,Siguanea,121,0.05,29,10051.0,False
2026-09-12,other,72,6pd Medium Gun,Cannon,268,Sisal,121,0.05,29,18866.0,False
2026-09-12,other,72,6pd Medium Gun,Cannon,127,Spanish Town,121,0.05,29,10435.0,False
2026-09-12,other,72,6pd Medium Gun,Cannon,309,Tampa,121,0.05,29,13534.0,False
2026-09-12,other,72,6pd Medium Gun,Cannon,263,Tantun Cuzamil,121,0.05,29,10630.0,False
2026-09-12,other,72,6pd Medium Gun,Cannon,213,Tolú,121,0.05,29,10019.0,False
2026-09-12,other,72,6pd Medium Gun,Cannon,59,Trinidad,121,0.05,29,17090.0,False
2026-09-12,other,72,6pd Medium Gun,Cannon,244,Truxillo,121,0.05,29,12003.0,False
2026-09-12,other,72,6pd Medium Gun,Cannon,343,Tumbado,121,0.05,29,12191.0,False
2026-09-12,other,72,6pd Medium Gun,Cannon,254,Turneffe,121,0.05,29,13570.0,False
2026-09-12,other,72,6pd Medium Gun,Cannon,6,Turtle Cay,121,0.05,29,10000.0,False
2026-09-12,other,72,6pd Medium Gun,Cannon,276,Vera Cruz,121,0.05,29,13351.0,False
2026-09-12,other,72,6pd Medium Gun,Cannon,273,Victoria,121,0.05,29,11184.0,False
2026-09-12,other,72,6pd Medium Gun,Cannon,159,Vieux-Fort,121,0.05,29,10000.0,False
2026-09-12,other,72,6pd Medium Gun,Cannon,3,Walker's Cay,121,0.05,29,10164.0,False
2026-09-12,other,72,6pd Medium Gun,Cannon,360,Water Bay,121,0.05,29,10020.0,False
2026-09-12,other,72,6pd Medium Gun,Cannon,22,Watlings,121,0.05,29,10161.0,False
2026-09-12,other,72,6pd Medium Gun,Cannon,4,West End,121,0.05,29,10755.0,False
2026-09-12,other,72,6pd Medium Gun,Cannon,174,Willemstad,121,0.05,29,14880.0,False
2026-09-12,other,72,6pd Medium Gun,Cannon,364,William's Bay,121,0.05,29,15448.0,False
2026-09-12,other,72,6pd Medium Gun,Cannon,335,Wilmington,121,0.05,29,10587.0,False
2026-09-12,other,72,6pd Medium Gun,Cannon,262,Xpu Ha,121,0.05,29,11251.0,False
2026-09-12,other,72,6pd Medium Gun,Cannon,181,Yaguaraparo,121,0.05,29,10008.0,False
2026-09-12,other,64,9pd Long Gun,Cannon,350,Bone Cay,184,0.05,44,40.0,False
2026-09-12,other,64,9pd Long Gun,Cannon,329,Brunswick,184,0.05,44,16.0,False
2026-09-12,other,64,9pd Long Gun,Cannon,74,Cayman Brac,184,0.05,44,24.0,False
2026-09-12,other,64,9pd Long Gun,Cannon,44,Cayo Romano,184,0.05,44,13.0,False
2026-09-12,other,64,9pd Long Gun,Cannon,134,Codrington,184,0.05,44,11.0,False
2026-09-12,other,64,9pd Long Gun,Cannon,196,Coro,184,0.05,44,25.0,False
2026-09-12,other,64,9pd Long Gun,Cannon,241,Croata,184,0.05,44,10.0,False
2026-09-12,other,64,9pd Long Gun,Cannon,311,Gasparilla,184,0.05,44,14.0,False
2026-09-12,other,64,9pd Long Gun,Cannon,233,Great River,184,0.05,44,2.0,False
2026-09-12,other,64,9pd Long Gun,Cannon,79,Kingston / Port Royal,184,0.05,44,4.0,False
2026-09-12,other,64,9pd Long Gun,Cannon,38,La Habana,184,0.05,44,50.0,False
2026-09-12,other,64,9pd Long Gun,Cannon,85,La Navasse,184,0.05,44,6.0,False
2026-09-12,other,64,9pd Long Gun,Cannon,307,Las Sabinas,184,0.05,44,18.0,False
2026-09-12,other,64,9pd Long Gun,Cannon,86,Les Cayes,184,0.05,44,35.0,False
2026-09-12,other,64,9pd Long Gun,Cannon,227,Matina,184,0.05,44,1.0,False
2026-09-12,other,64,9pd Long Gun,Cannon,27,Mortimer Town,184,0.05,44,8.0,False
2026-09-12,other,64,9pd Long Gun,Cannon,297,Nouvelle-Orléans,184,0.05,44,20.0,False
2026-09-12,other,64,9pd Long Gun,Cannon,136,Oranjestad,184,0.05,44,8.0,False
2026-09-12,other,64,9pd Long Gun,Cannon,218,Playón,184,0.05,44,13.0,False
2026-09-12,other,64,9pd Long Gun,Cannon,296,Saint-Malo,184,0.05,44,1.0,False
2026-09-12,other,64,9pd Long Gun,Cannon,303,San José,184,0.05,44,115.0,False
2026-09-12,other,64,9pd Long Gun,Cannon,305,San Marcos,184,0.05,44,26.0,False
2026-09-12,other,64,9pd Long Gun,Cannon,3,Walker's Cay,184,0.05,44,8.0,False
2026-09-12,other,73,9pd Medium Gun,Cannon,113,Aguadilla,142,0.05,33,12465.0,False
2026-09-12,other,73,9pd Medium Gun,Cannon,225,Almirante,142,0.05,33,556.0,False
2026-09-12,other,73,9pd Medium Gun,Cannon,123,Amalienborg,142,0.05,33,6109.0,False
2026-09-12,other,73,9pd Medium Gun,Cannon,17,Arthur's Town,142,0.05,33,64.0,False
2026-09-12,other,73,9pd Medium Gun,Cannon,150,Aves,142,0.05,33,19257.0,False
2026-09-12,other,73,9pd Medium Gun,Cannon,321,Ays,142,0.05,33,1360.0,False
2026-09-12,other,73,9pd Medium Gun,Cannon,103,Bahía Escocesa,142,0.05,33,9712.0,False
2026-09-12,other,73,9pd Medium Gun,Cannon,35,Baja,142,0.05,33,110.0,False
2026-09-12,other,73,9pd Medium Gun,Cannon,50,Baracoa,142,0.05,33,9267.0,False
2026-09-12,other,73,9pd Medium Gun,Cannon,111,Barahona,142,0.05,33,110.0,False
2026-09-12,other,73,9pd Medium Gun,Cannon,146,Basse-Terre,142,0.05,33,19584.0,False
2026-09-12,other,73,9pd Medium Gun,Cannon,137,Basseterre Town,142,0.05,33,2530.0,False
2026-09-12,other,73,9pd Medium Gun,Cannon,253,Belize,142,0.05,33,30064.0,False
2026-09-12,other,73,9pd Medium Gun,Cannon,257,Bensalem,142,0.05,33,9740.0,False
2026-09-12,other,73,9pd Medium Gun,Cannon,10,Bimini,142,0.05,33,24.0,False
2026-09-12,other,73,9pd Medium Gun,Cannon,243,Black River,142,0.05,33,392.0,False
2026-09-12,other,73,9pd Medium Gun,Cannon,230,Bluefields,142,0.05,33,13956.0,False
2026-09-12,other,73,9pd Medium Gun,Cannon,245,Bonacca,142,0.05,33,11652.0,False
2026-09-12,other,73,9pd Medium Gun,Cannon,237,Brangman's Bluff,142,0.05,33,68.0,False
2026-09-12,other,73,9pd Medium Gun,Cannon,161,Bridgetown,142,0.05,33,5.0,False
2026-09-12,other,73,9pd Medium Gun,Cannon,329,Brunswick,142,0.05,33,3238.0,False
2026-09-12,other,73,9pd Medium Gun,Cannon,318,Cabo Cañaveral,142,0.05,33,1119.0,False
2026-09-12,other,73,9pd Medium Gun,Cannon,208,Cabo de la Vela,142,0.05,33,1913.0,False
2026-09-12,other,73,9pd Medium Gun,Cannon,222,Calobelo,142,0.05,33,811.0,False
2026-09-12,other,73,9pd Medium Gun,Cannon,149,Camp du Roy,142,0.05,33,21.0,False
2026-09-12,other,73,9pd Medium Gun,Cannon,269,Campeche,142,0.05,33,7895.0,False
2026-09-12,other,73,9pd Medium Gun,Cannon,216,Canalete,142,0.05,33,3299.0,False
2026-09-12,other,73,9pd Medium Gun,Cannon,193,Caracas,142,0.05,33,10980.0,False
2026-09-12,other,73,9pd Medium Gun,Cannon,212,Cartagena de Indias,142,0.05,33,14927.0,False
2026-09-12,other,73,9pd Medium Gun,Cannon,198,Casigua,142,0.05,33,554.0,False
2026-09-12,other,73,9pd Medium Gun,Cannon,74,Cayman Brac,142,0.05,33,6079.0,False
2026-09-12,other,73,9pd Medium Gun,Cannon,323,Cayo Biscayno,142,0.05,33,14.0,False
2026-09-12,other,73,9pd Medium Gun,Cannon,44,Cayo Romano,142,0.05,33,16.0,False
2026-09-12,other,73,9pd Medium Gun,Cannon,177,Caño Araguao,142,0.05,33,2681.0,False
2026-09-12,other,73,9pd Medium Gun,Cannon,270,Champotón,142,0.05,33,883.0,False
2026-09-12,other,73,9pd Medium Gun,Cannon,333,Charleston,142,0.05,33,20188.0,False
2026-09-12,other,73,9pd Medium Gun,Cannon,258,Chinchorro,142,0.05,33,84.0,False
2026-09-12,other,73,9pd Medium Gun,Cannon,129,Christiansted,142,0.05,33,9435.0,False
2026-09-12,other,73,9pd Medium Gun,Cannon,134,Codrington,142,0.05,33,1751.0,False
2026-09-12,other,73,9pd Medium Gun,Cannon,223,Concepción,142,0.05,33,326.0,False
2026-09-12,other,73,9pd Medium Gun,Cannon,259,Congrios,142,0.05,33,4667.0,False
2026-09-12,other,73,9pd Medium Gun,Cannon,264,Conil,142,0.05,33,1920.0,False
2026-09-12,other,73,9pd Medium Gun,Cannon,207,Coquibacoa,142,0.05,33,8631.0,False
2026-09-12,other,73,9pd Medium Gun,Cannon,196,Coro,142,0.05,33,69.0,False
2026-09-12,other,73,9pd Medium Gun,Cannon,66,Corrientes,142,0.05,33,2767.0,False
2026-09-12,other,73,9pd Medium Gun,Cannon,241,Croata,142,0.05,33,52.0,False
2026-09-12,other,73,9pd Medium Gun,Cannon,189,Cumaná,142,0.05,33,7592.0,False
2026-09-12,other,73,9pd Medium Gun,Cannon,214,Dariena,142,0.05,33,3747.0,False
2026-09-12,other,73,9pd Medium Gun,Cannon,20,Deadman's Cay,142,0.05,33,92.0,False
2026-09-12,other,73,9pd Medium Gun,Cannon,274,Espíritu Santo,142,0.05,33,3888.0,False
2026-09-12,other,73,9pd Medium Gun,Cannon,116,Fajardo,142,0.05,33,12668.0,False
2026-09-12,other,73,9pd Medium Gun,Cannon,135,Fort Baai,142,0.05,33,23711.0,False
2026-09-12,other,73,9pd Medium Gun,Cannon,173,Fort Oranje,142,0.05,33,10416.0,False
2026-09-12,other,73,9pd Medium Gun,Cannon,175,Fort Zoutman,142,0.05,33,8533.0,False
2026-09-12,other,73,9pd Medium Gun,Cannon,156,Fort-Royal,142,0.05,33,8269.0,False
2026-09-12,other,73,9pd Medium Gun,Cannon,183,Galdonas,142,0.05,33,5172.0,False
2026-09-12,other,73,9pd Medium Gun,Cannon,311,Gasparilla,142,0.05,33,1023.0,False
2026-09-12,other,73,9pd Medium Gun,Cannon,72,George Town,142,0.05,33,11050.0,False
2026-09-12,other,73,9pd Medium Gun,Cannon,334,Georgetown,142,0.05,33,1723.0,False
2026-09-12,other,73,9pd Medium Gun,Cannon,201,Gibraltar,142,0.05,33,40.0,False
2026-09-12,other,73,9pd Medium Gun,Cannon,16,Governor's Harbour,142,0.05,33,41.0,False
2026-09-12,other,73,9pd Medium Gun,Cannon,240,Gracias a Dios,142,0.05,33,5240.0,False
2026-09-12,other,73,9pd Medium Gun,Cannon,33,Grand Turk,142,0.05,33,932.0,False
2026-09-12,other,73,9pd Medium Gun,Cannon,231,Great Corn,142,0.05,33,24811.0,False
2026-09-12,other,73,9pd Medium Gun,Cannon,374,Guacata,142,0.05,33,2.0,False
2026-09-12,other,73,9pd Medium Gun,Cannon,179,Guayaguayare,142,0.05,33,27291.0,False
2026-09-12,other,73,9pd Medium Gun,Cannon,117,Guayama,142,0.05,33,3277.0,False
2026-09-12,other,73,9pd Medium Gun,Cannon,133,Gustavia,142,0.05,33,5579.0,False
2026-09-12,other,73,9pd Medium Gun,Cannon,119,Guánica,142,0.05,33,3500.0,False
2026-09-12,other,73,9pd Medium Gun,Cannon,130,Hat Island,142,0.05,33,1257.0,False
2026-09-12,other,73,9pd Medium Gun,Cannon,106,Higüey,142,0.05,33,27719.0,False
2026-09-12,other,73,9pd Medium Gun,Cannon,316,Islamorada,142,0.05,33,15339.0,False
2026-09-12,other,73,9pd Medium Gun,Cannon,370,Island Harbour,142,0.05,33,10519.0,False
2026-09-12,other,73,9pd Medium Gun,Cannon,83,Jacmel,142,0.05,33,2578.0,False
2026-09-12,other,73,9pd Medium Gun,Cannon,88,Jérémie,142,0.05,33,51957.0,False
2026-09-12,other,73,9pd Medium Gun,Cannon,313,Key West,142,0.05,33,3071.0,False
2026-09-12,other,73,9pd Medium Gun,Cannon,357,Kidd's Harbour,142,0.05,33,51.0,False
2026-09-12,other,73,9pd Medium Gun,Cannon,79,Kingston / Port Royal,142,0.05,33,280.0,False
2026-09-12,other,73,9pd Medium Gun,Cannon,162,Kingstown,142,0.05,33,557.0,False
2026-09-12,other,73,9pd Medium Gun,Cannon,170,La Blanquilla,142,0.05,33,35.0,False
2026-09-12,other,73,9pd Medium Gun,Cannon,363,La Desconocida,142,0.05,33,2246.0,False
2026-09-12,other,73,9pd Medium Gun,Cannon,38,La Habana,142,0.05,33,28236.0,False
2026-09-12,other,73,9pd Medium Gun,Cannon,100,La Isabela,142,0.05,33,2190.0,False
2026-09-12,other,73,9pd Medium Gun,Cannon,112,La Mona,142,0.05,33,7593.0,False
2026-09-12,other,73,9pd Medium Gun,Cannon,85,La Navasse,142,0.05,33,5953.0,False
2026-09-12,other,73,9pd Medium Gun,Cannon,171,La Orchilla,142,0.05,33,958.0,False
2026-09-12,other,73,9pd Medium Gun,Cannon,96,La Tortue,142,0.05,33,21046.0,False
2026-09-12,other,73,9pd Medium Gun,Cannon,187,La Tortuga,142,0.05,33,58.0,False
2026-09-12,other,73,9pd Medium Gun,Cannon,154,La Trinité,142,0.05,33,96.0,False
2026-09-12,other,73,9pd Medium Gun,Cannon,172,Las Aves,142,0.05,33,823.0,False
2026-09-12,other,73,9pd Medium Gun,Cannon,307,Las Sabinas,142,0.05,33,72.0,False
2026-09-12,other,73,9pd Medium Gun,Cannon,314,Las Tortugas,142,0.05,33,4284.0,False
2026-09-12,other,73,9pd Medium Gun,Cannon,86,Les Cayes,142,0.05,33,12540.0,False
2026-09-12,other,73,9pd Medium Gun,Cannon,8,Little Harbour,142,0.05,33,20.0,False
2026-09-12,other,73,9pd Medium Gun,Cannon,29,Little Inagua,142,0.05,33,172.0,False
2026-09-12,other,73,9pd Medium Gun,Cannon,90,Léogane,142,0.05,33,1003.0,False
2026-09-12,other,73,9pd Medium Gun,Cannon,105,Macao,142,0.05,33,24234.0,False
2026-09-12,other,73,9pd Medium Gun,Cannon,358,Mangrove Cay,142,0.05,33,160.0,False
2026-09-12,other,73,9pd Medium Gun,Cannon,55,Manzanillo,142,0.05,33,2228.0,False
2026-09-12,other,73,9pd Medium Gun,Cannon,204,Maracaibo,142,0.05,33,2358.0,False
2026-09-12,other,73,9pd Medium Gun,Cannon,131,Marigot,142,0.05,33,4779.0,False
2026-09-12,other,73,9pd Medium Gun,Cannon,39,Matanzas,142,0.05,33,988.0,False
2026-09-12,other,73,9pd Medium Gun,Cannon,227,Matina,142,0.05,33,4259.0,False
2026-09-12,other,73,9pd Medium Gun,Cannon,11,Mimbres,142,0.05,33,88.0,False
2026-09-12,other,73,9pd Medium Gun,Cannon,197,Mitara,142,0.05,33,4088.0,False
2026-09-12,other,73,9pd Medium Gun,Cannon,12,Morgan's Bluff,142,0.05,33,26.0,False
2026-09-12,other,73,9pd Medium Gun,Cannon,27,Mortimer Town,142,0.05,33,5123.0,False
2026-09-12,other,73,9pd Medium Gun,Cannon,297,Nouvelle-Orléans,142,0.05,33,5284.0,False
2026-09-12,other,73,9pd Medium Gun,Cannon,46,Nuevitas,142,0.05,33,3083.0,False
2026-09-12,other,73,9pd Medium Gun,Cannon,235,Old Providence,142,0.05,33,468.0,False
2026-09-12,other,73,9pd Medium Gun,Cannon,250,Omoa,142,0.05,33,2274.0,False
2026-09-12,other,73,9pd Medium Gun,Cannon,136,Oranjestad,142,0.05,33,14928.0,False
2026-09-12,other,73,9pd Medium Gun,Cannon,185,Pampatar,142,0.05,33,3089.0,False
2026-09-12,other,73,9pd Medium Gun,Cannon,30,Parrot Cay,142,0.05,33,12.0,False
2026-09-12,other,73,9pd Medium Gun,Cannon,180,Pedernales,142,0.05,33,14597.0,False
2026-09-12,other,73,9pd Medium Gun,Cannon,301,Penzacola,142,0.05,33,2724.0,False
2026-09-12,other,73,9pd Medium Gun,Cannon,203,Perijá,142,0.05,33,14.0,False
2026-09-12,other,73,9pd Medium Gun,Cannon,65,Pinar del Río,142,0.05,33,22475.0,False
2026-09-12,other,73,9pd Medium Gun,Cannon,252,Placentia,142,0.05,33,2557.0,False
2026-09-12,other,73,9pd Medium Gun,Cannon,218,Playón,142,0.05,33,11009.0,False
2026-09-12,other,73,9pd Medium Gun,Cannon,369,Plymouth,142,0.05,33,2829.0,False
2026-09-12,other,73,9pd Medium Gun,Cannon,145,Pointe-à-Pitre,142,0.05,33,224.0,False
2026-09-12,other,73,9pd Medium Gun,Cannon,77,Port Antonio,142,0.05,33,1115.0,False
2026-09-12,other,73,9pd Medium Gun,Cannon,91,Port-au-Prince,142,0.05,33,1202.0,False
2026-09-12,other,73,9pd Medium Gun,Cannon,95,Port-de-Paix,142,0.05,33,96.0,False
2026-09-12,other,73,9pd Medium Gun,Cannon,54,Portillo,142,0.05,33,4427.0,False
2026-09-12,other,73,9pd Medium Gun,Cannon,220,Portobelo,142,0.05,33,1945.0,False
2026-09-12,other,73,9pd Medium Gun,Cannon,194,Puerto Cabello,142,0.05,33,180.0,False
2026-09-12,other,73,9pd Medium Gun,Cannon,169,Puerto de España,142,0.05,33,3645.0,False
2026-09-12,other,73,9pd Medium Gun,Cannon,49,Puerto de Nipe,142,0.05,33,1238.0,False
2026-09-12,other,73,9pd Medium Gun,Cannon,51,Puerto Escondido,142,0.05,33,16.0,False
2026-09-12,other,73,9pd Medium Gun,Cannon,101,Puerto Plata,142,0.05,33,22267.0,False
2026-09-12,other,73,9pd Medium Gun,Cannon,271,Puerto Real,142,0.05,33,4684.0,False
2026-09-12,other,73,9pd Medium Gun,Cannon,191,Píritu,142,0.05,33,161.0,False
2026-09-12,other,73,9pd Medium Gun,Cannon,21,Ragged Cay,142,0.05,33,8.0,False
2026-09-12,other,73,9pd Medium Gun,Cannon,43,Remedios,142,0.05,33,5.0,False
2026-09-12,other,73,9pd Medium Gun,Cannon,152,Roseau,142,0.05,33,42060.0,False
2026-09-12,other,73,9pd Medium Gun,Cannon,246,Ruatan,142,0.05,33,6564.0,False
2026-09-12,other,73,9pd Medium Gun,Cannon,192,Río Chico,142,0.05,33,310.0,False
2026-09-12,other,73,9pd Medium Gun,Cannon,209,Río de la Hacha,142,0.05,33,96.0,False
2026-09-12,other,73,9pd Medium Gun,Cannon,164,Saint George,142,0.05,33,9663.0,False
2026-09-12,other,73,9pd Medium Gun,Cannon,355,Saint George's Town,142,0.05,33,4.0,False
2026-09-12,other,73,9pd Medium Gun,Cannon,140,Saint John's,142,0.05,33,6613.0,False
2026-09-12,other,73,9pd Medium Gun,Cannon,296,Saint-Malo,142,0.05,33,5399.0,False
2026-09-12,other,73,9pd Medium Gun,Cannon,92,Saint-Marc,142,0.05,33,169.0,False
2026-09-12,other,73,9pd Medium Gun,Cannon,94,Saint-Nicolas,142,0.05,33,7404.0,False
2026-09-12,other,73,9pd Medium Gun,Cannon,256,Salamanca,142,0.05,33,2040.0,False
2026-09-12,other,73,9pd Medium Gun,Cannon,82,Sale-Trou,142,0.05,33,1430.0,False
2026-09-12,other,73,9pd Medium Gun,Cannon,104,Samaná,142,0.05,33,4316.0,False
2026-09-12,other,73,9pd Medium Gun,Cannon,326,San Agustín,142,0.05,33,2323.0,False
2026-09-12,other,73,9pd Medium Gun,Cannon,236,San Andrés,142,0.05,33,2762.0,False
2026-09-12,other,73,9pd Medium Gun,Cannon,303,San José,142,0.05,33,4380.0,False
2026-09-12,other,73,9pd Medium Gun,Cannon,115,San Juan,142,0.05,33,5608.0,False
2026-09-12,other,73,9pd Medium Gun,Cannon,228,San Juan del Norte,142,0.05,33,798.0,False
2026-09-12,other,73,9pd Medium Gun,Cannon,62,San Lazaro,142,0.05,33,379.0,False
2026-09-12,other,73,9pd Medium Gun,Cannon,305,San Marcos,142,0.05,33,50.0,False
2026-09-12,other,73,9pd Medium Gun,Cannon,56,Santa Cruz,142,0.05,33,7716.0,False
2026-09-12,other,73,9pd Medium Gun,Cannon,68,Santa Fe,142,0.05,33,39.0,False
2026-09-12,other,73,9pd Medium Gun,Cannon,210,Santa Marta,142,0.05,33,3941.0,False
2026-09-12,other,73,9pd Medium Gun,Cannon,57,Santa María,142,0.05,33,8724.0,False
2026-09-12,other,73,9pd Medium Gun,Cannon,348,Santanillas,142,0.05,33,2806.0,False
2026-09-12,other,73,9pd Medium Gun,Cannon,52,Santiago de Cuba,142,0.05,33,26.0,False
2026-09-12,other,73,9pd Medium Gun,Cannon,108,Santo Domingo,142,0.05,33,30883.0,False
2026-09-12,other,73,9pd Medium Gun,Cannon,176,Santo Tomé de Guayana,142,0.05,33,12840.0,False
2026-09-12,other,73,9pd Medium Gun,Cannon,81,Savanna la Mar,142,0.05,33,58.0,False
2026-09-12,other,73,9pd Medium Gun,Cannon,331,Savannah,142,0.05,33,846.0,False
2026-09-12,other,73,9pd Medium Gun,Cannon,165,Scarborough,142,0.05,33,26.0,False
2026-09-12,other,73,9pd Medium Gun,Cannon,266,Selam,142,0.05,33,810.0,False
2026-09-12,other,73,9pd Medium Gun,Cannon,349,Serrana,142,0.05,33,12.0,False
2026-09-12,other,73,9pd Medium Gun,Cannon,366,Shroud Cay,142,0.05,33,18.0,False
2026-09-12,other,73,9pd Medium Gun,Cannon,71,Siguanea,142,0.05,33,20.0,False
2026-09-12,other,73,9pd Medium Gun,Cannon,268,Sisal,142,0.05,33,16695.0,False
2026-09-12,other,73,9pd Medium Gun,Cannon,127,Spanish Town,142,0.05,33,512.0,False
2026-09-12,other,73,9pd Medium Gun,Cannon,309,Tampa,142,0.05,33,3542.0,False
2026-09-12,other,73,9pd Medium Gun,Cannon,263,Tantun Cuzamil,142,0.05,33,3532.0,False
2026-09-12,other,73,9pd Medium Gun,Cannon,59,Trinidad,142,0.05,33,8053.0,False
2026-09-12,other,73,9pd Medium Gun,Cannon,244,Truxillo,142,0.05,33,6081.0,False
2026-09-12,other,73,9pd Medium Gun,Cannon,254,Turneffe,142,0.05,33,6827.0,False
2026-09-12,other,73,9pd Medium Gun,Cannon,276,Vera Cruz,142,0.05,33,12074.0,False
2026-09-12,other,73,9pd Medium Gun,Cannon,273,Victoria,142,0.05,33,4047.0,False
2026-09-12,other,73,9pd Medium Gun,Cannon,159,Vieux-Fort,142,0.05,33,1129.0,False
2026-09-12,other,73,9pd Medium Gun,Cannon,3,Walker's Cay,142,0.05,33,98.0,False
2026-09-12,other,73,9pd Medium Gun,Cannon,22,Watlings,142,0.05,33,6.0,False
2026-09-12,other,73,9pd Medium Gun,Cannon,4,West End,142,0.05,33,414.0,False
2026-09-12,other,73,9pd Medium Gun,Cannon,174,Willemstad,142,0.05,33,7313.0,False
2026-09-12,other,73,9pd Medium Gun,Cannon,364,William's Bay,142,0.05,33,6.0,False
2026-09-12,other,73,9pd Medium Gun,Cannon,335,Wilmington,142,0.05,33,523.0,False
2026-09-12,other,73,9pd Medium Gun,Cannon,262,Xpu Ha,142,0.05,33,6655.0,False
2026-09-12,other,73,9pd Medium Gun,Cannon,181,Yaguaraparo,142,0.05,33,50.0,False
2026-09-12,other,1873,Aguayo cloth,Resource,264,Conil,249,0.05,118,12549.0,False
2026-09-12,other,1873,Aguayo cloth,Resource,268,Sisal,249,0.05,118,12549.0,False
2026-09-12,other,1873,Aguayo cloth,Resource,276,Vera Cruz,249,0.05,118,12549.0,False
2026-09-12,other,1876,Akvavit,Resource,23,Pitt's Town,249,0.05,118,12714.0,False
2026-09-12,other,1861,Alligator hides,Resource,193,Caracas,249,0.05,118,12549.0,False
2026-09-12,other,1861,Alligator hides,Resource,212,Cartagena de Indias,249,0.05,118,12549.0,False
2026-09-12,other,1861,Alligator hides,Resource,204,Maracaibo,249,0.05,118,12549.0,False
2026-09-12,other,1861,Alligator hides,Resource,169,Puerto de España,249,0.05,118,12549.0,False
2026-09-12,other,1861,Alligator hides,Resource,174,Willemstad,249,0.05,118,12549.0,False
2026-09-12,other,1861,Alligator hides,Resource,181,Yaguaraparo,249,0.05,118,12549.0,False
2026-09-12,other,1846,Ambergris,Resource,357,Kidd's Harbour,518,0.05,247,4232.0,False
2026-09-12,other,1846,Ambergris,Resource,355,Saint George's Town,518,0.05,247,2993.0,False
2026-09-12,other,31,American Cotton,Resource,323,Cayo Biscayno,1727,0.05,822,1530.0,False
2026-09-12,other,31,American Cotton,Resource,333,Charleston,1727,0.05,822,35.0,False
2026-09-12,other,31,American Cotton,Resource,297,Nouvelle-Orléans,1727,0.05,822,1530.0,False
2026-09-12,other,801,Arabian Coffee,Resource,38,La Habana,518,0.05,247,4232.0,False
2026-09-12,other,1837,Atlantic salmon,Resource,355,Saint George's Town,518,0.05,247,935.0,False
2026-09-12,other,1842,Bananas,Resource,14,Nassau,16,0.05,8,82402.0,False
2026-09-12,other,32,Batavian Spices,Resource,14,Nassau,518,0.05,247,4232.0,False
2026-09-12,other,813,Bavarian wheat,Resource,14,Nassau,16,0.05,8,54943.0,False
2026-09-12,other,1847,Beans,Resource,268,Sisal,16,0.05,8,54943.0,False
2026-09-12,other,1847,Beans,Resource,276,Vera Cruz,16,0.05,8,54943.0,False
2026-09-12,other,851,Black Ironwood,Resource,161,Bridgetown,1727,0.05,822,1530.0,False
2026-09-12,other,851,Black Ironwood,Resource,149,Camp du Roy,1727,0.05,822,1530.0,False
2026-09-12,other,851,Black Ironwood,Resource,156,Fort-Royal,1727,0.05,822,1408.0,False
2026-09-12,other,851,Black Ironwood,Resource,136,Oranjestad,1727,0.05,822,1530.0,False
2026-09-12,other,851,Black Ironwood,Resource,140,Saint John's,1727,0.05,822,1530.0,False
2026-09-12,other,851,Black Ironwood,Resource,115,San Juan,1727,0.05,822,1530.0,False
2026-09-12,other,851,Black Ironwood,Resource,159,Vieux-Fort,1727,0.05,822,1657.0,False
2026-09-12,other,1877,Black Pepper,Resource,14,Nassau,249,0.05,118,12549.0,False
2026-09-12,other,1841,Buffalo hides,Resource,321,Ays,518,0.05,247,4232.0,False
2026-09-12,other,1841,Buffalo hides,Resource,333,Charleston,518,0.05,247,473.0,False
2026-09-12,other,1841,Buffalo hides,Resource,313,Key West,518,0.05,247,4232.0,False
2026-09-12,other,1841,Buffalo hides,Resource,297,Nouvelle-Orléans,518,0.05,247,4232.0,False
2026-09-12,other,821,Burgundian Wine,Resource,156,Fort-Royal,249,0.05,118,12549.0,False
2026-09-12,other,1860,Cactus,Resource,38,La Habana,16,0.05,8,54943.0,False
2026-09-12,other,1860,Cactus,Resource,96,La Tortue,16,0.05,8,55072.0,False
2026-09-12,other,1860,Cactus,Resource,91,Port-au-Prince,16,0.05,8,54943.0,False
2026-09-12,other,1860,Cactus,Resource,49,Puerto de Nipe,16,0.05,8,54943.0,False
2026-09-12,other,1860,Cactus,Resource,92,Saint-Marc,16,0.05,8,54943.0,False
2026-09-12,other,1860,Cactus,Resource,52,Santiago de Cuba,16,0.05,8,54943.0,False
2026-09-12,other,1860,Cactus,Resource,108,Santo Domingo,16,0.05,8,54943.0,False
2026-09-12,other,797,Carolina Tobacco,Resource,318,Cabo Cañaveral,249,0.05,118,12549.0,False
2026-09-12,other,797,Carolina Tobacco,Resource,333,Charleston,249,0.05,118,12549.0,False
2026-09-12,other,797,Carolina Tobacco,Resource,316,Islamorada,249,0.05,118,12549.0,False
2026-09-12,other,797,Carolina Tobacco,Resource,297,Nouvelle-Orléans,249,0.05,118,12549.0,False
2026-09-12,other,789,Catalonian Olive Oil,Resource,38,La Habana,119,0.05,57,10458.0,False
2026-09-12,other,2976,Chain Ammo,Resource,137,Basseterre Town,57,0.05,1,1846.0,False
2026-09-12,other,2976,Chain Ammo,Resource,243,Black River,57,0.05,1,1851.0,False
2026-09-12,other,2976,Chain Ammo,Resource,245,Bonacca,57,0.05,1,186.0,False
2026-09-12,other,2976,Chain Ammo,Resource,350,Bone Cay,57,0.05,1,3456.0,False
2026-09-12,other,2976,Chain Ammo,Resource,212,Cartagena de Indias,57,0.05,1,10577.0,False
2026-09-12,other,2976,Chain Ammo,Resource,323,Cayo Biscayno,57,0.05,1,17.0,False
2026-09-12,other,2976,Chain Ammo,Resource,258,Chinchorro,57,0.05,1,113.0,False
2026-09-12,other,2976,Chain Ammo,Resource,66,Corrientes,57,0.05,1,18845.0,False
2026-09-12,other,2976,Chain Ammo,Resource,214,Dariena,57,0.05,1,20000.0,False
2026-09-12,other,2976,Chain Ammo,Resource,311,Gasparilla,57,0.05,1,280.0,False
2026-09-12,other,2976,Chain Ammo,Resource,334,Georgetown,57,0.05,1,72.0,False
2026-09-12,other,2976,Chain Ammo,Resource,16,Governor's Harbour,57,0.05,1,1851.0,False
2026-09-12,other,2976,Chain Ammo,Resource,179,Guayaguayare,57,0.05,1,20000.0,False
2026-09-12,other,2976,Chain Ammo,Resource,370,Island Harbour,57,0.05,1,2855.0,False
2026-09-12,other,2976,Chain Ammo,Resource,313,Key West,57,0.05,1,843.0,False
2026-09-12,other,2976,Chain Ammo,Resource,357,Kidd's Harbour,57,0.05,1,404.0,False
2026-09-12,other,2976,Chain Ammo,Resource,38,La Habana,57,0.05,1,6603.0,False
2026-09-12,other,2976,Chain Ammo,Resource,100,La Isabela,57,0.05,1,1370.0,False
2026-09-12,other,2976,Chain Ammo,Resource,314,Las Tortugas,57,0.05,1,720.0,False
2026-09-12,other,2976,Chain Ammo,Resource,204,Maracaibo,57,0.05,1,3314.0,False
2026-09-12,other,2976,Chain Ammo,Resource,26,Mayaguana,57,0.05,1,20000.0,False
2026-09-12,other,2976,Chain Ammo,Resource,12,Morgan's Bluff,57,0.05,1,352.0,False
2026-09-12,other,2976,Chain Ammo,Resource,297,Nouvelle-Orléans,57,0.05,1,19534.0,False
2026-09-12,other,2976,Chain Ammo,Resource,46,Nuevitas,57,0.05,1,1412.0,False
2026-09-12,other,2976,Chain Ammo,Resource,235,Old Providence,57,0.05,1,1136.0,False
2026-09-12,other,2976,Chain Ammo,Resource,352,Pedro Cay,57,0.05,1,20000.0,False
2026-09-12,other,2976,Chain Ammo,Resource,301,Penzacola,57,0.05,1,15995.0,False
2026-09-12,other,2976,Chain Ammo,Resource,65,Pinar del Río,57,0.05,1,20000.0,False
2026-09-12,other,2976,Chain Ammo,Resource,220,Portobelo,57,0.05,1,238.0,False
2026-09-12,other,2976,Chain Ammo,Resource,21,Ragged Cay,57,0.05,1,144.0,False
2026-09-12,other,2976,Chain Ammo,Resource,43,Remedios,57,0.05,1,260.0,False
2026-09-12,other,2976,Chain Ammo,Resource,296,Saint-Malo,57,0.05,1,20000.0,False
2026-09-12,other,2976,Chain Ammo,Resource,256,Salamanca,57,0.05,1,5762.0,False
2026-09-12,other,2976,Chain Ammo,Resource,57,Santa María,57,0.05,1,19200.0,False
2026-09-12,other,2976,Chain Ammo,Resource,348,Santanillas,57,0.05,1,106.0,False
2026-09-12,other,2976,Chain Ammo,Resource,108,Santo Domingo,57,0.05,1,16594.0,False
2026-09-12,other,2976,Chain Ammo,Resource,349,Serrana,57,0.05,1,1287.0,False
2026-09-12,other,2976,Chain Ammo,Resource,366,Shroud Cay,57,0.05,1,865.0,False
2026-09-12,other,2976,Chain Ammo,Resource,268,Sisal,57,0.05,1,870.0,False
2026-09-12,other,2976,Chain Ammo,Resource,127,Spanish Town,57,0.05,1,169.0,False
2026-09-12,other,2976,Chain Ammo,Resource,244,Truxillo,57,0.05,1,2212.0,False
2026-09-12,other,2976,Chain Ammo,Resource,343,Tumbado,57,0.05,1,20000.0,False
2026-09-12,other,2976,Chain Ammo,Resource,6,Turtle Cay,57,0.05,1,20000.0,False
2026-09-12,other,2976,Chain Ammo,Resource,174,Willemstad,57,0.05,1,1870.0,False
2026-09-12,other,805,Chile saltpeter,Resource,268,Sisal,518,0.05,247,4232.0,False
2026-09-12,other,805,Chile saltpeter,Resource,276,Vera Cruz,518,0.05,247,4232.0,False
2026-09-12,other,805,Chile saltpeter,Resource,273,Victoria,518,0.05,247,4232.0,False
2026-09-12,other,853,Cocoa,Resource,268,Sisal,249,0.05,118,12549.0,False
2026-09-12,other,853,Cocoa,Resource,343,Tumbado,249,0.05,118,12558.0,False
2026-09-12,other,853,Cocoa,Resource,276,Vera Cruz,249,0.05,118,12549.0,False
2026-09-12,other,1843,Coconut Fibres,Resource,14,Nassau,85,0.05,41,12549.0,False
2026-09-12,other,1869,Coconuts,Resource,14,Nassau,68,0.05,32,10458.0,False
2026-09-12,other,865,Coffee,Resource,193,Caracas,518,0.05,247,4232.0,False
2026-09-12,other,865,Coffee,Resource,212,Cartagena de Indias,518,0.05,247,4232.0,False
2026-09-12,other,865,Coffee,Resource,204,Maracaibo,518,0.05,247,4232.0,False
2026-09-12,other,865,Coffee,Resource,169,Puerto de España,518,0.05,247,4232.0,False
2026-09-12,other,865,Coffee,Resource,176,Santo Tomé de Guayana,518,0.05,247,4232.0,False
2026-09-12,other,865,Coffee,Resource,174,Willemstad,518,0.05,247,4232.0,False
2026-09-12,other,822,Cognac,Resource,156,Fort-Royal,249,0.05,118,12549.0,False
2026-09-12,other,812,Copper,Resource,193,Caracas,1727,0.05,822,135.0,False
2026-09-12,other,812,Copper,Resource,212,Cartagena de Indias,1727,0.05,822,1530.0,False
2026-09-12,other,812,Copper,Resource,204,Maracaibo,1727,0.05,822,1530.0,False
2026-09-12,other,812,Copper,Resource,180,Pedernales,1727,0.05,822,1530.0,False
2026-09-12,other,812,Copper,Resource,169,Puerto de España,1727,0.05,822,1530.0,False
2026-09-12,other,812,Copper,Resource,174,Willemstad,1727,0.05,822,1530.0,False
2026-09-12,other,1848,Corals,Resource,14,Nassau,85,0.05,41,12549.0,False
2026-09-12,other,888,Cotton,Resource,14,Nassau,1727,0.05,822,1530.0,False
2026-09-12,other,854,Cuban Tobacco,Resource,35,Baja,518,0.05,247,4232.0,False
2026-09-12,other,854,Cuban Tobacco,Resource,97,Cap-Français,518,0.05,247,4232.0,False
2026-09-12,other,854,Cuban Tobacco,Resource,38,La Habana,518,0.05,247,4232.0,False
2026-09-12,other,854,Cuban Tobacco,Resource,96,La Tortue,518,0.05,247,4232.0,False
2026-09-12,other,854,Cuban Tobacco,Resource,91,Port-au-Prince,518,0.05,247,4232.0,False
2026-09-12,other,854,Cuban Tobacco,Resource,54,Portillo,518,0.05,247,4232.0,False
2026-09-12,other,854,Cuban Tobacco,Resource,52,Santiago de Cuba,518,0.05,247,4232.0,False
2026-09-12,other,854,Cuban Tobacco,Resource,108,Santo Domingo,518,0.05,247,4232.0,False
2026-09-12,other,33,Danish Beer,Resource,23,Pitt's Town,518,0.05,247,4232.0,False
2026-09-12,other,814,Danish Pickled Herring,Resource,23,Pitt's Town,518,0.05,247,4232.0,False
2026-09-12,other,838,Dutch Cacao,Resource,14,Nassau,249,0.05,118,12549.0,False
2026-09-12,other,840,Dutch Peanut Butter,Resource,14,Nassau,119,0.05,57,10458.0,False
2026-09-12,other,824,Fine Fabrics,Resource,253,Belize,249,0.05,118,12563.0,False
2026-09-12,other,824,Fine Fabrics,Resource,230,Bluefields,249,0.05,118,12601.0,False
2026-09-12,other,824,Fine Fabrics,Resource,237,Brangman's Bluff,249,0.05,118,12556.0,False
2026-09-12,other,824,Fine Fabrics,Resource,79,Kingston / Port Royal,249,0.05,118,12673.0,False
2026-09-12,other,824,Fine Fabrics,Resource,77,Port Antonio,249,0.05,118,12549.0,False
2026-09-12,other,824,Fine Fabrics,Resource,220,Portobelo,249,0.05,118,12549.0,False
2026-09-12,other,858,Fine Leather,Resource,161,Bridgetown,518,0.05,247,4232.0,False
2026-09-12,other,858,Fine Leather,Resource,156,Fort-Royal,518,0.05,247,4232.0,False
2026-09-12,other,858,Fine Leather,Resource,112,La Mona,518,0.05,247,4232.0,False
2026-09-12,other,858,Fine Leather,Resource,154,La Trinité,518,0.05,247,4232.0,False
2026-09-12,other,858,Fine Leather,Resource,136,Oranjestad,518,0.05,247,4232.0,False
2026-09-12,other,858,Fine Leather,Resource,115,San Juan,518,0.05,247,4232.0,False
2026-09-12,other,858,Fine Leather,Resource,127,Spanish Town,518,0.05,247,4232.0,False
2026-09-12,other,3221,Fishing Hooks,Resource,113,Aguadilla,4,0.05,1,32.0,False
2026-09-12,other,3221,Fishing Hooks,Resource,225,Almirante,4,0.05,1,1.0,False
2026-09-12,other,3221,Fishing Hooks,Resource,123,Amalienborg,4,0.05,1,1218.0,False
2026-09-12,other,3221,Fishing Hooks,Resource,17,Arthur's Town,4,0.05,1,32.0,False
2026-09-12,other,3221,Fishing Hooks,Resource,150,Aves,4,0.05,1,229.0,False
2026-09-12,other,3221,Fishing Hooks,Resource,321,Ays,4,0.05,1,119.0,False
2026-09-12,other,3221,Fishing Hooks,Resource,103,Bahía Escocesa,4,0.05,1,22.0,False
2026-09-12,other,3221,Fishing Hooks,Resource,35,Baja,4,0.05,1,109.0,False
2026-09-12,other,3221,Fishing Hooks,Resource,50,Baracoa,4,0.05,1,377.0,False
2026-09-12,other,3221,Fishing Hooks,Resource,111,Barahona,4,0.05,1,236.0,False
2026-09-12,other,3221,Fishing Hooks,Resource,146,Basse-Terre,4,0.05,1,156.0,False
2026-09-12,other,3221,Fishing Hooks,Resource,137,Basseterre Town,4,0.05,1,156.0,False
2026-09-12,other,3221,Fishing Hooks,Resource,253,Belize,4,0.05,1,69.0,False
2026-09-12,other,3221,Fishing Hooks,Resource,257,Bensalem,4,0.05,1,194.0,False
2026-09-12,other,3221,Fishing Hooks,Resource,10,Bimini,4,0.05,1,6.0,False
2026-09-12,other,3221,Fishing Hooks,Resource,243,Black River,4,0.05,1,54.0,False
2026-09-12,other,3221,Fishing Hooks,Resource,230,Bluefields,4,0.05,1,186.0,False
2026-09-12,other,3221,Fishing Hooks,Resource,245,Bonacca,4,0.05,1,97.0,False
2026-09-12,other,3221,Fishing Hooks,Resource,350,Bone Cay,4,0.05,1,31.0,False
2026-09-12,other,3221,Fishing Hooks,Resource,237,Brangman's Bluff,4,0.05,1,131.0,False
2026-09-12,other,3221,Fishing Hooks,Resource,161,Bridgetown,4,0.05,1,1035.0,False
2026-09-12,other,3221,Fishing Hooks,Resource,318,Cabo Cañaveral,4,0.05,1,33.0,False
2026-09-12,other,3221,Fishing Hooks,Resource,208,Cabo de la Vela,4,0.05,1,43.0,False
2026-09-12,other,3221,Fishing Hooks,Resource,222,Calobelo,4,0.05,1,45.0,False
2026-09-12,other,3221,Fishing Hooks,Resource,149,Camp du Roy,4,0.05,1,95.0,False
2026-09-12,other,3221,Fishing Hooks,Resource,269,Campeche,4,0.05,1,309.0,False
2026-09-12,other,3221,Fishing Hooks,Resource,216,Canalete,4,0.05,1,923.0,False
2026-09-12,other,3221,Fishing Hooks,Resource,97,Cap-Français,4,0.05,1,3.0,False
2026-09-12,other,3221,Fishing Hooks,Resource,193,Caracas,4,0.05,1,261.0,False
2026-09-12,other,3221,Fishing Hooks,Resource,212,Cartagena de Indias,4,0.05,1,478.0,False
2026-09-12,other,3221,Fishing Hooks,Resource,198,Casigua,4,0.05,1,5.0,False
2026-09-12,other,3221,Fishing Hooks,Resource,74,Cayman Brac,4,0.05,1,139.0,False
2026-09-12,other,3221,Fishing Hooks,Resource,323,Cayo Biscayno,4,0.05,1,140.0,False
2026-09-12,other,3221,Fishing Hooks,Resource,44,Cayo Romano,4,0.05,1,115.0,False
2026-09-12,other,3221,Fishing Hooks,Resource,177,Caño Araguao,4,0.05,1,46.0,False
2026-09-12,other,3221,Fishing Hooks,Resource,270,Champotón,4,0.05,1,14.0,False
2026-09-12,other,3221,Fishing Hooks,Resource,258,Chinchorro,4,0.05,1,29.0,False
2026-09-12,other,3221,Fishing Hooks,Resource,129,Christiansted,4,0.05,1,2.0,False
2026-09-12,other,3221,Fishing Hooks,Resource,134,Codrington,4,0.05,1,61.0,False
2026-09-12,other,3221,Fishing Hooks,Resource,223,Concepción,4,0.05,1,51.0,False
2026-09-12,other,3221,Fishing Hooks,Resource,259,Congrios,4,0.05,1,83.0,False
2026-09-12,other,3221,Fishing Hooks,Resource,264,Conil,4,0.05,1,35.0,False
2026-09-12,other,3221,Fishing Hooks,Resource,207,Coquibacoa,4,0.05,1,90.0,False
2026-09-12,other,3221,Fishing Hooks,Resource,196,Coro,4,0.05,1,9.0,False
2026-09-12,other,3221,Fishing Hooks,Resource,66,Corrientes,4,0.05,1,18.0,False
2026-09-12,other,3221,Fishing Hooks,Resource,241,Croata,4,0.05,1,50.0,False
2026-09-12,other,3221,Fishing Hooks,Resource,361,Crown Haven,4,0.05,1,27.0,False
2026-09-12,other,3221,Fishing Hooks,Resource,189,Cumaná,4,0.05,1,54.0,False
2026-09-12,other,3221,Fishing Hooks,Resource,214,Dariena,4,0.05,1,28.0,False
2026-09-12,other,3221,Fishing Hooks,Resource,20,Deadman's Cay,4,0.05,1,31.0,False
2026-09-12,other,3221,Fishing Hooks,Resource,274,Espíritu Santo,4,0.05,1,33.0,False
2026-09-12,other,3221,Fishing Hooks,Resource,116,Fajardo,4,0.05,1,29.0,False
2026-09-12,other,3221,Fishing Hooks,Resource,135,Fort Baai,4,0.05,1,169.0,False
2026-09-12,other,3221,Fishing Hooks,Resource,173,Fort Oranje,4,0.05,1,868.0,False
2026-09-12,other,3221,Fishing Hooks,Resource,175,Fort Zoutman,4,0.05,1,30.0,False
2026-09-12,other,3221,Fishing Hooks,Resource,156,Fort-Royal,4,0.05,1,457.0,False
2026-09-12,other,3221,Fishing Hooks,Resource,183,Galdonas,4,0.05,1,184.0,False
2026-09-12,other,3221,Fishing Hooks,Resource,311,Gasparilla,4,0.05,1,108.0,False
2026-09-12,other,3221,Fishing Hooks,Resource,72,George Town,4,0.05,1,434.0,False
2026-09-12,other,3221,Fishing Hooks,Resource,18,George's Town,4,0.05,1,26.0,False
2026-09-12,other,3221,Fishing Hooks,Resource,334,Georgetown,4,0.05,1,1.0,False
2026-09-12,other,3221,Fishing Hooks,Resource,201,Gibraltar,4,0.05,1,5.0,False
2026-09-12,other,3221,Fishing Hooks,Resource,240,Gracias a Dios,4,0.05,1,123.0,False
2026-09-12,other,3221,Fishing Hooks,Resource,33,Grand Turk,4,0.05,1,153.0,False
2026-09-12,other,3221,Fishing Hooks,Resource,231,Great Corn,4,0.05,1,604.0,False
2026-09-12,other,3221,Fishing Hooks,Resource,233,Great River,4,0.05,1,110.0,False
2026-09-12,other,3221,Fishing Hooks,Resource,374,Guacata,4,0.05,1,11.0,False
2026-09-12,other,3221,Fishing Hooks,Resource,179,Guayaguayare,4,0.05,1,138.0,False
2026-09-12,other,3221,Fishing Hooks,Resource,117,Guayama,4,0.05,1,156.0,False
2026-09-12,other,3221,Fishing Hooks,Resource,133,Gustavia,4,0.05,1,119.0,False
2026-09-12,other,3221,Fishing Hooks,Resource,119,Guánica,4,0.05,1,9.0,False
2026-09-12,other,3221,Fishing Hooks,Resource,15,Harbour Island,4,0.05,1,7.0,False
2026-09-12,other,3221,Fishing Hooks,Resource,130,Hat Island,4,0.05,1,10.0,False
2026-09-12,other,3221,Fishing Hooks,Resource,106,Higüey,4,0.05,1,15.0,False
2026-09-12,other,3221,Fishing Hooks,Resource,316,Islamorada,4,0.05,1,132.0,False
2026-09-12,other,3221,Fishing Hooks,Resource,370,Island Harbour,4,0.05,1,1077.0,False
2026-09-12,other,3221,Fishing Hooks,Resource,83,Jacmel,4,0.05,1,127.0,False
2026-09-12,other,3221,Fishing Hooks,Resource,88,Jérémie,4,0.05,1,114.0,False
2026-09-12,other,3221,Fishing Hooks,Resource,313,Key West,4,0.05,1,121.0,False
2026-09-12,other,3221,Fishing Hooks,Resource,357,Kidd's Harbour,4,0.05,1,4.0,False
2026-09-12,other,3221,Fishing Hooks,Resource,79,Kingston / Port Royal,4,0.05,1,2050.0,False
2026-09-12,other,3221,Fishing Hooks,Resource,162,Kingstown,4,0.05,1,238.0,False
2026-09-12,other,3221,Fishing Hooks,Resource,42,La Anguila,4,0.05,1,1.0,False
2026-09-12,other,3221,Fishing Hooks,Resource,170,La Blanquilla,4,0.05,1,268.0,False
2026-09-12,other,3221,Fishing Hooks,Resource,363,La Desconocida,4,0.05,1,23.0,False
2026-09-12,other,3221,Fishing Hooks,Resource,38,La Habana,4,0.05,1,62.0,False
2026-09-12,other,3221,Fishing Hooks,Resource,100,La Isabela,4,0.05,1,19.0,False
2026-09-12,other,3221,Fishing Hooks,Resource,112,La Mona,4,0.05,1,916.0,False
2026-09-12,other,3221,Fishing Hooks,Resource,85,La Navasse,4,0.05,1,530.0,False
2026-09-12,other,3221,Fishing Hooks,Resource,171,La Orchilla,4,0.05,1,41.0,False
2026-09-12,other,3221,Fishing Hooks,Resource,96,La Tortue,4,0.05,1,640.0,False
2026-09-12,other,3221,Fishing Hooks,Resource,187,La Tortuga,4,0.05,1,12.0,False
2026-09-12,other,3221,Fishing Hooks,Resource,154,La Trinité,4,0.05,1,28.0,False
2026-09-12,other,3221,Fishing Hooks,Resource,172,Las Aves,4,0.05,1,382.0,False
2026-09-12,other,3221,Fishing Hooks,Resource,307,Las Sabinas,4,0.05,1,17.0,False
2026-09-12,other,3221,Fishing Hooks,Resource,314,Las Tortugas,4,0.05,1,109.0,False
2026-09-12,other,3221,Fishing Hooks,Resource,86,Les Cayes,4,0.05,1,73.0,False
2026-09-12,other,3221,Fishing Hooks,Resource,8,Little Harbour,4,0.05,1,11.0,False
2026-09-12,other,3221,Fishing Hooks,Resource,29,Little Inagua,4,0.05,1,51.0,False
2026-09-12,other,3221,Fishing Hooks,Resource,362,Little Isaac Rocks,4,0.05,1,4.0,False
2026-09-12,other,3221,Fishing Hooks,Resource,90,Léogane,4,0.05,1,14.0,False
2026-09-12,other,3221,Fishing Hooks,Resource,105,Macao,4,0.05,1,50.0,False
2026-09-12,other,3221,Fishing Hooks,Resource,358,Mangrove Cay,4,0.05,1,4.0,False
2026-09-12,other,3221,Fishing Hooks,Resource,55,Manzanillo,4,0.05,1,172.0,False
2026-09-12,other,3221,Fishing Hooks,Resource,204,Maracaibo,4,0.05,1,24.0,False
2026-09-12,other,3221,Fishing Hooks,Resource,131,Marigot,4,0.05,1,40.0,False
2026-09-12,other,3221,Fishing Hooks,Resource,9,Marsh Harbour,4,0.05,1,7.0,False
2026-09-12,other,3221,Fishing Hooks,Resource,39,Matanzas,4,0.05,1,56.0,False
2026-09-12,other,3221,Fishing Hooks,Resource,227,Matina,4,0.05,1,397.0,False
2026-09-12,other,3221,Fishing Hooks,Resource,26,Mayaguana,4,0.05,1,7.0,False
2026-09-12,other,3221,Fishing Hooks,Resource,197,Mitara,4,0.05,1,18.0,False
2026-09-12,other,3221,Fishing Hooks,Resource,12,Morgan's Bluff,4,0.05,1,6.0,False
2026-09-12,other,3221,Fishing Hooks,Resource,27,Mortimer Town,4,0.05,1,390.0,False
2026-09-12,other,3221,Fishing Hooks,Resource,14,Nassau,4,0.05,1,113.0,False
2026-09-12,other,3221,Fishing Hooks,Resource,297,Nouvelle-Orléans,4,0.05,1,65.0,False
2026-09-12,other,3221,Fishing Hooks,Resource,46,Nuevitas,4,0.05,1,480.0,False
2026-09-12,other,3221,Fishing Hooks,Resource,235,Old Providence,4,0.05,1,51.0,False
2026-09-12,other,3221,Fishing Hooks,Resource,250,Omoa,4,0.05,1,37.0,False
2026-09-12,other,3221,Fishing Hooks,Resource,136,Oranjestad,4,0.05,1,158.0,False
2026-09-12,other,3221,Fishing Hooks,Resource,185,Pampatar,4,0.05,1,12.0,False
2026-09-12,other,3221,Fishing Hooks,Resource,30,Parrot Cay,4,0.05,1,263.0,False
2026-09-12,other,3221,Fishing Hooks,Resource,180,Pedernales,4,0.05,1,287.0,False
2026-09-12,other,3221,Fishing Hooks,Resource,352,Pedro Cay,4,0.05,1,40.0,False
2026-09-12,other,3221,Fishing Hooks,Resource,301,Penzacola,4,0.05,1,459.0,False
2026-09-12,other,3221,Fishing Hooks,Resource,203,Perijá,4,0.05,1,8.0,False
2026-09-12,other,3221,Fishing Hooks,Resource,65,Pinar del Río,4,0.05,1,64.0,False
2026-09-12,other,3221,Fishing Hooks,Resource,23,Pitt's Town,4,0.05,1,503.0,False
2026-09-12,other,3221,Fishing Hooks,Resource,252,Placentia,4,0.05,1,4.0,False
2026-09-12,other,3221,Fishing Hooks,Resource,218,Playón,4,0.05,1,40.0,False
2026-09-12,other,3221,Fishing Hooks,Resource,369,Plymouth,4,0.05,1,73.0,False
2026-09-12,other,3221,Fishing Hooks,Resource,145,Pointe-à-Pitre,4,0.05,1,48.0,False
2026-09-12,other,3221,Fishing Hooks,Resource,77,Port Antonio,4,0.05,1,662.0,False
2026-09-12,other,3221,Fishing Hooks,Resource,91,Port-au-Prince,4,0.05,1,61.0,False
2026-09-12,other,3221,Fishing Hooks,Resource,95,Port-de-Paix,4,0.05,1,54.0,False
2026-09-12,other,3221,Fishing Hooks,Resource,54,Portillo,4,0.05,1,525.0,False
2026-09-12,other,3221,Fishing Hooks,Resource,220,Portobelo,4,0.05,1,1631.0,False
2026-09-12,other,3221,Fishing Hooks,Resource,194,Puerto Cabello,4,0.05,1,31.0,False
2026-09-12,other,3221,Fishing Hooks,Resource,169,Puerto de España,4,0.05,1,115.0,False
2026-09-12,other,3221,Fishing Hooks,Resource,49,Puerto de Nipe,4,0.05,1,18.0,False
2026-09-12,other,3221,Fishing Hooks,Resource,51,Puerto Escondido,4,0.05,1,279.0,False
2026-09-12,other,3221,Fishing Hooks,Resource,101,Puerto Plata,4,0.05,1,27.0,False
2026-09-12,other,3221,Fishing Hooks,Resource,271,Puerto Real,4,0.05,1,27.0,False
2026-09-12,other,3221,Fishing Hooks,Resource,191,Píritu,4,0.05,1,33.0,False
2026-09-12,other,3221,Fishing Hooks,Resource,21,Ragged Cay,4,0.05,1,33.0,False
2026-09-12,other,3221,Fishing Hooks,Resource,43,Remedios,4,0.05,1,127.0,False
2026-09-12,other,3221,Fishing Hooks,Resource,5,Road Rocks,4,0.05,1,7.0,False
2026-09-12,other,3221,Fishing Hooks,Resource,152,Roseau,4,0.05,1,206.0,False
2026-09-12,other,3221,Fishing Hooks,Resource,246,Ruatan,4,0.05,1,79.0,False
2026-09-12,other,3221,Fishing Hooks,Resource,192,Río Chico,4,0.05,1,39.0,False
2026-09-12,other,3221,Fishing Hooks,Resource,209,Río de la Hacha,4,0.05,1,20.0,False
2026-09-12,other,3221,Fishing Hooks,Resource,164,Saint George,4,0.05,1,244.0,False
2026-09-12,other,3221,Fishing Hooks,Resource,355,Saint George's Town,4,0.05,1,322.0,False
2026-09-12,other,3221,Fishing Hooks,Resource,140,Saint John's,4,0.05,1,574.0,False
2026-09-12,other,3221,Fishing Hooks,Resource,296,Saint-Malo,4,0.05,1,97.0,False
2026-09-12,other,3221,Fishing Hooks,Resource,92,Saint-Marc,4,0.05,1,27.0,False
2026-09-12,other,3221,Fishing Hooks,Resource,94,Saint-Nicolas,4,0.05,1,117.0,False
2026-09-12,other,3221,Fishing Hooks,Resource,256,Salamanca,4,0.05,1,17.0,False
2026-09-12,other,3221,Fishing Hooks,Resource,82,Sale-Trou,4,0.05,1,105.0,False
2026-09-12,other,3221,Fishing Hooks,Resource,104,Samaná,4,0.05,1,219.0,False
2026-09-12,other,3221,Fishing Hooks,Resource,326,San Agustín,4,0.05,1,13.0,False
2026-09-12,other,3221,Fishing Hooks,Resource,236,San Andrés,4,0.05,1,67.0,False
2026-09-12,other,3221,Fishing Hooks,Resource,303,San José,4,0.05,1,72.0,False
2026-09-12,other,3221,Fishing Hooks,Resource,115,San Juan,4,0.05,1,445.0,False
2026-09-12,other,3221,Fishing Hooks,Resource,228,San Juan del Norte,4,0.05,1,40.0,False
2026-09-12,other,3221,Fishing Hooks,Resource,62,San Lazaro,4,0.05,1,5.0,False
2026-09-12,other,3221,Fishing Hooks,Resource,305,San Marcos,4,0.05,1,8.0,False
2026-09-12,other,3221,Fishing Hooks,Resource,56,Santa Cruz,4,0.05,1,110.0,False
2026-09-12,other,3221,Fishing Hooks,Resource,68,Santa Fe,4,0.05,1,8.0,False
2026-09-12,other,3221,Fishing Hooks,Resource,210,Santa Marta,4,0.05,1,58.0,False
2026-09-12,other,3221,Fishing Hooks,Resource,57,Santa María,4,0.05,1,395.0,False
2026-09-12,other,3221,Fishing Hooks,Resource,348,Santanillas,4,0.05,1,92.0,False
2026-09-12,other,3221,Fishing Hooks,Resource,52,Santiago de Cuba,4,0.05,1,265.0,False
2026-09-12,other,3221,Fishing Hooks,Resource,108,Santo Domingo,4,0.05,1,72.0,False
2026-09-12,other,3221,Fishing Hooks,Resource,176,Santo Tomé de Guayana,4,0.05,1,59.0,False
2026-09-12,other,3221,Fishing Hooks,Resource,81,Savanna la Mar,4,0.05,1,210.0,False
2026-09-12,other,3221,Fishing Hooks,Resource,331,Savannah,4,0.05,1,6.0,False
2026-09-12,other,3221,Fishing Hooks,Resource,165,Scarborough,4,0.05,1,49.0,False
2026-09-12,other,3221,Fishing Hooks,Resource,266,Selam,4,0.05,1,645.0,False
2026-09-12,other,3221,Fishing Hooks,Resource,349,Serrana,4,0.05,1,29.0,False
2026-09-12,other,3221,Fishing Hooks,Resource,71,Siguanea,4,0.05,1,3.0,False
2026-09-12,other,3221,Fishing Hooks,Resource,268,Sisal,4,0.05,1,627.0,False
2026-09-12,other,3221,Fishing Hooks,Resource,127,Spanish Town,4,0.05,1,45.0,False
2026-09-12,other,3221,Fishing Hooks,Resource,309,Tampa,4,0.05,1,126.0,False
2026-09-12,other,3221,Fishing Hooks,Resource,263,Tantun Cuzamil,4,0.05,1,21.0,False
2026-09-12,other,3221,Fishing Hooks,Resource,213,Tolú,4,0.05,1,556.0,False
2026-09-12,other,3221,Fishing Hooks,Resource,59,Trinidad,4,0.05,1,215.0,False
2026-09-12,other,3221,Fishing Hooks,Resource,244,Truxillo,4,0.05,1,284.0,False
2026-09-12,other,3221,Fishing Hooks,Resource,343,Tumbado,4,0.05,1,171.0,False
2026-09-12,other,3221,Fishing Hooks,Resource,254,Turneffe,4,0.05,1,48.0,False
2026-09-12,other,3221,Fishing Hooks,Resource,6,Turtle Cay,4,0.05,1,143.0,False
2026-09-12,other,3221,Fishing Hooks,Resource,276,Vera Cruz,4,0.05,1,6.0,False
2026-09-12,other,3221,Fishing Hooks,Resource,273,Victoria,4,0.05,1,121.0,False
2026-09-12,other,3221,Fishing Hooks,Resource,159,Vieux-Fort,4,0.05,1,118.0,False
2026-09-12,other,3221,Fishing Hooks,Resource,3,Walker's Cay,4,0.05,1,26.0,False
2026-09-12,other,3221,Fishing Hooks,Resource,360,Water Bay,4,0.05,1,35.0,False
2026-09-12,other,3221,Fishing Hooks,Resource,22,Watlings,4,0.05,1,10.0,False
2026-09-12,other,3221,Fishing Hooks,Resource,4,West End,4,0.05,1,65.0,False
2026-09-12,other,3221,Fishing Hooks,Resource,174,Willemstad,4,0.05,1,620.0,False
2026-09-12,other,3221,Fishing Hooks,Resource,364,William's Bay,4,0.05,1,12.0,False
2026-09-12,other,3221,Fishing Hooks,Resource,335,Wilmington,4,0.05,1,7.0,False
2026-09-12,other,3221,Fishing Hooks,Resource,262,Xpu Ha,4,0.05,1,27.0,False
2026-09-12,other,3221,Fishing Hooks,Resource,181,Yaguaraparo,4,0.05,1,34.0,False
2026-09-12,other,3222,Fishing Nets,Resource,225,Almirante,4,0.05,1,4.0,False
2026-09-12,other,3222,Fishing Nets,Resource,123,Amalienborg,4,0.05,1,1164.0,False
2026-09-12,other,3222,Fishing Nets,Resource,17,Arthur's Town,4,0.05,1,20.0,False
2026-09-12,other,3222,Fishing Nets,Resource,150,Aves,4,0.05,1,242.0,False
2026-09-12,other,3222,Fishing Nets,Resource,321,Ays,4,0.05,1,100.0,False
2026-09-12,other,3222,Fishing Nets,Resource,103,Bahía Escocesa,4,0.05,1,26.0,False
2026-09-12,other,3222,Fishing Nets,Resource,35,Baja,4,0.05,1,122.0,False
2026-09-12,other,3222,Fishing Nets,Resource,50,Baracoa,4,0.05,1,378.0,False
2026-09-12,other,3222,Fishing Nets,Resource,111,Barahona,4,0.05,1,110.0,False
2026-09-12,other,3222,Fishing Nets,Resource,146,Basse-Terre,4,0.05,1,175.0,False
2026-09-12,other,3222,Fishing Nets,Resource,137,Basseterre Town,4,0.05,1,167.0,False
2026-09-12,other,3222,Fishing Nets,Resource,253,Belize,4,0.05,1,528.0,False
2026-09-12,other,3222,Fishing Nets,Resource,257,Bensalem,4,0.05,1,228.0,False
2026-09-12,other,3222,Fishing Nets,Resource,10,Bimini,4,0.05,1,4.0,False
2026-09-12,other,3222,Fishing Nets,Resource,243,Black River,4,0.05,1,51.0,False
2026-09-12,other,3222,Fishing Nets,Resource,230,Bluefields,4,0.05,1,196.0,False
2026-09-12,other,3222,Fishing Nets,Resource,245,Bonacca,4,0.05,1,78.0,False
2026-09-12,other,3222,Fishing Nets,Resource,350,Bone Cay,4,0.05,1,38.0,False
2026-09-12,other,3222,Fishing Nets,Resource,237,Brangman's Bluff,4,0.05,1,151.0,False
2026-09-12,other,3222,Fishing Nets,Resource,161,Bridgetown,4,0.05,1,994.0,False
2026-09-12,other,3222,Fishing Nets,Resource,318,Cabo Cañaveral,4,0.05,1,31.0,False
2026-09-12,other,3222,Fishing Nets,Resource,208,Cabo de la Vela,4,0.05,1,36.0,False
2026-09-12,other,3222,Fishing Nets,Resource,222,Calobelo,4,0.05,1,36.0,False
2026-09-12,other,3222,Fishing Nets,Resource,149,Camp du Roy,4,0.05,1,73.0,False
2026-09-12,other,3222,Fishing Nets,Resource,269,Campeche,4,0.05,1,202.0,False
2026-09-12,other,3222,Fishing Nets,Resource,216,Canalete,4,0.05,1,957.0,False
2026-09-12,other,3222,Fishing Nets,Resource,97,Cap-Français,4,0.05,1,2.0,False
2026-09-12,other,3222,Fishing Nets,Resource,193,Caracas,4,0.05,1,279.0,False
2026-09-12,other,3222,Fishing Nets,Resource,212,Cartagena de Indias,4,0.05,1,435.0,False
2026-09-12,other,3222,Fishing Nets,Resource,198,Casigua,4,0.05,1,6.0,False
2026-09-12,other,3222,Fishing Nets,Resource,74,Cayman Brac,4,0.05,1,174.0,False
2026-09-12,other,3222,Fishing Nets,Resource,323,Cayo Biscayno,4,0.05,1,153.0,False
2026-09-12,other,3222,Fishing Nets,Resource,44,Cayo Romano,4,0.05,1,95.0,False
2026-09-12,other,3222,Fishing Nets,Resource,177,Caño Araguao,4,0.05,1,43.0,False
2026-09-12,other,3222,Fishing Nets,Resource,270,Champotón,4,0.05,1,16.0,False
2026-09-12,other,3222,Fishing Nets,Resource,258,Chinchorro,4,0.05,1,18.0,False
2026-09-12,other,3222,Fishing Nets,Resource,129,Christiansted,4,0.05,1,1.0,False
2026-09-12,other,3222,Fishing Nets,Resource,134,Codrington,4,0.05,1,88.0,False
2026-09-12,other,3222,Fishing Nets,Resource,223,Concepción,4,0.05,1,42.0,False
2026-09-12,other,3222,Fishing Nets,Resource,259,Congrios,4,0.05,1,63.0,False
2026-09-12,other,3222,Fishing Nets,Resource,264,Conil,4,0.05,1,41.0,False
2026-09-12,other,3222,Fishing Nets,Resource,207,Coquibacoa,4,0.05,1,76.0,False
2026-09-12,other,3222,Fishing Nets,Resource,196,Coro,4,0.05,1,8.0,False
2026-09-12,other,3222,Fishing Nets,Resource,66,Corrientes,4,0.05,1,8.0,False
2026-09-12,other,3222,Fishing Nets,Resource,241,Croata,4,0.05,1,49.0,False
2026-09-12,other,3222,Fishing Nets,Resource,361,Crown Haven,4,0.05,1,36.0,False
2026-09-12,other,3222,Fishing Nets,Resource,189,Cumaná,4,0.05,1,66.0,False
2026-09-12,other,3222,Fishing Nets,Resource,214,Dariena,4,0.05,1,54.0,False
2026-09-12,other,3222,Fishing Nets,Resource,20,Deadman's Cay,4,0.05,1,18.0,False
2026-09-12,other,3222,Fishing Nets,Resource,274,Espíritu Santo,4,0.05,1,44.0,False
2026-09-12,other,3222,Fishing Nets,Resource,116,Fajardo,4,0.05,1,23.0,False
2026-09-12,other,3222,Fishing Nets,Resource,135,Fort Baai,4,0.05,1,186.0,False
2026-09-12,other,3222,Fishing Nets,Resource,173,Fort Oranje,4,0.05,1,675.0,False
2026-09-12,other,3222,Fishing Nets,Resource,175,Fort Zoutman,4,0.05,1,53.0,False
2026-09-12,other,3222,Fishing Nets,Resource,156,Fort-Royal,4,0.05,1,1070.0,False
2026-09-12,other,3222,Fishing Nets,Resource,183,Galdonas,4,0.05,1,173.0,False
2026-09-12,other,3222,Fishing Nets,Resource,311,Gasparilla,4,0.05,1,92.0,False
2026-09-12,other,3222,Fishing Nets,Resource,72,George Town,4,0.05,1,460.0,False
2026-09-12,other,3222,Fishing Nets,Resource,18,George's Town,4,0.05,1,34.0,False
2026-09-12,other,3222,Fishing Nets,Resource,334,Georgetown,4,0.05,1,2.0,False
2026-09-12,other,3222,Fishing Nets,Resource,201,Gibraltar,4,0.05,1,5.0,False
2026-09-12,other,3222,Fishing Nets,Resource,16,Governor's Harbour,4,0.05,1,3.0,False
2026-09-12,other,3222,Fishing Nets,Resource,240,Gracias a Dios,4,0.05,1,92.0,False
2026-09-12,other,3222,Fishing Nets,Resource,33,Grand Turk,4,0.05,1,171.0,False
2026-09-12,other,3222,Fishing Nets,Resource,231,Great Corn,4,0.05,1,560.0,False
2026-09-12,other,3222,Fishing Nets,Resource,233,Great River,4,0.05,1,71.0,False
2026-09-12,other,3222,Fishing Nets,Resource,374,Guacata,4,0.05,1,18.0,False
2026-09-12,other,3222,Fishing Nets,Resource,179,Guayaguayare,4,0.05,1,126.0,False
2026-09-12,other,3222,Fishing Nets,Resource,117,Guayama,4,0.05,1,166.0,False
2026-09-12,other,3222,Fishing Nets,Resource,133,Gustavia,4,0.05,1,98.0,False
2026-09-12,other,3222,Fishing Nets,Resource,119,Guánica,4,0.05,1,12.0,False
2026-09-12,other,3222,Fishing Nets,Resource,15,Harbour Island,4,0.05,1,5.0,False
2026-09-12,other,3222,Fishing Nets,Resource,130,Hat Island,4,0.05,1,36.0,False
2026-09-12,other,3222,Fishing Nets,Resource,106,Higüey,4,0.05,1,19.0,False
2026-09-12,other,3222,Fishing Nets,Resource,316,Islamorada,4,0.05,1,122.0,False
2026-09-12,other,3222,Fishing Nets,Resource,370,Island Harbour,4,0.05,1,1169.0,False
2026-09-12,other,3222,Fishing Nets,Resource,83,Jacmel,4,0.05,1,149.0,False
2026-09-12,other,3222,Fishing Nets,Resource,88,Jérémie,4,0.05,1,124.0,False
2026-09-12,other,3222,Fishing Nets,Resource,313,Key West,4,0.05,1,126.0,False
2026-09-12,other,3222,Fishing Nets,Resource,357,Kidd's Harbour,4,0.05,1,3.0,False
2026-09-12,other,3222,Fishing Nets,Resource,79,Kingston / Port Royal,4,0.05,1,2164.0,False
2026-09-12,other,3222,Fishing Nets,Resource,162,Kingstown,4,0.05,1,257.0,False
2026-09-12,other,3222,Fishing Nets,Resource,170,La Blanquilla,4,0.05,1,269.0,False
2026-09-12,other,3222,Fishing Nets,Resource,363,La Desconocida,4,0.05,1,17.0,False
2026-09-12,other,3222,Fishing Nets,Resource,38,La Habana,4,0.05,1,52.0,False
2026-09-12,other,3222,Fishing Nets,Resource,100,La Isabela,4,0.05,1,29.0,False
2026-09-12,other,3222,Fishing Nets,Resource,112,La Mona,4,0.05,1,892.0,False
2026-09-12,other,3222,Fishing Nets,Resource,85,La Navasse,4,0.05,1,563.0,False
2026-09-12,other,3222,Fishing Nets,Resource,171,La Orchilla,4,0.05,1,40.0,False
2026-09-12,other,3222,Fishing Nets,Resource,96,La Tortue,4,0.05,1,496.0,False
2026-09-12,other,3222,Fishing Nets,Resource,187,La Tortuga,4,0.05,1,17.0,False
2026-09-12,other,3222,Fishing Nets,Resource,154,La Trinité,4,0.05,1,33.0,False
2026-09-12,other,3222,Fishing Nets,Resource,172,Las Aves,4,0.05,1,430.0,False
2026-09-12,other,3222,Fishing Nets,Resource,307,Las Sabinas,4,0.05,1,19.0,False
2026-09-12,other,3222,Fishing Nets,Resource,314,Las Tortugas,4,0.05,1,93.0,False
2026-09-12,other,3222,Fishing Nets,Resource,86,Les Cayes,4,0.05,1,37.0,False
2026-09-12,other,3222,Fishing Nets,Resource,8,Little Harbour,4,0.05,1,18.0,False
2026-09-12,other,3222,Fishing Nets,Resource,29,Little Inagua,4,0.05,1,36.0,False
2026-09-12,other,3222,Fishing Nets,Resource,90,Léogane,4,0.05,1,26.0,False
2026-09-12,other,3222,Fishing Nets,Resource,105,Macao,4,0.05,1,59.0,False
2026-09-12,other,3222,Fishing Nets,Resource,358,Mangrove Cay,4,0.05,1,7.0,False
2026-09-12,other,3222,Fishing Nets,Resource,55,Manzanillo,4,0.05,1,187.0,False
2026-09-12,other,3222,Fishing Nets,Resource,204,Maracaibo,4,0.05,1,36.0,False
2026-09-12,other,3222,Fishing Nets,Resource,131,Marigot,4,0.05,1,27.0,False
2026-09-12,other,3222,Fishing Nets,Resource,9,Marsh Harbour,4,0.05,1,11.0,False
2026-09-12,other,3222,Fishing Nets,Resource,39,Matanzas,4,0.05,1,10.0,False
2026-09-12,other,3222,Fishing Nets,Resource,227,Matina,4,0.05,1,455.0,False
2026-09-12,other,3222,Fishing Nets,Resource,26,Mayaguana,4,0.05,1,6.0,False
2026-09-12,other,3222,Fishing Nets,Resource,197,Mitara,4,0.05,1,30.0,False
2026-09-12,other,3222,Fishing Nets,Resource,12,Morgan's Bluff,4,0.05,1,5.0,False
2026-09-12,other,3222,Fishing Nets,Resource,27,Mortimer Town,4,0.05,1,350.0,False
2026-09-12,other,3222,Fishing Nets,Resource,14,Nassau,4,0.05,1,134.0,False
2026-09-12,other,3222,Fishing Nets,Resource,297,Nouvelle-Orléans,4,0.05,1,64.0,False
2026-09-12,other,3222,Fishing Nets,Resource,46,Nuevitas,4,0.05,1,355.0,False
2026-09-12,other,3222,Fishing Nets,Resource,235,Old Providence,4,0.05,1,55.0,False
2026-09-12,other,3222,Fishing Nets,Resource,250,Omoa,4,0.05,1,68.0,False
2026-09-12,other,3222,Fishing Nets,Resource,136,Oranjestad,4,0.05,1,145.0,False
2026-09-12,other,3222,Fishing Nets,Resource,185,Pampatar,4,0.05,1,25.0,False
2026-09-12,other,3222,Fishing Nets,Resource,30,Parrot Cay,4,0.05,1,139.0,False
2026-09-12,other,3222,Fishing Nets,Resource,180,Pedernales,4,0.05,1,260.0,False
2026-09-12,other,3222,Fishing Nets,Resource,352,Pedro Cay,4,0.05,1,34.0,False
2026-09-12,other,3222,Fishing Nets,Resource,301,Penzacola,4,0.05,1,445.0,False
2026-09-12,other,3222,Fishing Nets,Resource,203,Perijá,4,0.05,1,5.0,False
2026-09-12,other,3222,Fishing Nets,Resource,65,Pinar del Río,4,0.05,1,61.0,False
2026-09-12,other,3222,Fishing Nets,Resource,23,Pitt's Town,4,0.05,1,513.0,False
2026-09-12,other,3222,Fishing Nets,Resource,252,Placentia,4,0.05,1,54.0,False
2026-09-12,other,3222,Fishing Nets,Resource,218,Playón,4,0.05,1,34.0,False
2026-09-12,other,3222,Fishing Nets,Resource,369,Plymouth,4,0.05,1,42.0,False
2026-09-12,other,3222,Fishing Nets,Resource,145,Pointe-à-Pitre,4,0.05,1,42.0,False
2026-09-12,other,3222,Fishing Nets,Resource,77,Port Antonio,4,0.05,1,560.0,False
2026-09-12,other,3222,Fishing Nets,Resource,91,Port-au-Prince,4,0.05,1,58.0,False
2026-09-12,other,3222,Fishing Nets,Resource,95,Port-de-Paix,4,0.05,1,25.0,False
2026-09-12,other,3222,Fishing Nets,Resource,54,Portillo,4,0.05,1,544.0,False
2026-09-12,other,3222,Fishing Nets,Resource,220,Portobelo,4,0.05,1,1691.0,False
2026-09-12,other,3222,Fishing Nets,Resource,194,Puerto Cabello,4,0.05,1,20.0,False
2026-09-12,other,3222,Fishing Nets,Resource,169,Puerto de España,4,0.05,1,114.0,False
2026-09-12,other,3222,Fishing Nets,Resource,49,Puerto de Nipe,4,0.05,1,17.0,False
2026-09-12,other,3222,Fishing Nets,Resource,51,Puerto Escondido,4,0.05,1,278.0,False
2026-09-12,other,3222,Fishing Nets,Resource,101,Puerto Plata,4,0.05,1,28.0,False
2026-09-12,other,3222,Fishing Nets,Resource,271,Puerto Real,4,0.05,1,38.0,False
2026-09-12,other,3222,Fishing Nets,Resource,191,Píritu,4,0.05,1,33.0,False
2026-09-12,other,3222,Fishing Nets,Resource,21,Ragged Cay,4,0.05,1,30.0,False
2026-09-12,other,3222,Fishing Nets,Resource,43,Remedios,4,0.05,1,93.0,False
2026-09-12,other,3222,Fishing Nets,Resource,5,Road Rocks,4,0.05,1,2.0,False
2026-09-12,other,3222,Fishing Nets,Resource,152,Roseau,4,0.05,1,115.0,False
2026-09-12,other,3222,Fishing Nets,Resource,246,Ruatan,4,0.05,1,90.0,False
2026-09-12,other,3222,Fishing Nets,Resource,192,Río Chico,4,0.05,1,37.0,False
2026-09-12,other,3222,Fishing Nets,Resource,209,Río de la Hacha,4,0.05,1,20.0,False
2026-09-12,other,3222,Fishing Nets,Resource,164,Saint George,4,0.05,1,257.0,False
2026-09-12,other,3222,Fishing Nets,Resource,355,Saint George's Town,4,0.05,1,592.0,False
2026-09-12,other,3222,Fishing Nets,Resource,140,Saint John's,4,0.05,1,470.0,False
2026-09-12,other,3222,Fishing Nets,Resource,296,Saint-Malo,4,0.05,1,85.0,False
2026-09-12,other,3222,Fishing Nets,Resource,92,Saint-Marc,4,0.05,1,32.0,False
2026-09-12,other,3222,Fishing Nets,Resource,94,Saint-Nicolas,4,0.05,1,151.0,False
2026-09-12,other,3222,Fishing Nets,Resource,256,Salamanca,4,0.05,1,2.0,False
2026-09-12,other,3222,Fishing Nets,Resource,82,Sale-Trou,4,0.05,1,261.0,False
2026-09-12,other,3222,Fishing Nets,Resource,104,Samaná,4,0.05,1,214.0,False
2026-09-12,other,3222,Fishing Nets,Resource,326,San Agustín,4,0.05,1,11.0,False
2026-09-12,other,3222,Fishing Nets,Resource,236,San Andrés,4,0.05,1,64.0,False
2026-09-12,other,3222,Fishing Nets,Resource,303,San José,4,0.05,1,70.0,False
2026-09-12,other,3222,Fishing Nets,Resource,115,San Juan,4,0.05,1,419.0,False
2026-09-12,other,3222,Fishing Nets,Resource,228,San Juan del Norte,4,0.05,1,11.0,False
2026-09-12,other,3222,Fishing Nets,Resource,62,San Lazaro,4,0.05,1,7.0,False
2026-09-12,other,3222,Fishing Nets,Resource,305,San Marcos,4,0.05,1,19.0,False
2026-09-12,other,3222,Fishing Nets,Resource,56,Santa Cruz,4,0.05,1,90.0,False
2026-09-12,other,3222,Fishing Nets,Resource,68,Santa Fe,4,0.05,1,7.0,False
2026-09-12,other,3222,Fishing Nets,Resource,210,Santa Marta,4,0.05,1,53.0,False
2026-09-12,other,3222,Fishing Nets,Resource,57,Santa María,4,0.05,1,292.0,False
2026-09-12,other,3222,Fishing Nets,Resource,348,Santanillas,4,0.05,1,94.0,False
2026-09-12,other,3222,Fishing Nets,Resource,52,Santiago de Cuba,4,0.05,1,316.0,False
2026-09-12,other,3222,Fishing Nets,Resource,108,Santo Domingo,4,0.05,1,70.0,False
2026-09-12,other,3222,Fishing Nets,Resource,176,Santo Tomé de Guayana,4,0.05,1,46.0,False
2026-09-12,other,3222,Fishing Nets,Resource,81,Savanna la Mar,4,0.05,1,145.0,False
2026-09-12,other,3222,Fishing Nets,Resource,331,Savannah,4,0.05,1,7.0,False
2026-09-12,other,3222,Fishing Nets,Resource,165,Scarborough,4,0.05,1,66.0,False
2026-09-12,other,3222,Fishing Nets,Resource,266,Selam,4,0.05,1,616.0,False
2026-09-12,other,3222,Fishing Nets,Resource,349,Serrana,4,0.05,1,28.0,False
2026-09-12,other,3222,Fishing Nets,Resource,71,Siguanea,4,0.05,1,2.0,False
2026-09-12,other,3222,Fishing Nets,Resource,268,Sisal,4,0.05,1,656.0,False
2026-09-12,other,3222,Fishing Nets,Resource,127,Spanish Town,4,0.05,1,33.0,False
2026-09-12,other,3222,Fishing Nets,Resource,309,Tampa,4,0.05,1,120.0,False
2026-09-12,other,3222,Fishing Nets,Resource,263,Tantun Cuzamil,4,0.05,1,65.0,False
2026-09-12,other,3222,Fishing Nets,Resource,213,Tolú,4,0.05,1,572.0,False
2026-09-12,other,3222,Fishing Nets,Resource,59,Trinidad,4,0.05,1,238.0,False
2026-09-12,other,3222,Fishing Nets,Resource,244,Truxillo,4,0.05,1,309.0,False
2026-09-12,other,3222,Fishing Nets,Resource,343,Tumbado,4,0.05,1,164.0,False
2026-09-12,other,3222,Fishing Nets,Resource,254,Turneffe,4,0.05,1,33.0,False
2026-09-12,other,3222,Fishing Nets,Resource,6,Turtle Cay,4,0.05,1,6.0,False
2026-09-12,other,3222,Fishing Nets,Resource,276,Vera Cruz,4,0.05,1,3.0,False
2026-09-12,other,3222,Fishing Nets,Resource,273,Victoria,4,0.05,1,128.0,False
2026-09-12,other,3222,Fishing Nets,Resource,159,Vieux-Fort,4,0.05,1,132.0,False
2026-09-12,other,3222,Fishing Nets,Resource,3,Walker's Cay,4,0.05,1,7.0,False
2026-09-12,other,3222,Fishing Nets,Resource,360,Water Bay,4,0.05,1,34.0,False
2026-09-12,other,3222,Fishing Nets,Resource,22,Watlings,4,0.05,1,13.0,False
2026-09-12,other,3222,Fishing Nets,Resource,4,West End,4,0.05,1,15.0,False
2026-09-12,other,3222,Fishing Nets,Resource,174,Willemstad,4,0.05,1,669.0,False
2026-09-12,other,3222,Fishing Nets,Resource,364,William's Bay,4,0.05,1,5.0,False
2026-09-12,other,3222,Fishing Nets,Resource,335,Wilmington,4,0.05,1,17.0,False
2026-09-12,other,3222,Fishing Nets,Resource,262,Xpu Ha,4,0.05,1,34.0,False
2026-09-12,other,3222,Fishing Nets,Resource,181,Yaguaraparo,4,0.05,1,34.0,False
2026-09-12,other,1840,Flannel,Resource,253,Belize,249,0.05,118,12566.0,False
2026-09-12,other,1840,Flannel,Resource,243,Black River,249,0.05,118,12562.0,False
2026-09-12,other,1840,Flannel,Resource,230,Bluefields,249,0.05,118,12549.0,False
2026-09-12,other,1840,Flannel,Resource,79,Kingston / Port Royal,249,0.05,118,12582.0,False
2026-09-12,other,1840,Flannel,Resource,352,Pedro Cay,249,0.05,118,12549.0,False
2026-09-12,other,1840,Flannel,Resource,220,Portobelo,249,0.05,118,12549.0,False
2026-09-12,other,844,French perfume,Resource,156,Fort-Royal,1727,0.05,822,1530.0,False
2026-09-12,other,1854,Garlic,Resource,253,Belize,16,0.05,8,54974.0,False
2026-09-12,other,1854,Garlic,Resource,230,Bluefields,16,0.05,8,54943.0,False
2026-09-12,other,1854,Garlic,Resource,350,Bone Cay,16,0.05,8,54943.0,False
2026-09-12,other,1854,Garlic,Resource,79,Kingston / Port Royal,16,0.05,8,54943.0,False
2026-09-12,other,1854,Garlic,Resource,220,Portobelo,16,0.05,8,54943.0,False
2026-09-12,other,1864,Gin,Resource,79,Kingston / Port Royal,518,0.05,247,4232.0,False
2026-09-12,other,841,Gold Coast Ivory,Resource,79,Kingston / Port Royal,518,0.05,247,4232.0,False
2026-09-12,other,2977,Grape Ammo,Resource,123,Amalienborg,57,0.05,1,159.0,False
2026-09-12,other,2977,Grape Ammo,Resource,253,Belize,57,0.05,1,1053.0,False
2026-09-12,other,2977,Grape Ammo,Resource,350,Bone Cay,57,0.05,1,1835.0,False
2026-09-12,other,2977,Grape Ammo,Resource,222,Calobelo,57,0.05,1,28.0,False
2026-09-12,other,2977,Grape Ammo,Resource,323,Cayo Biscayno,57,0.05,1,6.0,False
2026-09-12,other,2977,Grape Ammo,Resource,270,Champotón,57,0.05,1,149.0,False
2026-09-12,other,2977,Grape Ammo,Resource,333,Charleston,57,0.05,1,10.0,False
2026-09-12,other,2977,Grape Ammo,Resource,258,Chinchorro,57,0.05,1,154.0,False
2026-09-12,other,2977,Grape Ammo,Resource,66,Corrientes,57,0.05,1,6091.0,False
2026-09-12,other,2977,Grape Ammo,Resource,241,Croata,57,0.05,1,150.0,False
2026-09-12,other,2977,Grape Ammo,Resource,214,Dariena,57,0.05,1,20000.0,False
2026-09-12,other,2977,Grape Ammo,Resource,334,Georgetown,57,0.05,1,74.0,False
2026-09-12,other,2977,Grape Ammo,Resource,179,Guayaguayare,57,0.05,1,20000.0,False
2026-09-12,other,2977,Grape Ammo,Resource,106,Higüey,57,0.05,1,1437.0,False
2026-09-12,other,2977,Grape Ammo,Resource,313,Key West,57,0.05,1,786.0,False
2026-09-12,other,2977,Grape Ammo,Resource,357,Kidd's Harbour,57,0.05,1,100.0,False
2026-09-12,other,2977,Grape Ammo,Resource,38,La Habana,57,0.05,1,27.0,False
2026-09-12,other,2977,Grape Ammo,Resource,100,La Isabela,57,0.05,1,506.0,False
2026-09-12,other,2977,Grape Ammo,Resource,314,Las Tortugas,57,0.05,1,192.0,False
2026-09-12,other,2977,Grape Ammo,Resource,90,Léogane,57,0.05,1,200.0,False
2026-09-12,other,2977,Grape Ammo,Resource,55,Manzanillo,57,0.05,1,353.0,False
2026-09-12,other,2977,Grape Ammo,Resource,204,Maracaibo,57,0.05,1,2271.0,False
2026-09-12,other,2977,Grape Ammo,Resource,46,Nuevitas,57,0.05,1,1520.0,False
2026-09-12,other,2977,Grape Ammo,Resource,235,Old Providence,57,0.05,1,1469.0,False
2026-09-12,other,2977,Grape Ammo,Resource,352,Pedro Cay,57,0.05,1,217.0,False
2026-09-12,other,2977,Grape Ammo,Resource,301,Penzacola,57,0.05,1,15158.0,False
2026-09-12,other,2977,Grape Ammo,Resource,203,Perijá,57,0.05,1,15.0,False
2026-09-12,other,2977,Grape Ammo,Resource,65,Pinar del Río,57,0.05,1,17700.0,False
2026-09-12,other,2977,Grape Ammo,Resource,77,Port Antonio,57,0.05,1,468.0,False
2026-09-12,other,2977,Grape Ammo,Resource,220,Portobelo,57,0.05,1,3100.0,False
2026-09-12,other,2977,Grape Ammo,Resource,296,Saint-Malo,57,0.05,1,2997.0,False
2026-09-12,other,2977,Grape Ammo,Resource,104,Samaná,57,0.05,1,1967.0,False
2026-09-12,other,2977,Grape Ammo,Resource,303,San José,57,0.05,1,1647.0,False
2026-09-12,other,2977,Grape Ammo,Resource,348,Santanillas,57,0.05,1,175.0,False
2026-09-12,other,2977,Grape Ammo,Resource,108,Santo Domingo,57,0.05,1,18352.0,False
2026-09-12,other,2977,Grape Ammo,Resource,165,Scarborough,57,0.05,1,202.0,False
2026-09-12,other,2977,Grape Ammo,Resource,349,Serrana,57,0.05,1,20000.0,False
2026-09-12,other,2977,Grape Ammo,Resource,366,Shroud Cay,57,0.05,1,240.0,False
2026-09-12,other,2977,Grape Ammo,Resource,127,Spanish Town,57,0.05,1,536.0,False
2026-09-12,other,2977,Grape Ammo,Resource,309,Tampa,57,0.05,1,1009.0,False
2026-09-12,other,2977,Grape Ammo,Resource,244,Truxillo,57,0.05,1,3330.0,False
2026-09-12,other,2977,Grape Ammo,Resource,22,Watlings,57,0.05,1,20000.0,False
2026-09-12,other,2977,Grape Ammo,Resource,364,William's Bay,57,0.05,1,12.0,False
2026-09-12,other,1866,Grapefruit,Resource,113,Aguadilla,16,0.05,8,54943.0,False
2026-09-12,other,1866,Grapefruit,Resource,150,Aves,16,0.05,8,54943.0,False
2026-09-12,other,1866,Grapefruit,Resource,161,Bridgetown,16,0.05,8,55643.0,False
2026-09-12,other,1866,Grapefruit,Resource,156,Fort-Royal,16,0.05,8,59443.0,False
2026-09-12,other,1866,Grapefruit,Resource,370,Island Harbour,16,0.05,8,55443.0,False
2026-09-12,other,1866,Grapefruit,Resource,136,Oranjestad,16,0.05,8,54943.0,False
2026-09-12,other,1866,Grapefruit,Resource,164,Saint George,16,0.05,8,55743.0,False
2026-09-12,other,1866,Grapefruit,Resource,115,San Juan,16,0.05,8,55879.0,False
2026-09-12,other,2978,Gunpowder,Resource,123,Amalienborg,8,0.05,1,59401.0,False
2026-09-12,other,2978,Gunpowder,Resource,253,Belize,8,0.05,1,395640.0,False
2026-09-12,other,2978,Gunpowder,Resource,243,Black River,8,0.05,1,40730.0,False
2026-09-12,other,2978,Gunpowder,Resource,350,Bone Cay,8,0.05,1,965055.0,False
2026-09-12,other,2978,Gunpowder,Resource,161,Bridgetown,8,0.05,1,4588.0,False
2026-09-12,other,2978,Gunpowder,Resource,269,Campeche,8,0.05,1,11191.0,False
2026-09-12,other,2978,Gunpowder,Resource,74,Cayman Brac,8,0.05,1,219113.0,False
2026-09-12,other,2978,Gunpowder,Resource,177,Caño Araguao,8,0.05,1,25263.0,False
2026-09-12,other,2978,Gunpowder,Resource,270,Champotón,8,0.05,1,38984.0,False
2026-09-12,other,2978,Gunpowder,Resource,258,Chinchorro,8,0.05,1,34355.0,False
2026-09-12,other,2978,Gunpowder,Resource,66,Corrientes,8,0.05,1,80996.0,False
2026-09-12,other,2978,Gunpowder,Resource,214,Dariena,8,0.05,1,950000.0,False
2026-09-12,other,2978,Gunpowder,Resource,311,Gasparilla,8,0.05,1,53240.0,False
2026-09-12,other,2978,Gunpowder,Resource,334,Georgetown,8,0.05,1,1070.0,False
2026-09-12,other,2978,Gunpowder,Resource,240,Gracias a Dios,8,0.05,1,9350.0,False
2026-09-12,other,2978,Gunpowder,Resource,374,Guacata,8,0.05,1,19493.0,False
2026-09-12,other,2978,Gunpowder,Resource,179,Guayaguayare,8,0.05,1,950000.0,False
2026-09-12,other,2978,Gunpowder,Resource,15,Harbour Island,8,0.05,1,8005.0,False
2026-09-12,other,2978,Gunpowder,Resource,370,Island Harbour,8,0.05,1,42433.0,False
2026-09-12,other,2978,Gunpowder,Resource,313,Key West,8,0.05,1,97811.0,False
2026-09-12,other,2978,Gunpowder,Resource,357,Kidd's Harbour,8,0.05,1,2998.0,False
2026-09-12,other,2978,Gunpowder,Resource,162,Kingstown,8,0.05,1,20000.0,False
2026-09-12,other,2978,Gunpowder,Resource,363,La Desconocida,8,0.05,1,184.0,False
2026-09-12,other,2978,Gunpowder,Resource,100,La Isabela,8,0.05,1,15993.0,False
2026-09-12,other,2978,Gunpowder,Resource,307,Las Sabinas,8,0.05,1,31904.0,False
2026-09-12,other,2978,Gunpowder,Resource,314,Las Tortugas,8,0.05,1,15782.0,False
2026-09-12,other,2978,Gunpowder,Resource,90,Léogane,8,0.05,1,6019.0,False
2026-09-12,other,2978,Gunpowder,Resource,55,Manzanillo,8,0.05,1,171800.0,False
2026-09-12,other,2978,Gunpowder,Resource,11,Mimbres,8,0.05,1,720.0,False
2026-09-12,other,2978,Gunpowder,Resource,297,Nouvelle-Orléans,8,0.05,1,139347.0,False
2026-09-12,other,2978,Gunpowder,Resource,46,Nuevitas,8,0.05,1,150158.0,False
2026-09-12,other,2978,Gunpowder,Resource,301,Penzacola,8,0.05,1,710546.0,False
2026-09-12,other,2978,Gunpowder,Resource,65,Pinar del Río,8,0.05,1,950000.0,False
2026-09-12,other,2978,Gunpowder,Resource,220,Portobelo,8,0.05,1,16241.0,False
2026-09-12,other,2978,Gunpowder,Resource,296,Saint-Malo,8,0.05,1,619873.0,False
2026-09-12,other,2978,Gunpowder,Resource,326,San Agustín,8,0.05,1,12305.0,False
2026-09-12,other,2978,Gunpowder,Resource,303,San José,8,0.05,1,27736.0,False
2026-09-12,other,2978,Gunpowder,Resource,62,San Lazaro,8,0.05,1,935382.0,False
2026-09-12,other,2978,Gunpowder,Resource,305,San Marcos,8,0.05,1,15522.0,False
2026-09-12,other,2978,Gunpowder,Resource,68,Santa Fe,8,0.05,1,26742.0,False
2026-09-12,other,2978,Gunpowder,Resource,57,Santa María,8,0.05,1,623745.0,False
2026-09-12,other,2978,Gunpowder,Resource,348,Santanillas,8,0.05,1,32148.0,False
2026-09-12,other,2978,Gunpowder,Resource,108,Santo Domingo,8,0.05,1,312231.0,False
2026-09-12,other,2978,Gunpowder,Resource,165,Scarborough,8,0.05,1,40136.0,False
2026-09-12,other,2978,Gunpowder,Resource,366,Shroud Cay,8,0.05,1,18652.0,False
2026-09-12,other,2978,Gunpowder,Resource,71,Siguanea,8,0.05,1,12805.0,False
2026-09-12,other,2978,Gunpowder,Resource,127,Spanish Town,8,0.05,1,21493.0,False
2026-09-12,other,2978,Gunpowder,Resource,309,Tampa,8,0.05,1,73545.0,False
2026-09-12,other,2978,Gunpowder,Resource,244,Truxillo,8,0.05,1,211037.0,False
2026-09-12,other,2978,Gunpowder,Resource,364,William's Bay,8,0.05,1,954948.0,False
2026-09-12,other,833,Honey,Resource,259,Congrios,249,0.05,118,12549.0,False
2026-09-12,other,833,Honey,Resource,268,Sisal,249,0.05,118,12549.0,False
2026-09-12,other,833,Honey,Resource,276,Vera Cruz,249,0.05,118,12549.0,False
2026-09-12,other,1826,Horses,Resource,256,Salamanca,518,0.05,247,4232.0,False
2026-09-12,other,1826,Horses,Resource,268,Sisal,518,0.05,247,4232.0,False
2026-09-12,other,1826,Horses,Resource,276,Vera Cruz,518,0.05,247,4232.0,False
2026-09-12,other,1124,Hull Repairs,Material,111,Barahona,270,0.05,1,4375.0,False
2026-09-12,other,1124,Hull Repairs,Material,350,Bone Cay,270,0.05,1,508.0,False
2026-09-12,other,1124,Hull Repairs,Material,161,Bridgetown,270,0.05,1,10.0,False
2026-09-12,other,1124,Hull Repairs,Material,74,Cayman Brac,270,0.05,1,977.0,False
2026-09-12,other,1124,Hull Repairs,Material,323,Cayo Biscayno,270,0.05,1,71.0,False
2026-09-12,other,1124,Hull Repairs,Material,258,Chinchorro,270,0.05,1,10.0,False
2026-09-12,other,1124,Hull Repairs,Material,66,Corrientes,270,0.05,1,4220.0,False
2026-09-12,other,1124,Hull Repairs,Material,241,Croata,270,0.05,1,13.0,False
2026-09-12,other,1124,Hull Repairs,Material,214,Dariena,270,0.05,1,20000.0,False
2026-09-12,other,1124,Hull Repairs,Material,135,Fort Baai,270,0.05,1,220.0,False
2026-09-12,other,1124,Hull Repairs,Material,311,Gasparilla,270,0.05,1,136.0,False
2026-09-12,other,1124,Hull Repairs,Material,240,Gracias a Dios,270,0.05,1,113.0,False
2026-09-12,other,1124,Hull Repairs,Material,179,Guayaguayare,270,0.05,1,20000.0,False
2026-09-12,other,1124,Hull Repairs,Material,133,Gustavia,270,0.05,1,117.0,False
2026-09-12,other,1124,Hull Repairs,Material,130,Hat Island,270,0.05,1,187.0,False
2026-09-12,other,1124,Hull Repairs,Material,106,Higüey,270,0.05,1,984.0,False
2026-09-12,other,1124,Hull Repairs,Material,370,Island Harbour,270,0.05,1,1816.0,False
2026-09-12,other,1124,Hull Repairs,Material,313,Key West,270,0.05,1,488.0,False
2026-09-12,other,1124,Hull Repairs,Material,357,Kidd's Harbour,270,0.05,1,57.0,False
2026-09-12,other,1124,Hull Repairs,Material,363,La Desconocida,270,0.05,1,4.0,False
2026-09-12,other,1124,Hull Repairs,Material,100,La Isabela,270,0.05,1,100.0,False
2026-09-12,other,1124,Hull Repairs,Material,307,Las Sabinas,270,0.05,1,66.0,False
2026-09-12,other,1124,Hull Repairs,Material,314,Las Tortugas,270,0.05,1,195.0,False
2026-09-12,other,1124,Hull Repairs,Material,8,Little Harbour,270,0.05,1,4.0,False
2026-09-12,other,1124,Hull Repairs,Material,90,Léogane,270,0.05,1,212.0,False
2026-09-12,other,1124,Hull Repairs,Material,9,Marsh Harbour,270,0.05,1,20000.0,False
2026-09-12,other,1124,Hull Repairs,Material,11,Mimbres,270,0.05,1,5.0,False
2026-09-12,other,1124,Hull Repairs,Material,297,Nouvelle-Orléans,270,0.05,1,91.0,False
2026-09-12,other,1124,Hull Repairs,Material,46,Nuevitas,270,0.05,1,119.0,False
2026-09-12,other,1124,Hull Repairs,Material,235,Old Providence,270,0.05,1,448.0,False
2026-09-12,other,1124,Hull Repairs,Material,352,Pedro Cay,270,0.05,1,31387.0,False
2026-09-12,other,1124,Hull Repairs,Material,65,Pinar del Río,270,0.05,1,3224.0,False
2026-09-12,other,1124,Hull Repairs,Material,49,Puerto de Nipe,270,0.05,1,54.0,False
2026-09-12,other,1124,Hull Repairs,Material,51,Puerto Escondido,270,0.05,1,166.0,False
2026-09-12,other,1124,Hull Repairs,Material,43,Remedios,270,0.05,1,80.0,False
2026-09-12,other,1124,Hull Repairs,Material,296,Saint-Malo,270,0.05,1,4799.0,False
2026-09-12,other,1124,Hull Repairs,Material,104,Samaná,270,0.05,1,2488.0,False
2026-09-12,other,1124,Hull Repairs,Material,305,San Marcos,270,0.05,1,150.0,False
2026-09-12,other,1124,Hull Repairs,Material,57,Santa María,270,0.05,1,3557.0,False
2026-09-12,other,1124,Hull Repairs,Material,348,Santanillas,270,0.05,1,281.0,False
2026-09-12,other,1124,Hull Repairs,Material,108,Santo Domingo,270,0.05,1,2209.0,False
2026-09-12,other,1124,Hull Repairs,Material,349,Serrana,270,0.05,1,469.0,False
2026-09-12,other,1124,Hull Repairs,Material,366,Shroud Cay,270,0.05,1,128.0,False
2026-09-12,other,1124,Hull Repairs,Material,71,Siguanea,270,0.05,1,28.0,False
2026-09-12,other,1124,Hull Repairs,Material,127,Spanish Town,270,0.05,1,372.0,False
2026-09-12,other,1124,Hull Repairs,Material,244,Truxillo,270,0.05,1,333.0,False
2026-09-12,other,1124,Hull Repairs,Material,4,West End,270,0.05,1,13.0,False
2026-09-12,other,1124,Hull Repairs,Material,364,William's Bay,270,0.05,1,66.0,False
2026-09-12,other,790,Iberian Dried Pork,Resource,38,La Habana,16,0.05,8,54943.0,False
2026-09-12,other,802,Indian tea,Resource,79,Kingston / Port Royal,518,0.05,247,4232.0,False
2026-09-12,other,857,Indigo,Resource,193,Caracas,518,0.05,247,4232.0,False
2026-09-12,other,857,Indigo,Resource,212,Cartagena de Indias,518,0.05,247,4232.0,False
2026-09-12,other,857,Indigo,Resource,204,Maracaibo,518,0.05,247,4232.0,False
2026-09-12,other,857,Indigo,Resource,169,Puerto de España,518,0.05,247,4232.0,False
2026-09-12,other,857,Indigo,Resource,209,Río de la Hacha,518,0.05,247,4232.0,False
2026-09-12,other,857,Indigo,Resource,174,Willemstad,518,0.05,247,4232.0,False
2026-09-12,other,798,Kentucky Bourbon,Resource,333,Charleston,518,0.05,247,1406.0,False
2026-09-12,other,798,Kentucky Bourbon,Resource,334,Georgetown,518,0.05,247,4232.0,False
2026-09-12,other,798,Kentucky Bourbon,Resource,297,Nouvelle-Orléans,518,0.05,247,4232.0,False
2026-09-12,other,798,Kentucky Bourbon,Resource,305,San Marcos,518,0.05,247,4232.0,False
2026-09-12,other,806,Lancashire Iron,Resource,79,Kingston / Port Royal,249,0.05,118,12549.0,False
2026-09-12,other,1853,Lemons,Resource,14,Nassau,68,0.05,32,10458.0,False
2026-09-12,other,1849,Limes,Resource,38,La Habana,16,0.05,8,54943.0,False
2026-09-12,other,1849,Limes,Resource,96,La Tortue,16,0.05,8,54943.0,False
2026-09-12,other,1849,Limes,Resource,91,Port-au-Prince,16,0.05,8,54943.0,False
2026-09-12,other,1849,Limes,Resource,51,Puerto Escondido,16,0.05,8,54943.0,False
2026-09-12,other,1849,Limes,Resource,94,Saint-Nicolas,16,0.05,8,54943.0,False
2026-09-12,other,1849,Limes,Resource,56,Santa Cruz,16,0.05,8,54943.0,False
2026-09-12,other,1849,Limes,Resource,52,Santiago de Cuba,16,0.05,8,54943.0,False
2026-09-12,other,1849,Limes,Resource,108,Santo Domingo,16,0.05,8,54943.0,False
2026-09-12,other,1859,Liqueur,Resource,156,Fort-Royal,249,0.05,118,12549.0,False
2026-09-12,other,1858,Livestock,Resource,38,La Habana,249,0.05,118,12549.0,False
2026-09-12,other,1858,Livestock,Resource,96,La Tortue,249,0.05,118,12550.0,False
2026-09-12,other,1858,Livestock,Resource,86,Les Cayes,249,0.05,118,12643.0,False
2026-09-12,other,1858,Livestock,Resource,55,Manzanillo,249,0.05,118,12549.0,False
2026-09-12,other,1858,Livestock,Resource,91,Port-au-Prince,249,0.05,118,12549.0,False
2026-09-12,other,1858,Livestock,Resource,43,Remedios,249,0.05,118,12549.0,False
2026-09-12,other,1858,Livestock,Resource,52,Santiago de Cuba,249,0.05,118,12549.0,False
2026-09-12,other,1858,Livestock,Resource,108,Santo Domingo,249,0.05,118,12549.0,False
2026-09-12,other,1850,Logwood,Resource,88,Jérémie,249,0.05,118,12549.0,False
2026-09-12,other,1850,Logwood,Resource,42,La Anguila,249,0.05,118,12549.0,False
2026-09-12,other,1850,Logwood,Resource,38,La Habana,249,0.05,118,12549.0,False
2026-09-12,other,1850,Logwood,Resource,96,La Tortue,249,0.05,118,12601.0,False
2026-09-12,other,1850,Logwood,Resource,91,Port-au-Prince,249,0.05,118,12549.0,False
2026-09-12,other,1850,Logwood,Resource,52,Santiago de Cuba,249,0.05,118,12549.0,False
2026-09-12,other,1850,Logwood,Resource,108,Santo Domingo,249,0.05,118,12549.0,False
2026-09-12,other,1845,Lumber,Resource,274,Espíritu Santo,249,0.05,118,12555.0,False
2026-09-12,other,1845,Lumber,Resource,268,Sisal,249,0.05,118,12549.0,False
2026-09-12,other,1845,Lumber,Resource,276,Vera Cruz,249,0.05,118,12549.0,False
2026-09-12,other,791,Madeira Wine,Resource,38,La Habana,249,0.05,118,12587.0,False
2026-09-12,other,859,Maize,Resource,193,Caracas,119,0.05,57,10573.0,False
2026-09-12,other,859,Maize,Resource,212,Cartagena de Indias,119,0.05,57,10458.0,False
2026-09-12,other,859,Maize,Resource,204,Maracaibo,119,0.05,57,10458.0,False
2026-09-12,other,859,Maize,Resource,169,Puerto de España,119,0.05,57,10710.0,False
2026-09-12,other,859,Maize,Resource,192,Río Chico,119,0.05,57,10458.0,False
2026-09-12,other,859,Maize,Resource,174,Willemstad,119,0.05,57,10458.0,False
2026-09-12,other,1871,Mangoes,Resource,161,Bridgetown,16,0.05,8,54943.0,False
2026-09-12,other,1871,Mangoes,Resource,156,Fort-Royal,16,0.05,8,56379.0,False
2026-09-12,other,1871,Mangoes,Resource,117,Guayama,16,0.05,8,54943.0,False
2026-09-12,other,1871,Mangoes,Resource,162,Kingstown,16,0.05,8,54943.0,False
2026-09-12,other,1871,Mangoes,Resource,136,Oranjestad,16,0.05,8,54943.0,False
2026-09-12,other,1871,Mangoes,Resource,369,Plymouth,16,0.05,8,54943.0,False
2026-09-12,other,1871,Mangoes,Resource,145,Pointe-à-Pitre,16,0.05,8,54943.0,False
2026-09-12,other,1871,Mangoes,Resource,115,San Juan,16,0.05,8,54943.0,False
2026-09-12,other,1889,Marble,Resource,193,Caracas,518,0.05,247,4232.0,False
2026-09-12,other,1889,Marble,Resource,212,Cartagena de Indias,518,0.05,247,4232.0,False
2026-09-12,other,1889,Marble,Resource,204,Maracaibo,518,0.05,247,4232.0,False
2026-09-12,other,1889,Marble,Resource,169,Puerto de España,518,0.05,247,4232.0,False
2026-09-12,other,1889,Marble,Resource,174,Willemstad,518,0.05,247,4232.0,False
2026-09-12,other,365,Medicine,Resource,113,Aguadilla,75,0.05,1,3244.0,False
2026-09-12,other,365,Medicine,Resource,137,Basseterre Town,75,0.05,1,2879.0,False
2026-09-12,other,365,Medicine,Resource,243,Black River,75,0.05,1,954.0,False
2026-09-12,other,365,Medicine,Resource,230,Bluefields,75,0.05,1,480.0,False
2026-09-12,other,365,Medicine,Resource,350,Bone Cay,75,0.05,1,601.0,False
2026-09-12,other,365,Medicine,Resource,269,Campeche,75,0.05,1,768.0,False
2026-09-12,other,365,Medicine,Resource,216,Canalete,75,0.05,1,19630.0,False
2026-09-12,other,365,Medicine,Resource,323,Cayo Biscayno,75,0.05,1,180.0,False
2026-09-12,other,365,Medicine,Resource,270,Champotón,75,0.05,1,3048.0,False
2026-09-12,other,365,Medicine,Resource,258,Chinchorro,75,0.05,1,116.0,False
2026-09-12,other,365,Medicine,Resource,259,Congrios,75,0.05,1,1637.0,False
2026-09-12,other,365,Medicine,Resource,264,Conil,75,0.05,1,496.0,False
2026-09-12,other,365,Medicine,Resource,66,Corrientes,75,0.05,1,11577.0,False
2026-09-12,other,365,Medicine,Resource,241,Croata,75,0.05,1,82.0,False
2026-09-12,other,365,Medicine,Resource,214,Dariena,75,0.05,1,25000.0,False
2026-09-12,other,365,Medicine,Resource,20,Deadman's Cay,75,0.05,1,25000.0,False
2026-09-12,other,365,Medicine,Resource,311,Gasparilla,75,0.05,1,56.0,False
2026-09-12,other,365,Medicine,Resource,16,Governor's Harbour,75,0.05,1,25000.0,False
2026-09-12,other,365,Medicine,Resource,233,Great River,75,0.05,1,9000.0,False
2026-09-12,other,365,Medicine,Resource,374,Guacata,75,0.05,1,69.0,False
2026-09-12,other,365,Medicine,Resource,179,Guayaguayare,75,0.05,1,25000.0,False
2026-09-12,other,365,Medicine,Resource,106,Higüey,75,0.05,1,7369.0,False
2026-09-12,other,365,Medicine,Resource,370,Island Harbour,75,0.05,1,14688.0,False
2026-09-12,other,365,Medicine,Resource,83,Jacmel,75,0.05,1,207.0,False
2026-09-12,other,365,Medicine,Resource,88,Jérémie,75,0.05,1,110.0,False
2026-09-12,other,365,Medicine,Resource,313,Key West,75,0.05,1,545.0,False
2026-09-12,other,365,Medicine,Resource,357,Kidd's Harbour,75,0.05,1,728.0,False
2026-09-12,other,365,Medicine,Resource,100,La Isabela,75,0.05,1,587.0,False
2026-09-12,other,365,Medicine,Resource,172,Las Aves,75,0.05,1,1635.0,False
2026-09-12,other,365,Medicine,Resource,314,Las Tortugas,75,0.05,1,595.0,False
2026-09-12,other,365,Medicine,Resource,29,Little Inagua,75,0.05,1,8984.0,False
2026-09-12,other,365,Medicine,Resource,90,Léogane,75,0.05,1,11356.0,False
2026-09-12,other,365,Medicine,Resource,55,Manzanillo,75,0.05,1,4873.0,False
2026-09-12,other,365,Medicine,Resource,204,Maracaibo,75,0.05,1,3235.0,False
2026-09-12,other,365,Medicine,Resource,11,Mimbres,75,0.05,1,49.0,False
2026-09-12,other,365,Medicine,Resource,297,Nouvelle-Orléans,75,0.05,1,6168.0,False
2026-09-12,other,365,Medicine,Resource,46,Nuevitas,75,0.05,1,1109.0,False
2026-09-12,other,365,Medicine,Resource,235,Old Providence,75,0.05,1,4441.0,False
2026-09-12,other,365,Medicine,Resource,30,Parrot Cay,75,0.05,1,185.0,False
2026-09-12,other,365,Medicine,Resource,352,Pedro Cay,75,0.05,1,25013.0,False
2026-09-12,other,365,Medicine,Resource,301,Penzacola,75,0.05,1,1712.0,False
2026-09-12,other,365,Medicine,Resource,65,Pinar del Río,75,0.05,1,24002.0,False
2026-09-12,other,365,Medicine,Resource,252,Placentia,75,0.05,1,204.0,False
2026-09-12,other,365,Medicine,Resource,54,Portillo,75,0.05,1,1171.0,False
2026-09-12,other,365,Medicine,Resource,51,Puerto Escondido,75,0.05,1,766.0,False
2026-09-12,other,365,Medicine,Resource,296,Saint-Malo,75,0.05,1,5845.0,False
2026-09-12,other,365,Medicine,Resource,82,Sale-Trou,75,0.05,1,79.0,False
2026-09-12,other,365,Medicine,Resource,104,Samaná,75,0.05,1,958.0,False
2026-09-12,other,365,Medicine,Resource,68,Santa Fe,75,0.05,1,670.0,False
2026-09-12,other,365,Medicine,Resource,57,Santa María,75,0.05,1,1997.0,False
2026-09-12,other,365,Medicine,Resource,348,Santanillas,75,0.05,1,571.0,False
2026-09-12,other,365,Medicine,Resource,349,Serrana,75,0.05,1,628.0,False
2026-09-12,other,365,Medicine,Resource,366,Shroud Cay,75,0.05,1,785.0,False
2026-09-12,other,365,Medicine,Resource,71,Siguanea,75,0.05,1,200.0,False
2026-09-12,other,365,Medicine,Resource,127,Spanish Town,75,0.05,1,872.0,False
2026-09-12,other,365,Medicine,Resource,309,Tampa,75,0.05,1,235.0,False
2026-09-12,other,365,Medicine,Resource,244,Truxillo,75,0.05,1,7037.0,False
2026-09-12,other,365,Medicine,Resource,273,Victoria,75,0.05,1,4425.0,False
2026-09-12,other,792,Merino Wool,Resource,38,La Habana,518,0.05,247,4232.0,False
2026-09-12,other,1870,Mosaic,Resource,193,Caracas,249,0.05,118,12549.0,False
2026-09-12,other,1870,Mosaic,Resource,212,Cartagena de Indias,249,0.05,118,12549.0,False
2026-09-12,other,1870,Mosaic,Resource,207,Coquibacoa,249,0.05,118,12554.0,False
2026-09-12,other,1870,Mosaic,Resource,204,Maracaibo,249,0.05,118,12549.0,False
2026-09-12,other,1870,Mosaic,Resource,169,Puerto de España,249,0.05,118,12567.0,False
2026-09-12,other,1870,Mosaic,Resource,174,Willemstad,249,0.05,118,12549.0,False
2026-09-12,other,1891,Muskets,Resource,253,Belize,249,0.05,118,12549.0,False
2026-09-12,other,1891,Muskets,Resource,230,Bluefields,249,0.05,118,12549.0,False
2026-09-12,other,1891,Muskets,Resource,74,Cayman Brac,249,0.05,118,12549.0,False
2026-09-12,other,1891,Muskets,Resource,79,Kingston / Port Royal,249,0.05,118,12569.0,False
2026-09-12,other,1891,Muskets,Resource,220,Portobelo,249,0.05,118,12549.0,False
2026-09-12,other,827,Normandy Cider,Resource,156,Fort-Royal,119,0.05,57,10458.0,False
2026-09-12,other,819,Norwegian Fox Fur,Resource,23,Pitt's Town,518,0.05,247,4238.0,False
2026-09-12,other,799,Oregon Beaver Coats,Resource,333,Charleston,518,0.05,247,776.0,False
2026-09-12,other,799,Oregon Beaver Coats,Resource,314,Las Tortugas,518,0.05,247,4232.0,False
2026-09-12,other,799,Oregon Beaver Coats,Resource,297,Nouvelle-Orléans,518,0.05,247,4232.0,False
2026-09-12,other,799,Oregon Beaver Coats,Resource,331,Savannah,518,0.05,247,4232.0,False
2026-09-12,other,1872,Pineapples,Resource,14,Nassau,68,0.05,32,10458.0,False
2026-09-12,other,1883,Potato,Resource,268,Sisal,16,0.05,8,54943.0,False
2026-09-12,other,1883,Potato,Resource,276,Vera Cruz,16,0.05,8,54943.0,False
2026-09-12,other,1868,Quartz,Resource,193,Caracas,518,0.05,247,4236.0,False
2026-09-12,other,1868,Quartz,Resource,212,Cartagena de Indias,518,0.05,247,4232.0,False
2026-09-12,other,1868,Quartz,Resource,173,Fort Oranje,518,0.05,247,4232.0,False
2026-09-12,other,1868,Quartz,Resource,204,Maracaibo,518,0.05,247,4232.0,False
2026-09-12,other,1868,Quartz,Resource,169,Puerto de España,518,0.05,247,4232.0,False
2026-09-12,other,1868,Quartz,Resource,174,Willemstad,518,0.05,247,4237.0,False
2026-09-12,other,842,Red Chilli,Resource,268,Sisal,119,0.05,57,10458.0,False
2026-09-12,other,842,Red Chilli,Resource,263,Tantun Cuzamil,119,0.05,57,10458.0,False
2026-09-12,other,842,Red Chilli,Resource,276,Vera Cruz,119,0.05,57,10458.0,False
2026-09-12,other,1122,Rig Repairs,Material,113,Aguadilla,270,0.05,1,354.0,False
2026-09-12,other,1122,Rig Repairs,Material,350,Bone Cay,270,0.05,1,333.0,False
2026-09-12,other,1122,Rig Repairs,Material,74,Cayman Brac,270,0.05,1,508.0,False
2026-09-12,other,1122,Rig Repairs,Material,323,Cayo Biscayno,270,0.05,1,390.0,False
2026-09-12,other,1122,Rig Repairs,Material,66,Corrientes,270,0.05,1,7275.0,False
2026-09-12,other,1122,Rig Repairs,Material,241,Croata,270,0.05,1,12.0,False
2026-09-12,other,1122,Rig Repairs,Material,214,Dariena,270,0.05,1,20000.0,False
2026-09-12,other,1122,Rig Repairs,Material,311,Gasparilla,270,0.05,1,422.0,False
2026-09-12,other,1122,Rig Repairs,Material,72,George Town,270,0.05,1,3.0,False
2026-09-12,other,1122,Rig Repairs,Material,231,Great Corn,270,0.05,1,20000.0,False
2026-09-12,other,1122,Rig Repairs,Material,374,Guacata,270,0.05,1,30.0,False
2026-09-12,other,1122,Rig Repairs,Material,179,Guayaguayare,270,0.05,1,20000.0,False
2026-09-12,other,1122,Rig Repairs,Material,130,Hat Island,270,0.05,1,182.0,False
2026-09-12,other,1122,Rig Repairs,Material,106,Higüey,270,0.05,1,3254.0,False
2026-09-12,other,1122,Rig Repairs,Material,370,Island Harbour,270,0.05,1,1639.0,False
2026-09-12,other,1122,Rig Repairs,Material,313,Key West,270,0.05,1,526.0,False
2026-09-12,other,1122,Rig Repairs,Material,357,Kidd's Harbour,270,0.05,1,90.0,False
2026-09-12,other,1122,Rig Repairs,Material,363,La Desconocida,270,0.05,1,3.0,False
2026-09-12,other,1122,Rig Repairs,Material,38,La Habana,270,0.05,1,26.0,False
2026-09-12,other,1122,Rig Repairs,Material,100,La Isabela,270,0.05,1,120.0,False
2026-09-12,other,1122,Rig Repairs,Material,314,Las Tortugas,270,0.05,1,186.0,False
2026-09-12,other,1122,Rig Repairs,Material,90,Léogane,270,0.05,1,882.0,False
2026-09-12,other,1122,Rig Repairs,Material,11,Mimbres,270,0.05,1,14.0,False
2026-09-12,other,1122,Rig Repairs,Material,297,Nouvelle-Orléans,270,0.05,1,344.0,False
2026-09-12,other,1122,Rig Repairs,Material,352,Pedro Cay,270,0.05,1,23.0,False
2026-09-12,other,1122,Rig Repairs,Material,301,Penzacola,270,0.05,1,5977.0,False
2026-09-12,other,1122,Rig Repairs,Material,65,Pinar del Río,270,0.05,1,4703.0,False
2026-09-12,other,1122,Rig Repairs,Material,252,Placentia,270,0.05,1,399.0,False
2026-09-12,other,1122,Rig Repairs,Material,220,Portobelo,270,0.05,1,33.0,False
2026-09-12,other,1122,Rig Repairs,Material,51,Puerto Escondido,270,0.05,1,562.0,False
2026-09-12,other,1122,Rig Repairs,Material,43,Remedios,270,0.05,1,85.0,False
2026-09-12,other,1122,Rig Repairs,Material,152,Roseau,270,0.05,1,1063.0,False
2026-09-12,other,1122,Rig Repairs,Material,296,Saint-Malo,270,0.05,1,4969.0,False
2026-09-12,other,1122,Rig Repairs,Material,62,San Lazaro,270,0.05,1,25.0,False
2026-09-12,other,1122,Rig Repairs,Material,305,San Marcos,270,0.05,1,73.0,False
2026-09-12,other,1122,Rig Repairs,Material,68,Santa Fe,270,0.05,1,326.0,False
2026-09-12,other,1122,Rig Repairs,Material,57,Santa María,270,0.05,1,6444.0,False
2026-09-12,other,1122,Rig Repairs,Material,348,Santanillas,270,0.05,1,504.0,False
2026-09-12,other,1122,Rig Repairs,Material,108,Santo Domingo,270,0.05,1,31.0,False
2026-09-12,other,1122,Rig Repairs,Material,349,Serrana,270,0.05,1,35381.0,False
2026-09-12,other,1122,Rig Repairs,Material,366,Shroud Cay,270,0.05,1,89.0,False
2026-09-12,other,1122,Rig Repairs,Material,71,Siguanea,270,0.05,1,106.0,False
2026-09-12,other,1122,Rig Repairs,Material,127,Spanish Town,270,0.05,1,495.0,False
2026-09-12,other,1122,Rig Repairs,Material,244,Truxillo,270,0.05,1,496.0,False
2026-09-12,other,1851,Rubber,Resource,193,Caracas,249,0.05,118,12549.0,False
2026-09-12,other,1851,Rubber,Resource,212,Cartagena de Indias,249,0.05,118,12549.0,False
2026-09-12,other,1851,Rubber,Resource,204,Maracaibo,249,0.05,118,12549.0,False
2026-09-12,other,1851,Rubber,Resource,203,Perijá,249,0.05,118,12549.0,False
2026-09-12,other,1851,Rubber,Resource,169,Puerto de España,249,0.05,118,12549.0,False
2026-09-12,other,1851,Rubber,Resource,174,Willemstad,249,0.05,118,12549.0,False
2026-09-12,other,835,Russian Vodka,Resource,23,Pitt's Town,249,0.05,118,12617.0,False
2026-09-12,other,820,Sail duck,Resource,333,Charleston,518,0.05,247,1036.0,False
2026-09-12,other,820,Sail duck,Resource,297,Nouvelle-Orléans,518,0.05,247,4232.0,False
2026-09-12,other,820,Sail duck,Resource,309,Tampa,518,0.05,247,4232.0,False
2026-09-12,other,621,Salt,Resource,113,Aguadilla,4,0.05,1,101.0,False
2026-09-12,other,621,Salt,Resource,225,Almirante,4,0.05,1,126.0,False
2026-09-12,other,621,Salt,Resource,123,Amalienborg,4,0.05,1,1256.0,False
2026-09-12,other,621,Salt,Resource,17,Arthur's Town,4,0.05,1,41.0,False
2026-09-12,other,621,Salt,Resource,150,Aves,4,0.05,1,259.0,False
2026-09-12,other,621,Salt,Resource,321,Ays,4,0.05,1,5.0,False
2026-09-12,other,621,Salt,Resource,103,Bahía Escocesa,4,0.05,1,104.0,False
2026-09-12,other,621,Salt,Resource,35,Baja,4,0.05,1,102.0,False
2026-09-12,other,621,Salt,Resource,50,Baracoa,4,0.05,1,271.0,False
2026-09-12,other,621,Salt,Resource,111,Barahona,4,0.05,1,29.0,False
2026-09-12,other,621,Salt,Resource,146,Basse-Terre,4,0.05,1,169.0,False
2026-09-12,other,621,Salt,Resource,137,Basseterre Town,4,0.05,1,203.0,False
2026-09-12,other,621,Salt,Resource,253,Belize,4,0.05,1,296.0,False
2026-09-12,other,621,Salt,Resource,257,Bensalem,4,0.05,1,62.0,False
2026-09-12,other,621,Salt,Resource,10,Bimini,4,0.05,1,6.0,False
2026-09-12,other,621,Salt,Resource,243,Black River,4,0.05,1,77.0,False
2026-09-12,other,621,Salt,Resource,230,Bluefields,4,0.05,1,393.0,False
2026-09-12,other,621,Salt,Resource,245,Bonacca,4,0.05,1,59.0,False
2026-09-12,other,621,Salt,Resource,350,Bone Cay,4,0.05,1,50.0,False
2026-09-12,other,621,Salt,Resource,237,Brangman's Bluff,4,0.05,1,58.0,False
2026-09-12,other,621,Salt,Resource,161,Bridgetown,4,0.05,1,527.0,False
2026-09-12,other,621,Salt,Resource,318,Cabo Cañaveral,4,0.05,1,47.0,False
2026-09-12,other,621,Salt,Resource,208,Cabo de la Vela,4,0.05,1,54.0,False
2026-09-12,other,621,Salt,Resource,149,Camp du Roy,4,0.05,1,111.0,False
2026-09-12,other,621,Salt,Resource,269,Campeche,4,0.05,1,47.0,False
2026-09-12,other,621,Salt,Resource,216,Canalete,4,0.05,1,365.0,False
2026-09-12,other,621,Salt,Resource,193,Caracas,4,0.05,1,27.0,False
2026-09-12,other,621,Salt,Resource,212,Cartagena de Indias,4,0.05,1,557.0,False
2026-09-12,other,621,Salt,Resource,198,Casigua,4,0.05,1,6.0,False
2026-09-12,other,621,Salt,Resource,74,Cayman Brac,4,0.05,1,128.0,False
2026-09-12,other,621,Salt,Resource,323,Cayo Biscayno,4,0.05,1,127.0,False
2026-09-12,other,621,Salt,Resource,44,Cayo Romano,4,0.05,1,58.0,False
2026-09-12,other,621,Salt,Resource,177,Caño Araguao,4,0.05,1,45.0,False
2026-09-12,other,621,Salt,Resource,270,Champotón,4,0.05,1,17.0,False
2026-09-12,other,621,Salt,Resource,333,Charleston,4,0.05,1,1.0,False
2026-09-12,other,621,Salt,Resource,258,Chinchorro,4,0.05,1,44.0,False
2026-09-12,other,621,Salt,Resource,129,Christiansted,4,0.05,1,107.0,False
2026-09-12,other,621,Salt,Resource,134,Codrington,4,0.05,1,37.0,False
2026-09-12,other,621,Salt,Resource,223,Concepción,4,0.05,1,1.0,False
2026-09-12,other,621,Salt,Resource,259,Congrios,4,0.05,1,39.0,False
2026-09-12,other,621,Salt,Resource,264,Conil,4,0.05,1,55.0,False
2026-09-12,other,621,Salt,Resource,207,Coquibacoa,4,0.05,1,12.0,False
2026-09-12,other,621,Salt,Resource,196,Coro,4,0.05,1,10.0,False
2026-09-12,other,621,Salt,Resource,66,Corrientes,4,0.05,1,401.0,False
2026-09-12,other,621,Salt,Resource,241,Croata,4,0.05,1,57.0,False
2026-09-12,other,621,Salt,Resource,361,Crown Haven,4,0.05,1,11.0,False
2026-09-12,other,621,Salt,Resource,189,Cumaná,4,0.05,1,6.0,False
2026-09-12,other,621,Salt,Resource,214,Dariena,4,0.05,1,230.0,False
2026-09-12,other,621,Salt,Resource,20,Deadman's Cay,4,0.05,1,10.0,False
2026-09-12,other,621,Salt,Resource,274,Espíritu Santo,4,0.05,1,50.0,False
2026-09-12,other,621,Salt,Resource,116,Fajardo,4,0.05,1,3.0,False
2026-09-12,other,621,Salt,Resource,135,Fort Baai,4,0.05,1,46.0,False
2026-09-12,other,621,Salt,Resource,173,Fort Oranje,4,0.05,1,440.0,False
2026-09-12,other,621,Salt,Resource,175,Fort Zoutman,4,0.05,1,51.0,False
2026-09-12,other,621,Salt,Resource,156,Fort-Royal,4,0.05,1,342.0,False
2026-09-12,other,621,Salt,Resource,183,Galdonas,4,0.05,1,10.0,False
2026-09-12,other,621,Salt,Resource,311,Gasparilla,4,0.05,1,117.0,False
2026-09-12,other,621,Salt,Resource,72,George Town,4,0.05,1,118.0,False
2026-09-12,other,621,Salt,Resource,18,George's Town,4,0.05,1,59.0,False
2026-09-12,other,621,Salt,Resource,334,Georgetown,4,0.05,1,2.0,False
2026-09-12,other,621,Salt,Resource,201,Gibraltar,4,0.05,1,4.0,False
2026-09-12,other,621,Salt,Resource,16,Governor's Harbour,4,0.05,1,89.0,False
2026-09-12,other,621,Salt,Resource,240,Gracias a Dios,4,0.05,1,187.0,False
2026-09-12,other,621,Salt,Resource,33,Grand Turk,4,0.05,1,410.0,False
2026-09-12,other,621,Salt,Resource,231,Great Corn,4,0.05,1,783.0,False
2026-09-12,other,621,Salt,Resource,233,Great River,4,0.05,1,202.0,False
2026-09-12,other,621,Salt,Resource,374,Guacata,4,0.05,1,18.0,False
2026-09-12,other,621,Salt,Resource,179,Guayaguayare,4,0.05,1,102.0,False
2026-09-12,other,621,Salt,Resource,117,Guayama,4,0.05,1,91.0,False
2026-09-12,other,621,Salt,Resource,133,Gustavia,4,0.05,1,103.0,False
2026-09-12,other,621,Salt,Resource,119,Guánica,4,0.05,1,14.0,False
2026-09-12,other,621,Salt,Resource,15,Harbour Island,4,0.05,1,54.0,False
2026-09-12,other,621,Salt,Resource,130,Hat Island,4,0.05,1,16.0,False
2026-09-12,other,621,Salt,Resource,106,Higüey,4,0.05,1,19.0,False
2026-09-12,other,621,Salt,Resource,316,Islamorada,4,0.05,1,29.0,False
2026-09-12,other,621,Salt,Resource,370,Island Harbour,4,0.05,1,342.0,False
2026-09-12,other,621,Salt,Resource,83,Jacmel,4,0.05,1,55.0,False
2026-09-12,other,621,Salt,Resource,88,Jérémie,4,0.05,1,161.0,False
2026-09-12,other,621,Salt,Resource,313,Key West,4,0.05,1,280.0,False
2026-09-12,other,621,Salt,Resource,357,Kidd's Harbour,4,0.05,1,1.0,False
2026-09-12,other,621,Salt,Resource,79,Kingston / Port Royal,4,0.05,1,39.0,False
2026-09-12,other,621,Salt,Resource,162,Kingstown,4,0.05,1,95.0,False
2026-09-12,other,621,Salt,Resource,42,La Anguila,4,0.05,1,3.0,False
2026-09-12,other,621,Salt,Resource,170,La Blanquilla,4,0.05,1,101.0,False
2026-09-12,other,621,Salt,Resource,363,La Desconocida,4,0.05,1,21.0,False
2026-09-12,other,621,Salt,Resource,38,La Habana,4,0.05,1,46.0,False
2026-09-12,other,621,Salt,Resource,100,La Isabela,4,0.05,1,52.0,False
2026-09-12,other,621,Salt,Resource,112,La Mona,4,0.05,1,20.0,False
2026-09-12,other,621,Salt,Resource,85,La Navasse,4,0.05,1,245.0,False
2026-09-12,other,621,Salt,Resource,171,La Orchilla,4,0.05,1,12.0,False
2026-09-12,other,621,Salt,Resource,96,La Tortue,4,0.05,1,401.0,False
2026-09-12,other,621,Salt,Resource,187,La Tortuga,4,0.05,1,15.0,False
2026-09-12,other,621,Salt,Resource,154,La Trinité,4,0.05,1,21.0,False
2026-09-12,other,621,Salt,Resource,172,Las Aves,4,0.05,1,80.0,False
2026-09-12,other,621,Salt,Resource,307,Las Sabinas,4,0.05,1,39.0,False
2026-09-12,other,621,Salt,Resource,314,Las Tortugas,4,0.05,1,134.0,False
2026-09-12,other,621,Salt,Resource,86,Les Cayes,4,0.05,1,105.0,False
2026-09-12,other,621,Salt,Resource,8,Little Harbour,4,0.05,1,10.0,False
2026-09-12,other,621,Salt,Resource,29,Little Inagua,4,0.05,1,52.0,False
2026-09-12,other,621,Salt,Resource,362,Little Isaac Rocks,4,0.05,1,5.0,False
2026-09-12,other,621,Salt,Resource,90,Léogane,4,0.05,1,10.0,False
2026-09-12,other,621,Salt,Resource,105,Macao,4,0.05,1,180.0,False
2026-09-12,other,621,Salt,Resource,358,Mangrove Cay,4,0.05,1,3.0,False
2026-09-12,other,621,Salt,Resource,55,Manzanillo,4,0.05,1,222.0,False
2026-09-12,other,621,Salt,Resource,204,Maracaibo,4,0.05,1,50.0,False
2026-09-12,other,621,Salt,Resource,131,Marigot,4,0.05,1,49.0,False
2026-09-12,other,621,Salt,Resource,9,Marsh Harbour,4,0.05,1,85.0,False
2026-09-12,other,621,Salt,Resource,39,Matanzas,4,0.05,1,2.0,False
2026-09-12,other,621,Salt,Resource,227,Matina,4,0.05,1,511.0,False
2026-09-12,other,621,Salt,Resource,26,Mayaguana,4,0.05,1,33.0,False
2026-09-12,other,621,Salt,Resource,197,Mitara,4,0.05,1,24.0,False
2026-09-12,other,621,Salt,Resource,12,Morgan's Bluff,4,0.05,1,9.0,False
2026-09-12,other,621,Salt,Resource,27,Mortimer Town,4,0.05,1,132.0,False
2026-09-12,other,621,Salt,Resource,14,Nassau,4,0.05,1,434.0,False
2026-09-12,other,621,Salt,Resource,297,Nouvelle-Orléans,4,0.05,1,69.0,False
2026-09-12,other,621,Salt,Resource,46,Nuevitas,4,0.05,1,547.0,False
2026-09-12,other,621,Salt,Resource,235,Old Providence,4,0.05,1,34.0,False
2026-09-12,other,621,Salt,Resource,250,Omoa,4,0.05,1,34.0,False
2026-09-12,other,621,Salt,Resource,136,Oranjestad,4,0.05,1,166.0,False
2026-09-12,other,621,Salt,Resource,185,Pampatar,4,0.05,1,22.0,False
2026-09-12,other,621,Salt,Resource,30,Parrot Cay,4,0.05,1,56.0,False
2026-09-12,other,621,Salt,Resource,180,Pedernales,4,0.05,1,50.0,False
2026-09-12,other,621,Salt,Resource,352,Pedro Cay,4,0.05,1,23.0,False
2026-09-12,other,621,Salt,Resource,301,Penzacola,4,0.05,1,27.0,False
2026-09-12,other,621,Salt,Resource,203,Perijá,4,0.05,1,6.0,False
2026-09-12,other,621,Salt,Resource,65,Pinar del Río,4,0.05,1,63.0,False
2026-09-12,other,621,Salt,Resource,23,Pitt's Town,4,0.05,1,1396.0,False
2026-09-12,other,621,Salt,Resource,252,Placentia,4,0.05,1,28.0,False
2026-09-12,other,621,Salt,Resource,218,Playón,4,0.05,1,61.0,False
2026-09-12,other,621,Salt,Resource,145,Pointe-à-Pitre,4,0.05,1,43.0,False
2026-09-12,other,621,Salt,Resource,77,Port Antonio,4,0.05,1,56.0,False
2026-09-12,other,621,Salt,Resource,91,Port-au-Prince,4,0.05,1,50.0,False
2026-09-12,other,621,Salt,Resource,95,Port-de-Paix,4,0.05,1,105.0,False
2026-09-12,other,621,Salt,Resource,54,Portillo,4,0.05,1,510.0,False
2026-09-12,other,621,Salt,Resource,220,Portobelo,4,0.05,1,1807.0,False
2026-09-12,other,621,Salt,Resource,194,Puerto Cabello,4,0.05,1,1.0,False
2026-09-12,other,621,Salt,Resource,169,Puerto de España,4,0.05,1,15.0,False
2026-09-12,other,621,Salt,Resource,49,Puerto de Nipe,4,0.05,1,22.0,False
2026-09-12,other,621,Salt,Resource,51,Puerto Escondido,4,0.05,1,114.0,False
2026-09-12,other,621,Salt,Resource,101,Puerto Plata,4,0.05,1,73.0,False
2026-09-12,other,621,Salt,Resource,271,Puerto Real,4,0.05,1,29.0,False
2026-09-12,other,621,Salt,Resource,191,Píritu,4,0.05,1,5.0,False
2026-09-12,other,621,Salt,Resource,21,Ragged Cay,4,0.05,1,1.0,False
2026-09-12,other,621,Salt,Resource,43,Remedios,4,0.05,1,99.0,False
2026-09-12,other,621,Salt,Resource,5,Road Rocks,4,0.05,1,2.0,False
2026-09-12,other,621,Salt,Resource,152,Roseau,4,0.05,1,24.0,False
2026-09-12,other,621,Salt,Resource,246,Ruatan,4,0.05,1,27.0,False
2026-09-12,other,621,Salt,Resource,192,Río Chico,4,0.05,1,22.0,False
2026-09-12,other,621,Salt,Resource,209,Río de la Hacha,4,0.05,1,29.0,False
2026-09-12,other,621,Salt,Resource,164,Saint George,4,0.05,1,1.0,False
2026-09-12,other,621,Salt,Resource,355,Saint George's Town,4,0.05,1,618.0,False
2026-09-12,other,621,Salt,Resource,140,Saint John's,4,0.05,1,3.0,False
2026-09-12,other,621,Salt,Resource,296,Saint-Malo,4,0.05,1,99.0,False
2026-09-12,other,621,Salt,Resource,92,Saint-Marc,4,0.05,1,35.0,False
2026-09-12,other,621,Salt,Resource,94,Saint-Nicolas,4,0.05,1,202.0,False
2026-09-12,other,621,Salt,Resource,256,Salamanca,4,0.05,1,17.0,False
2026-09-12,other,621,Salt,Resource,82,Sale-Trou,4,0.05,1,110.0,False
2026-09-12,other,621,Salt,Resource,104,Samaná,4,0.05,1,377.0,False
2026-09-12,other,621,Salt,Resource,326,San Agustín,4,0.05,1,6.0,False
2026-09-12,other,621,Salt,Resource,236,San Andrés,4,0.05,1,54.0,False
2026-09-12,other,621,Salt,Resource,303,San José,4,0.05,1,38.0,False
2026-09-12,other,621,Salt,Resource,115,San Juan,4,0.05,1,448.0,False
2026-09-12,other,621,Salt,Resource,228,San Juan del Norte,4,0.05,1,13.0,False
2026-09-12,other,621,Salt,Resource,62,San Lazaro,4,0.05,1,4.0,False
2026-09-12,other,621,Salt,Resource,305,San Marcos,4,0.05,1,25.0,False
2026-09-12,other,621,Salt,Resource,56,Santa Cruz,4,0.05,1,9.0,False
2026-09-12,other,621,Salt,Resource,68,Santa Fe,4,0.05,1,8.0,False
2026-09-12,other,621,Salt,Resource,210,Santa Marta,4,0.05,1,58.0,False
2026-09-12,other,621,Salt,Resource,57,Santa María,4,0.05,1,1882.0,False
2026-09-12,other,621,Salt,Resource,348,Santanillas,4,0.05,1,38.0,False
2026-09-12,other,621,Salt,Resource,52,Santiago de Cuba,4,0.05,1,76.0,False
2026-09-12,other,621,Salt,Resource,108,Santo Domingo,4,0.05,1,62.0,False
2026-09-12,other,621,Salt,Resource,176,Santo Tomé de Guayana,4,0.05,1,54.0,False
2026-09-12,other,621,Salt,Resource,81,Savanna la Mar,4,0.05,1,98.0,False
2026-09-12,other,621,Salt,Resource,331,Savannah,4,0.05,1,2.0,False
2026-09-12,other,621,Salt,Resource,165,Scarborough,4,0.05,1,66.0,False
2026-09-12,other,621,Salt,Resource,266,Selam,4,0.05,1,13.0,False
2026-09-12,other,621,Salt,Resource,349,Serrana,4,0.05,1,88.0,False
2026-09-12,other,621,Salt,Resource,366,Shroud Cay,4,0.05,1,5.0,False
2026-09-12,other,621,Salt,Resource,71,Siguanea,4,0.05,1,5.0,False
2026-09-12,other,621,Salt,Resource,268,Sisal,4,0.05,1,714.0,False
2026-09-12,other,621,Salt,Resource,127,Spanish Town,4,0.05,1,29.0,False
2026-09-12,other,621,Salt,Resource,309,Tampa,4,0.05,1,76.0,False
2026-09-12,other,621,Salt,Resource,263,Tantun Cuzamil,4,0.05,1,48.0,False
2026-09-12,other,621,Salt,Resource,213,Tolú,4,0.05,1,460.0,False
2026-09-12,other,621,Salt,Resource,59,Trinidad,4,0.05,1,177.0,False
2026-09-12,other,621,Salt,Resource,244,Truxillo,4,0.05,1,154.0,False
2026-09-12,other,621,Salt,Resource,343,Tumbado,4,0.05,1,45.0,False
2026-09-12,other,621,Salt,Resource,254,Turneffe,4,0.05,1,22.0,False
2026-09-12,other,621,Salt,Resource,6,Turtle Cay,4,0.05,1,27.0,False
2026-09-12,other,621,Salt,Resource,276,Vera Cruz,4,0.05,1,532.0,False
2026-09-12,other,621,Salt,Resource,273,Victoria,4,0.05,1,124.0,False
2026-09-12,other,621,Salt,Resource,159,Vieux-Fort,4,0.05,1,66.0,False
2026-09-12,other,621,Salt,Resource,3,Walker's Cay,4,0.05,1,15.0,False
2026-09-12,other,621,Salt,Resource,360,Water Bay,4,0.05,1,5.0,False
2026-09-12,other,621,Salt,Resource,22,Watlings,4,0.05,1,12.0,False
2026-09-12,other,621,Salt,Resource,4,West End,4,0.05,1,70.0,False
2026-09-12,other,621,Salt,Resource,174,Willemstad,4,0.05,1,365.0,False
2026-09-12,other,621,Salt,Resource,364,William's Bay,4,0.05,1,34.0,False
2026-09-12,other,621,Salt,Resource,335,Wilmington,4,0.05,1,9.0,False
2026-09-12,other,621,Salt,Resource,262,Xpu Ha,4,0.05,1,2.0,False
2026-09-12,other,621,Salt,Resource,181,Yaguaraparo,4,0.05,1,24.0,False
2026-09-12,other,815,Salted pork,Resource,146,Basse-Terre,16,0.05,8,54943.0,False
2026-09-12,other,815,Salted pork,Resource,161,Bridgetown,16,0.05,8,55087.0,False
2026-09-12,other,815,Salted pork,Resource,116,Fajardo,16,0.05,8,54943.0,False
2026-09-12,other,815,Salted pork,Resource,156,Fort-Royal,16,0.05,8,54943.0,False
2026-09-12,other,815,Salted pork,Resource,133,Gustavia,16,0.05,8,54943.0,False
2026-09-12,other,815,Salted pork,Resource,162,Kingstown,16,0.05,8,55143.0,False
2026-09-12,other,815,Salted pork,Resource,136,Oranjestad,16,0.05,8,54943.0,False
2026-09-12,other,815,Salted pork,Resource,115,San Juan,16,0.05,8,54943.0,False
2026-09-12,other,593,Sealed Bottle,EventSpawnerItem,85,La Navasse,2,0.05,1,1.0,False
2026-09-12,other,794,Sevilla Muskets,Resource,38,La Habana,1727,0.05,822,1530.0,False
2026-09-12,other,830,Sevres Stained Glass,Resource,156,Fort-Royal,518,0.05,247,4232.0,False
2026-09-12,other,1884,Silk,Resource,161,Bridgetown,518,0.05,247,4439.0,False
2026-09-12,other,1884,Silk,Resource,129,Christiansted,518,0.05,247,4232.0,False
2026-09-12,other,1884,Silk,Resource,156,Fort-Royal,518,0.05,247,4232.0,False
2026-09-12,other,1884,Silk,Resource,119,Guánica,518,0.05,247,4232.0,False
2026-09-12,other,1884,Silk,Resource,136,Oranjestad,518,0.05,247,4232.0,False
2026-09-12,other,1884,Silk,Resource,164,Saint George,518,0.05,247,4177.0,False
2026-09-12,other,1884,Silk,Resource,115,San Juan,518,0.05,247,4232.0,False
2026-09-12,other,796,Spanish Dried Fruits,Resource,38,La Habana,119,0.05,57,10458.0,False
2026-09-12,other,809,Suffolk Cheese,Resource,79,Kingston / Port Royal,119,0.05,57,10833.0,False
2026-09-12,other,606,Sugar,Resource,50,Baracoa,249,0.05,118,12549.0,False
2026-09-12,other,606,Sugar,Resource,106,Higüey,249,0.05,118,12549.0,False
2026-09-12,other,606,Sugar,Resource,38,La Habana,249,0.05,118,12549.0,False
2026-09-12,other,606,Sugar,Resource,96,La Tortue,249,0.05,118,12549.0,False
2026-09-12,other,606,Sugar,Resource,39,Matanzas,249,0.05,118,12549.0,False
2026-09-12,other,606,Sugar,Resource,91,Port-au-Prince,249,0.05,118,12549.0,False
2026-09-12,other,606,Sugar,Resource,52,Santiago de Cuba,249,0.05,118,12549.0,False
2026-09-12,other,606,Sugar,Resource,108,Santo Domingo,249,0.05,118,12549.0,False
2026-09-12,other,843,Suriname Indigo,Resource,14,Nassau,518,0.05,247,4232.0,False
2026-09-12,other,836,Swedish flax,Resource,23,Pitt's Town,16,0.05,8,54943.0,False
2026-09-12,other,37,Swedish Iron,Resource,23,Pitt's Town,249,0.05,118,12549.0,False
2026-09-12,other,1862,Tequila,Resource,38,La Habana,249,0.05,118,12585.0,False
2026-09-12,other,1862,Tequila,Resource,96,La Tortue,249,0.05,118,12549.0,False
2026-09-12,other,1862,Tequila,Resource,46,Nuevitas,249,0.05,118,12549.0,False
2026-09-12,other,1862,Tequila,Resource,65,Pinar del Río,249,0.05,118,12565.0,False
2026-09-12,other,1862,Tequila,Resource,91,Port-au-Prince,249,0.05,118,12549.0,False
2026-09-12,other,1862,Tequila,Resource,104,Samaná,249,0.05,118,12549.0,False
2026-09-12,other,1862,Tequila,Resource,52,Santiago de Cuba,249,0.05,118,12549.0,False
2026-09-12,other,1862,Tequila,Resource,108,Santo Domingo,249,0.05,118,12550.0,False
2026-09-12,other,811,Textile Machinery,Resource,79,Kingston / Port Royal,1727,0.05,822,1530.0,False
2026-09-12,other,1882,Tomato,Resource,193,Caracas,16,0.05,8,54943.0,False
2026-09-12,other,1882,Tomato,Resource,212,Cartagena de Indias,16,0.05,8,54943.0,False
2026-09-12,other,1882,Tomato,Resource,204,Maracaibo,16,0.05,8,55009.0,False
2026-09-12,other,1882,Tomato,Resource,169,Puerto de España,16,0.05,8,54943.0,False
2026-09-12,other,1882,Tomato,Resource,174,Willemstad,16,0.05,8,54943.0,False
2026-09-12,other,800,Vermont Maple Sugar,Resource,329,Brunswick,249,0.05,118,12549.0,False
2026-09-12,other,800,Vermont Maple Sugar,Resource,333,Charleston,249,0.05,118,12549.0,False
2026-09-12,other,800,Vermont Maple Sugar,Resource,297,Nouvelle-Orléans,249,0.05,118,12549.0,False
2026-09-12,other,800,Vermont Maple Sugar,Resource,303,San José,249,0.05,118,12549.0,False
2026-09-12,other,831,Versailles Terracotta,Resource,156,Fort-Royal,518,0.05,247,4232.0,False
2026-09-12,other,1865,Whiskey,Resource,79,Kingston / Port Royal,518,0.05,247,4232.0,False
2026-09-12,other,1856,White Pepper,Resource,14,Nassau,249,0.05,118,12549.0,False
2026-09-12,other,808,Wool,Resource,253,Belize,249,0.05,118,12549.0,False
2026-09-12,other,808,Wool,Resource,230,Bluefields,249,0.05,118,12549.0,False
2026-09-12,other,808,Wool,Resource,72,George Town,249,0.05,118,12549.0,False
2026-09-12,other,808,Wool,Resource,233,Great River,249,0.05,118,12549.0,False
2026-09-12,other,808,Wool,Resource,79,Kingston / Port Royal,249,0.05,118,12549.0,False
2026-09-12,other,808,Wool,Resource,220,Portobelo,249,0.05,118,12549.0,False
